Term,Stamm,Sprache,Zeitraum
മലയാളം,മല,Malayalam,1200 CE - present (disputed)
മലയാളം,അളം,Malayalam,1200 CE - present (disputed)
മലയാളം,ആൾ,Malayalam,1200 CE - present (disputed)
മലയാളം,-അം,Malayalam,1200 CE - present (disputed)
അമ്മ,*amma,Proto-Dravidian,3000 BCE - 1500 BCE (disputed)
അച്ഛൻ,आर्य,Sanskrit,1500 BCE - present (liturgical/classical)
നായ,*naH-ay,Proto-Dravidian,3000 BCE - 1500 BCE (disputed)
രാത്രി,रात्रि,Sanskrit,1500 BCE - present (liturgical/classical)
എലി,*eli,Proto-Dravidian,3000 BCE - 1500 BCE (disputed)
മഴ,*maẓay,Proto-Dravidian,3000 BCE - 1500 BCE (disputed)
പുസ്തകം,पुस्तक,Sanskrit,1500 BCE - present (liturgical/classical)
ഗൃഹം,गृह,Sanskrit,1500 BCE - present (liturgical/classical)
വീട്,*wīṭu,Proto-Dravidian,3000 BCE - 1500 BCE (disputed)
ഹിമം,हिम,Sanskrit,1500 BCE - present (liturgical/classical)
കൂട്,*kūṭu,Proto-Dravidian,3000 BCE - 1500 BCE (disputed)
മരം,*maram,Proto-Dravidian,3000 BCE - 1500 BCE (disputed)
പക്ഷി,पक्ष,Sanskrit,1500 BCE - present (liturgical/classical)
വില്ല്,*wil,Proto-Dravidian,3000 BCE - 1500 BCE (disputed)
നെല്ല്,*nel,Proto-Dravidian,3000 BCE - 1500 BCE (disputed)
യോശുവ,יְהוֹשֻׁעַ,Hebrew,900 BCE - 500 CE
കാപ്പി,coffee,English,1550 CE - present
സഞ്ചാരം,संचार,Hindi,not available
ലക്ഷം,लक्ष,Sanskrit,1500 BCE - present (liturgical/classical)
ചെറുനാരങ്ങ,ചെറു,Malayalam,1200 CE - present (disputed)
ചെറുനാരങ്ങ,നാരങ്ങ,Malayalam,1200 CE - present (disputed)
കർണ്ണം,कर्ण,Sanskrit,1500 BCE - present (liturgical/classical)
ഇടിയപ്പം,ഇടി,Malayalam,1200 CE - present (disputed)
ഇടിയപ്പം,അപ്പം,Malayalam,1200 CE - present (disputed)
സംസ്കൃതം,संस्कृतम्,Sanskrit,1500 BCE - present (liturgical/classical)
വഴുതനങ്ങ,വഴുതന,Malayalam,1200 CE - present (disputed)
വഴുതനങ്ങ,കായ,Malayalam,1200 CE - present (disputed)
ജലം,जल,Sanskrit,1500 BCE - present (liturgical/classical)
ഈ,*iH,Proto-Dravidian,3000 BCE - 1500 BCE (disputed)
സാമ്രാജ്യം,साम्राज्य,Sanskrit,1500 BCE - present (liturgical/classical)
പശു,पशु,Sanskrit,1500 BCE - present (liturgical/classical)
ജനനം,जन्म,Sanskrit,1500 BCE - present (liturgical/classical)
ഭാഷ,भाषा,Sanskrit,1500 BCE - present (liturgical/classical)
ലിംഗം,लिङ्ग,Sanskrit,1500 BCE - present (liturgical/classical)
ആ,*aH,Proto-Dravidian,3000 BCE - 1500 BCE (disputed)
രാജാവ്,राजन्,Sanskrit,1500 BCE - present (liturgical/classical)
രാജാവ്,*Hrā́ȷ́ā,Proto-Indo-Aryan,2000 BCE - 1500 BCE
രാജാവ്,*Hrā́ȷ́ā,Proto-Indo-Iranian,2200 BCE - 1800 BCE
രാജാവ്,*h₃rḗǵs,Proto-Indo-European,4500 BCE - 2500 BCE
ദിവസം,दिवस,Sanskrit,1500 BCE - present (liturgical/classical)
നിമിഷം,निमिष,Sanskrit,1500 BCE - present (liturgical/classical)
മാസം,मास,Sanskrit,1500 BCE - present (liturgical/classical)
മേശ,mesa,Portuguese,1516 CE - present
മേശ,mesa,Old Portuguese,870 CE - 1400 CE
മേശ,mēnsa,Latin,700 BCE - 500 CE
വാഴപ്പഴം,വാഴ,Malayalam,1200 CE - present (disputed)
വാഴപ്പഴം,പഴം,Malayalam,1200 CE - present (disputed)
ഹൃദയം,हृदय,Sanskrit,1500 BCE - present (liturgical/classical)
മാംസം,मांस,Sanskrit,1500 BCE - present (liturgical/classical)
ഒന്ന്,*onṯu,Proto-Dravidian,3000 BCE - 1500 BCE (disputed)
മത്സ്യം,मत्स्य,Sanskrit,1500 BCE - present (liturgical/classical)
മീൻ,*mīn,Proto-Dravidian,3000 BCE - 1500 BCE (disputed)
സ്ത്രീ,स्त्री,Sanskrit,1500 BCE - present (liturgical/classical)
കണ്ണ്,*kaṇ,Proto-Dravidian,3000 BCE - 1500 BCE (disputed)
തടാകം,तटाक,Sanskrit,1500 BCE - present (liturgical/classical)
കാർ,*kār,Proto-Dravidian,3000 BCE - 1500 BCE (disputed)
പോകുക,*pō-,Proto-Dravidian,3000 BCE - 1500 BCE (disputed)
പന്നി,*panṯi,Proto-Dravidian,3000 BCE - 1500 BCE (disputed)
സിംഹം,सिंह,Sanskrit,1500 BCE - present (liturgical/classical)
തല,*talay,Proto-Dravidian,3000 BCE - 1500 BCE (disputed)
ഞായറാഴ്ച,ഞായര്‍,Malayalam,1200 CE - present (disputed)
ഞായറാഴ്ച,ആഴ്ച,Malayalam,1200 CE - present (disputed)
വില,*wil,Proto-Dravidian,3000 BCE - 1500 BCE (disputed)
യേശു,یشوع,Persian,1000 CE - present
യേശു,ישוע,Aramaic,not available
യേശു,ישוע,Hebrew,900 BCE - 500 CE
ചേട്ട,श्रेष्ठिन्,Sanskrit,1500 BCE - present (liturgical/classical)
നെയ്യ്,*ney,Proto-Dravidian,3000 BCE - 1500 BCE (disputed)
പേര്,*picar,Proto-Dravidian,3000 BCE - 1500 BCE (disputed)
ഞാൻ,*yāṉ,Proto-Dravidian,3000 BCE - 1500 BCE (disputed)
ഇത്,*ī,Proto-Dravidian,3000 BCE - 1500 BCE (disputed)
ക്ലാസ്,class,English,1550 CE - present
അധ്യാപകൻ,अध्यापक,Sanskrit,1500 BCE - present (liturgical/classical)
വിദ്യാർത്ഥി,विद्यार्थिन्,Sanskrit,1500 BCE - present (liturgical/classical)
വേദന,वेदना,Sanskrit,1500 BCE - present (liturgical/classical)
എന്ത്,*yĀ,Proto-Dravidian,3000 BCE - 1500 BCE (disputed)
നീ,*nīn,Proto-Dravidian,3000 BCE - 1500 BCE (disputed)
അക്ഷരം,अक्षर,Sanskrit,1500 BCE - present (liturgical/classical)
ക്രിയ,क्रिया,Sanskrit,1500 BCE - present (liturgical/classical)
ചരിത്രം,चरित्र,Sanskrit,1500 BCE - present (liturgical/classical)
ശബ്ദകോശം,शब्दकोश,Sanskrit,1500 BCE - present (liturgical/classical)
നരകം,नरक,Sanskrit,1500 BCE - present (liturgical/classical)
നാഗം,नाग,Sanskrit,1500 BCE - present (liturgical/classical)
പാമ്പ്,*pāmpu,Proto-Dravidian,3000 BCE - 1500 BCE (disputed)
ഇന്ദ്രൻ,इन्द्र,Sanskrit,1500 BCE - present (liturgical/classical)
നാമവിശേഷണം,നാമം,Malayalam,1200 CE - present (disputed)
നാമവിശേഷണം,വിശേഷണം,Malayalam,1200 CE - present (disputed)
വ്യാകരണം,व्याकरण,Sanskrit,1500 BCE - present (liturgical/classical)
വിശേഷണം,विशेषण,Sanskrit,1500 BCE - present (liturgical/classical)
ബഹുവചനം,बहुवचन,Sanskrit,1500 BCE - present (liturgical/classical)
ക്രിയാവിശേഷണം,क्रियाविशेषण,Sanskrit,1500 BCE - present (liturgical/classical)
ഉപസർഗം,उपसर्ग,Sanskrit,1500 BCE - present (liturgical/classical)
പ്രത്യയം,प्रत्यय,Sanskrit,1500 BCE - present (liturgical/classical)
അവ്യയം,अव्यय,Sanskrit,1500 BCE - present (liturgical/classical)
മാർജ്ജാരൻ,मार्जार,Sanskrit,1500 BCE - present (liturgical/classical)
പർവ്വതം,पर्वत,Sanskrit,1500 BCE - present (liturgical/classical)
പര്യായം,पर्याय,Sanskrit,1500 BCE - present (liturgical/classical)
കല്ല്,*kal,Proto-Dravidian,3000 BCE - 1500 BCE (disputed)
കാലം,काल,Sanskrit,1500 BCE - present (liturgical/classical)
പല്ല്,*pal,Proto-Dravidian,3000 BCE - 1500 BCE (disputed)
വിജ്ഞാനശാസ്ത്രം,വിജ്ഞാനം,Malayalam,1200 CE - present (disputed)
വിജ്ഞാനശാസ്ത്രം,ശാസ്‌ത്രം,Malayalam,1200 CE - present (disputed)
കൊടുങ്കാറ്റ്,കൊടും,Malayalam,1200 CE - present (disputed)
കൊടുങ്കാറ്റ്,കാറ്റ്,Malayalam,1200 CE - present (disputed)
ശക്തി,शक्ति,Sanskrit,1500 BCE - present (liturgical/classical)
വനം,वन,Sanskrit,1500 BCE - present (liturgical/classical)
പുലി,*puli,Proto-Dravidian,3000 BCE - 1500 BCE (disputed)
കായ,*kāy,Proto-Dravidian,3000 BCE - 1500 BCE (disputed)
മാങ്ങ,*maṯ-kāy,Proto-Dravidian,3000 BCE - 1500 BCE (disputed)
മാങ്ങ,മാവ്,Malayalam,1200 CE - present (disputed)
മാങ്ങ,കായ,Malayalam,1200 CE - present (disputed)
പ്ലാവ്,*pal-acV,Proto-Dravidian,3000 BCE - 1500 BCE (disputed)
ആൽമരം,*āl,Proto-Dravidian,3000 BCE - 1500 BCE (disputed)
ആൽമരം,ആൽ,Malayalam,1200 CE - present (disputed)
ആൽമരം,മരം,Malayalam,1200 CE - present (disputed)
പൂവ്,*pū,Proto-Dravidian,3000 BCE - 1500 BCE (disputed)
കോ,*kō,Proto-Dravidian,3000 BCE - 1500 BCE (disputed)
കോട്ട,कोट,Sanskrit,1500 BCE - present (liturgical/classical)
സ്ഥലം,स्थल,Sanskrit,1500 BCE - present (liturgical/classical)
ദേശം,देश,Sanskrit,1500 BCE - present (liturgical/classical)
ദേശാചാരം,देश,Sanskrit,1500 BCE - present (liturgical/classical)
നാട്,*nāṭu,Proto-Dravidian,3000 BCE - 1500 BCE (disputed)
ആണ്‍കുട്ടി,ആണ്‍,Malayalam,1200 CE - present (disputed)
ആണ്‍കുട്ടി,കുട്ടി,Malayalam,1200 CE - present (disputed)
പെൺ,*peṇ,Proto-Dravidian,3000 BCE - 1500 BCE (disputed)
പെണ്‍കുട്ടി,പെണ്‍,Malayalam,1200 CE - present (disputed)
പെണ്‍കുട്ടി,കുട്ടി,Malayalam,1200 CE - present (disputed)
വേര്,*wēr,Proto-Dravidian,3000 BCE - 1500 BCE (disputed)
സസ്യം,सस्य,Sanskrit,1500 BCE - present (liturgical/classical)
ധാന്യം,धान्य,Sanskrit,1500 BCE - present (liturgical/classical)
കരി,*kār,Proto-Dravidian,3000 BCE - 1500 BCE (disputed)
അക്ക,*akka-,Proto-Dravidian,3000 BCE - 1500 BCE (disputed)
ഭുതി,भुति,Sanskrit,1500 BCE - present (liturgical/classical)
റഫ്രിജറേറ്റർ,refrigerator,English,1550 CE - present
ഫ്രിഡ്ജ്,fridge,English,1550 CE - present
ഔഷധം,औषध,Sanskrit,1500 BCE - present (liturgical/classical)
കടമ്പു,कदम्ब,Sanskrit,1500 BCE - present (liturgical/classical)
വൃക്ഷം,वृक्ष,Sanskrit,1500 BCE - present (liturgical/classical)
ചത,*čatay,Proto-Dravidian,3000 BCE - 1500 BCE (disputed)
തച,*tačay,Proto-Dravidian,3000 BCE - 1500 BCE (disputed)
കൂണ്,*kūnt(t),Proto-Dravidian,3000 BCE - 1500 BCE (disputed)
ദിനം,दिन,Sanskrit,1500 BCE - present (liturgical/classical)
സമയം,समय,Sanskrit,1500 BCE - present (liturgical/classical)
വെള്ള,*weḷ,Proto-Dravidian,3000 BCE - 1500 BCE (disputed)
തന്ത,*tantay,Proto-Dravidian,3000 BCE - 1500 BCE (disputed)
തന്ത,*tanṯi,Proto-Dravidian,3000 BCE - 1500 BCE (disputed)
ഇന്ന്,*ī,Proto-Dravidian,3000 BCE - 1500 BCE (disputed)
താരം,तारा,Sanskrit,1500 BCE - present (liturgical/classical)
ജയം,जय,Sanskrit,1500 BCE - present (liturgical/classical)
ആയിരം,सहस्र,Sanskrit,1500 BCE - present (liturgical/classical)
പതിനായിരം,പത്ത്,Malayalam,1200 CE - present (disputed)
പതിനായിരം,ആയിരം,Malayalam,1200 CE - present (disputed)
മാലാഖ,ܡܠܐܟܐ,Classical Syriac,not available
അത്,*a-,Proto-Dravidian,3000 BCE - 1500 BCE (disputed)
അവൻ,*a-,Proto-Dravidian,3000 BCE - 1500 BCE (disputed)
ഇവൻ,*ī,Proto-Dravidian,3000 BCE - 1500 BCE (disputed)
താൻ,*tāṉ,Proto-Dravidian,3000 BCE - 1500 BCE (disputed)
നാം,*ñăm,Proto-Dravidian,3000 BCE - 1500 BCE (disputed)
കുറ്റസമ്മതം,കുറ്റം,Malayalam,1200 CE - present (disputed)
കുറ്റസമ്മതം,സമ്മതം,Malayalam,1200 CE - present (disputed)
വണ്ടി,भाण्ड,Sanskrit,1500 BCE - present (liturgical/classical)
പാപം,पाप,Sanskrit,1500 BCE - present (liturgical/classical)
ഝഷം,झष,Sanskrit,1500 BCE - present (liturgical/classical)
മോഹം,मोह,Sanskrit,1500 BCE - present (liturgical/classical)
രക്തം,रक्त,Sanskrit,1500 BCE - present (liturgical/classical)
ഉള്ളി,*uḷḷi,Proto-Dravidian,3000 BCE - 1500 BCE (disputed)
മകൾ,*mak-aḷ,Proto-Dravidian,3000 BCE - 1500 BCE (disputed)
അനുജൻ,अनुज,Sanskrit,1500 BCE - present (liturgical/classical)
ഭാര്യ,भार्या,Sanskrit,1500 BCE - present (liturgical/classical)
ഘനം,घन,Sanskrit,1500 BCE - present (liturgical/classical)
നീലം,नील,Sanskrit,1500 BCE - present (liturgical/classical)
കറുപ്പ്,*kār,Proto-Dravidian,3000 BCE - 1500 BCE (disputed)
ഓറഞ്ച്,orange,English,1550 CE - present
വെളുപ്പ്,*weḷ,Proto-Dravidian,3000 BCE - 1500 BCE (disputed)
സ്വർണ്ണം,स्वर्ण,Sanskrit,1500 BCE - present (liturgical/classical)
പച്ച,*pac-,Proto-Dravidian,3000 BCE - 1500 BCE (disputed)
മൃഗം,मृग,Sanskrit,1500 BCE - present (liturgical/classical)
വിശേഷം,विशेष,Sanskrit,1500 BCE - present (liturgical/classical)
ഒട്ടകം,उष्ट्र,Sanskrit,1500 BCE - present (liturgical/classical)
കളരിപ്പയറ്റ്,കളരി,Malayalam,1200 CE - present (disputed)
കളരിപ്പയറ്റ്,പയറ്റ്,Malayalam,1200 CE - present (disputed)
ഭാരം,भार,Sanskrit,1500 BCE - present (liturgical/classical)
കഷ്ടം,कष्ट,Sanskrit,1500 BCE - present (liturgical/classical)
ലോഹം,लोह,Sanskrit,1500 BCE - present (liturgical/classical)
കന്നി,कन्या,Sanskrit,1500 BCE - present (liturgical/classical)
തുലാം,तुला,Sanskrit,1500 BCE - present (liturgical/classical)
വൃശ്ചികം,वृश्चिक,Sanskrit,1500 BCE - present (liturgical/classical)
മകരം,मकर,Sanskrit,1500 BCE - present (liturgical/classical)
മേടം,मेष,Sanskrit,1500 BCE - present (liturgical/classical)
മീനം,मीन,Sanskrit,1500 BCE - present (liturgical/classical)
മീനം,*mīn,Proto-Dravidian,3000 BCE - 1500 BCE (disputed)
കുംഭം,कुम्भ,Sanskrit,1500 BCE - present (liturgical/classical)
മിഥുനം,मिथुन,Sanskrit,1500 BCE - present (liturgical/classical)
കർക്കടകം,कर्कटक,Sanskrit,1500 BCE - present (liturgical/classical)
തിങ്കൾ,*tinkaḷ,Proto-Dravidian,3000 BCE - 1500 BCE (disputed)
ബുധൻ,बुध,Sanskrit,1500 BCE - present (liturgical/classical)
വെള്ളി,*weḷ,Proto-Dravidian,3000 BCE - 1500 BCE (disputed)
ശബ്ദം,शब्द,Sanskrit,1500 BCE - present (liturgical/classical)
വായ,*wāy,Proto-Dravidian,3000 BCE - 1500 BCE (disputed)
ലോകം,लोक,Sanskrit,1500 BCE - present (liturgical/classical)
പഞ്ചസാര,पञ्च,Sanskrit,1500 BCE - present (liturgical/classical)
നഖം,नख,Sanskrit,1500 BCE - present (liturgical/classical)
പുരികം,भ्रू,Sanskrit,1500 BCE - present (liturgical/classical)
അരകല്ല്,അര,Malayalam,1200 CE - present (disputed)
അരകല്ല്,കല്ല്,Malayalam,1200 CE - present (disputed)
കത്തിക്കല്ല്,കത്തി,Malayalam,1200 CE - present (disputed)
കത്തിക്കല്ല്,കല്ല്,Malayalam,1200 CE - present (disputed)
ഉരകല്ല്,ഉര,Malayalam,1200 CE - present (disputed)
ഉരകല്ല്,കല്ല്,Malayalam,1200 CE - present (disputed)
ഗുല്ഫം,गुल्फ,Sanskrit,1500 BCE - present (liturgical/classical)
ഗുളിക,गुल,Sanskrit,1500 BCE - present (liturgical/classical)
അല്ലാഹു,اللهُ,Arabic,600 CE - present
അവസ്ഥ,अवस्था,Sanskrit,1500 BCE - present (liturgical/classical)
ശത്രു,शत्रु,Sanskrit,1500 BCE - present (liturgical/classical)
ചൈന,China,English,1550 CE - present
ആഗ്രഹം,आग्रह,Sanskrit,1500 BCE - present (liturgical/classical)
ആഫീസ്,office,English,1550 CE - present
ഓടുക,*ōṭu,Proto-Dravidian,3000 BCE - 1500 BCE (disputed)
മുട്ടുകുത്തുക,മുട്ട്,Malayalam,1200 CE - present (disputed)
മുട്ടുകുത്തുക,കുത്തുക,Malayalam,1200 CE - present (disputed)
അരി,*ari,Proto-Dravidian,3000 BCE - 1500 BCE (disputed)
തേങ്ങ,*tenkāy,Proto-Dravidian,3000 BCE - 1500 BCE (disputed)
പച്ചക്കറി,പച്ച,Malayalam,1200 CE - present (disputed)
പച്ചക്കറി,കറി,Malayalam,1200 CE - present (disputed)
ജീരകം,जीरक,Sanskrit,1500 BCE - present (liturgical/classical)
കഴുത,*kaẓutay,Proto-Dravidian,3000 BCE - 1500 BCE (disputed)
കാക്ക,काक,Sanskrit,1500 BCE - present (liturgical/classical)
കോഴി,*kōẓi,Proto-Dravidian,3000 BCE - 1500 BCE (disputed)
ചന്ദ്രൻ,चन्द्र,Sanskrit,1500 BCE - present (liturgical/classical)
രാജത്വം,राजत्व,Sanskrit,1500 BCE - present (liturgical/classical)
മാപ്പ്,مُعَاف,Arabic,600 CE - present
മാപ്പ്,map,English,1550 CE - present
ഭക്ഷണം,भक्षण,Sanskrit,1500 BCE - present (liturgical/classical)
മാര്‍,ܡܪܝ,Aramaic,not available
ഗർഭം,गर्भ,Sanskrit,1500 BCE - present (liturgical/classical)
ഏലം,*ēla,Proto-Dravidian,3000 BCE - 1500 BCE (disputed)
വാക്ക്,वाक्,Sanskrit,1500 BCE - present (liturgical/classical)
കാരണം,कारण,Sanskrit,1500 BCE - present (liturgical/classical)
വിഗ്രഹം,विग्रह,Sanskrit,1500 BCE - present (liturgical/classical)
പാറ,*pāṯay,Proto-Dravidian,3000 BCE - 1500 BCE (disputed)
ശതകം,शतक,Sanskrit,1500 BCE - present (liturgical/classical)
വ്യഭിചാരം,व्यभिचार,Sanskrit,1500 BCE - present (liturgical/classical)
യാത്രികൻ,यात्रिक,Sanskrit,1500 BCE - present (liturgical/classical)
മാലിന്യം,मालिन्य,Sanskrit,1500 BCE - present (liturgical/classical)
കല,कला,Sanskrit,1500 BCE - present (liturgical/classical)
ഗണിതം,गणित,Sanskrit,1500 BCE - present (liturgical/classical)
ഭക്തി,भक्ति,Sanskrit,1500 BCE - present (liturgical/classical)
ആവശ്യം,अवश्यम्,Sanskrit,1500 BCE - present (liturgical/classical)
സ്വന്തം,स्व,Sanskrit,1500 BCE - present (liturgical/classical)
മദ്യം,मद्य,Sanskrit,1500 BCE - present (liturgical/classical)
ദൂതൻ,दूत,Sanskrit,1500 BCE - present (liturgical/classical)
ചുള്ളിപ്രാണി,ചുള്ളി,Malayalam,1200 CE - present (disputed)
ചുള്ളിപ്രാണി,പ്രാണി,Malayalam,1200 CE - present (disputed)
ദീർഘക്ഷമ,दीर्घ,Sanskrit,1500 BCE - present (liturgical/classical)
ഉദ്ദേശം,उद्देश,Sanskrit,1500 BCE - present (liturgical/classical)
വൈകുന്നേരം,വൈകും,Malayalam,1200 CE - present (disputed)
വൈകുന്നേരം,നേരം,Malayalam,1200 CE - present (disputed)
ഭാഗം,भाग,Sanskrit,1500 BCE - present (liturgical/classical)
സ്ഥാനം,स्थान,Sanskrit,1500 BCE - present (liturgical/classical)
തലസ്ഥാനം,തല,Malayalam,1200 CE - present (disputed)
തലസ്ഥാനം,സ്ഥാനം,Malayalam,1200 CE - present (disputed)
ബാക്കി,بَاقٍ,Arabic,600 CE - present
പുളി,*puḷ,Proto-Dravidian,3000 BCE - 1500 BCE (disputed)
വാൽ,वाल,Sanskrit,1500 BCE - present (liturgical/classical)
മുള്ള്,*muḷ,Proto-Dravidian,3000 BCE - 1500 BCE (disputed)
പുല്ല്,*pul,Proto-Dravidian,3000 BCE - 1500 BCE (disputed)
വിസർഗം,विसर्ग,Sanskrit,1500 BCE - present (liturgical/classical)
പതാക,पताका,Sanskrit,1500 BCE - present (liturgical/classical)
ധ്വജം,ध्वज,Sanskrit,1500 BCE - present (liturgical/classical)
സഭ,सभा,Sanskrit,1500 BCE - present (liturgical/classical)
ശാസ്ത്രം,शास्त्र,Sanskrit,1500 BCE - present (liturgical/classical)
ശാസ്ത്രം,*śāstra,Proto-Indo-Aryan,2000 BCE - 1500 BCE
മന്ത്രം,मन्त्र,Sanskrit,1500 BCE - present (liturgical/classical)
തീവണ്ടി,തീ,Malayalam,1200 CE - present (disputed)
തീവണ്ടി,വണ്ടി,Malayalam,1200 CE - present (disputed)
ചുവപ്പ്,*kem,Proto-Dravidian,3000 BCE - 1500 BCE (disputed)
കളം,*kaḷam,Proto-Dravidian,3000 BCE - 1500 BCE (disputed)
സംഗീതം,संगीत,Sanskrit,1500 BCE - present (liturgical/classical)
സ്വാഗതം,स्वागत,Sanskrit,1500 BCE - present (liturgical/classical)
വഞ്ചിക്കുക,वञ्चन,Sanskrit,1500 BCE - present (liturgical/classical)
പുഴ,*poẓ-,Proto-Dravidian,3000 BCE - 1500 BCE (disputed)
ആറ്,*cāṯu,Proto-Dravidian,3000 BCE - 1500 BCE (disputed)
ആറ്,*yāṯu,Proto-Dravidian,3000 BCE - 1500 BCE (disputed)
ആറ്,*āṯ-,Proto-Dravidian,3000 BCE - 1500 BCE (disputed)
വ്യക്തി,व्यक्ति,Sanskrit,1500 BCE - present (liturgical/classical)
ആള്,*āḷ,Proto-Dravidian,3000 BCE - 1500 BCE (disputed)
ഇവൾ,*ī,Proto-Dravidian,3000 BCE - 1500 BCE (disputed)
ഇവ​ൾ,*ī,Proto-Dravidian,3000 BCE - 1500 BCE (disputed)
അവൾ,*a-,Proto-Dravidian,3000 BCE - 1500 BCE (disputed)
പൊന്ന്,*pon,Proto-Dravidian,3000 BCE - 1500 BCE (disputed)
ഏത്,*yā,Proto-Dravidian,3000 BCE - 1500 BCE (disputed)
മനസ്സ്,मनस्,Sanskrit,1500 BCE - present (liturgical/classical)
ചില്ലക്ഷരം,ചില്ല്,Malayalam,1200 CE - present (disputed)
ചില്ലക്ഷരം,അക്ഷരം,Malayalam,1200 CE - present (disputed)
അവഗ്രഹം,अवग्रह,Sanskrit,1500 BCE - present (liturgical/classical)
പ്രശ്ലേഷം,प्रश्लेषः,Sanskrit,1500 BCE - present (liturgical/classical)
പുഴു,*puẓu,Proto-Dravidian,3000 BCE - 1500 BCE (disputed)
വധം,वध,Sanskrit,1500 BCE - present (liturgical/classical)
വധു,वधू,Sanskrit,1500 BCE - present (liturgical/classical)
കുയിൽ,कोकिल,Sanskrit,1500 BCE - present (liturgical/classical)
തെങ്ങ്,*tenkāy,Proto-Dravidian,3000 BCE - 1500 BCE (disputed)
ഭവനം,भवन,Sanskrit,1500 BCE - present (liturgical/classical)
ഗജം,गज,Sanskrit,1500 BCE - present (liturgical/classical)
ദന്തം,दन्त,Sanskrit,1500 BCE - present (liturgical/classical)
വിപരീതം,विपरीत,Sanskrit,1500 BCE - present (liturgical/classical)
ചെറുതേനീച്ച,ചെറു,Malayalam,1200 CE - present (disputed)
ചെറുതേനീച്ച,തേൻ,Malayalam,1200 CE - present (disputed)
ചെറുതേനീച്ച,ഈച്ച,Malayalam,1200 CE - present (disputed)
തേനീച്ച,തേൻ,Malayalam,1200 CE - present (disputed)
തേനീച്ച,ഈച്ച,Malayalam,1200 CE - present (disputed)
തൊട്ടാവാടി,തൊട്ട്,Malayalam,1200 CE - present (disputed)
തൊട്ടാവാടി,വാടി,Malayalam,1200 CE - present (disputed)
സിന്ദൂരം,सिंदूर,Sanskrit,1500 BCE - present (liturgical/classical)
വയറിളക്കം,വയറ്,Malayalam,1200 CE - present (disputed)
വയറിളക്കം,ഇളക്കം,Malayalam,1200 CE - present (disputed)
ജലദോഷം,ജലം,Malayalam,1200 CE - present (disputed)
ജലദോഷം,ദോഷം,Malayalam,1200 CE - present (disputed)
ജലദോഷം,जल,Sanskrit,1500 BCE - present (liturgical/classical)
ജലദോഷം,दोष,Sanskrit,1500 BCE - present (liturgical/classical)
ഉപദ്രവം,उपद्रव,Sanskrit,1500 BCE - present (liturgical/classical)
കർമ്മം,कर्मन्,Sanskrit,1500 BCE - present (liturgical/classical)
ചെമ്മരിയാട്,ചെമ്മരി,Malayalam,1200 CE - present (disputed)
ചെമ്മരിയാട്,ആട്,Malayalam,1200 CE - present (disputed)
പവിത്രം,पवित्र,Sanskrit,1500 BCE - present (liturgical/classical)
ശുദ്ധം,शुद्ध,Sanskrit,1500 BCE - present (liturgical/classical)
ചെടിച്ചട്ടി,ചെടി,Malayalam,1200 CE - present (disputed)
ചെടിച്ചട്ടി,ചട്ടി,Malayalam,1200 CE - present (disputed)
ശ്രദ്ധ,श्रद्धा,Sanskrit,1500 BCE - present (liturgical/classical)
വെളുത്തീയം,വെളുത്ത,Malayalam,1200 CE - present (disputed)
വെളുത്തീയം,ഈയം,Malayalam,1200 CE - present (disputed)
മതം,मद,Sanskrit,1500 BCE - present (liturgical/classical)
തർക്കം,तर्क,Sanskrit,1500 BCE - present (liturgical/classical)
നീല,नील,Sanskrit,1500 BCE - present (liturgical/classical)
വിശ്വാസം,विश्वास,Sanskrit,1500 BCE - present (liturgical/classical)
പ്രശ്നം,प्रश्न,Sanskrit,1500 BCE - present (liturgical/classical)
രക്ഷിതാവായ,रक्षितव्य,Sanskrit,1500 BCE - present (liturgical/classical)
പരിശുദ്ധ,परिशुद्ध,Sanskrit,1500 BCE - present (liturgical/classical)
മോക്ഷം,मोक्ष,Sanskrit,1500 BCE - present (liturgical/classical)
മൃതശരീരം,मृतशरीरम्,Sanskrit,1500 BCE - present (liturgical/classical)
ദേഹം,देह,Sanskrit,1500 BCE - present (liturgical/classical)
പരിശുദ്ധത,परिशुद्धता,Sanskrit,1500 BCE - present (liturgical/classical)
ശോഭ,शोभा,Sanskrit,1500 BCE - present (liturgical/classical)
ശോകം,शोक,Sanskrit,1500 BCE - present (liturgical/classical)
സിദ്ധന്,सिद्ध,Sanskrit,1500 BCE - present (liturgical/classical)
ദേവത,देवता,Sanskrit,1500 BCE - present (liturgical/classical)
പ്രവാചകന്,प्रवाचक,Sanskrit,1500 BCE - present (liturgical/classical)
കഥ,कथा,Sanskrit,1500 BCE - present (liturgical/classical)
രൂപം,रूप,Sanskrit,1500 BCE - present (liturgical/classical)
ദൃശ്യം,दृश्य,Sanskrit,1500 BCE - present (liturgical/classical)
ക്ഷാമം,क्षाम,Sanskrit,1500 BCE - present (liturgical/classical)
രാജ്യം,राज्य,Sanskrit,1500 BCE - present (liturgical/classical)
വിപ്ലവം,विप्लव,Sanskrit,1500 BCE - present (liturgical/classical)
കാര്യാലയം,कार्यालय,Sanskrit,1500 BCE - present (liturgical/classical)
കാര്യാലയം,കാര്യം,Malayalam,1200 CE - present (disputed)
കാര്യാലയം,ആലയം,Malayalam,1200 CE - present (disputed)
റദ്ദാക്കുക,رد,Arabic,600 CE - present
ആർത്തവം,आर्तव,Sanskrit,1500 BCE - present (liturgical/classical)
അണ്ഡം,अण्ड,Sanskrit,1500 BCE - present (liturgical/classical)
ഗര്‍ഭപാത്രം,ഗര്‍ഭം,Malayalam,1200 CE - present (disputed)
ഗര്‍ഭപാത്രം,പാത്രം,Malayalam,1200 CE - present (disputed)
നാഴികക്കല്ല്,നാഴിക,Malayalam,1200 CE - present (disputed)
നാഴികക്കല്ല്,കല്ല്,Malayalam,1200 CE - present (disputed)
തായോളി,തായ,Malayalam,1200 CE - present (disputed)
തായോളി,ഓളി,Malayalam,1200 CE - present (disputed)
കുലംകുത്തി,കുലം,Malayalam,1200 CE - present (disputed)
കുലംകുത്തി,കുത്തി,Malayalam,1200 CE - present (disputed)
മലബന്ധം,മലം,Malayalam,1200 CE - present (disputed)
മലബന്ധം,ബന്ധം,Malayalam,1200 CE - present (disputed)
ഭീകരവാദി,ഭീകര,Malayalam,1200 CE - present (disputed)
ഭീകരവാദി,വാദി,Malayalam,1200 CE - present (disputed)
തീവ്രവാദം,തീവ്ര,Malayalam,1200 CE - present (disputed)
തീവ്രവാദം,വാദം,Malayalam,1200 CE - present (disputed)
ഭീകരവാദം,ഭീകര,Malayalam,1200 CE - present (disputed)
ഭീകരവാദം,വാദം,Malayalam,1200 CE - present (disputed)
ഉപയോഗം,उपयोग,Sanskrit,1500 BCE - present (liturgical/classical)
തീവ്രവാദി,തീവ്ര,Malayalam,1200 CE - present (disputed)
തീവ്രവാദി,വാദി,Malayalam,1200 CE - present (disputed)
ഉപയോഗിക്കുക,उपयोग,Malayalam,1200 CE - present (disputed)
ഉപയോഗിക്കുക,-ക്കുക,Malayalam,1200 CE - present (disputed)
ചിതൽപുറ്റ്,ചിതൽ,Malayalam,1200 CE - present (disputed)
ചിതൽപുറ്റ്,പുറ്റ്,Malayalam,1200 CE - present (disputed)
നക്ഷത്രം,नक्षत्र,Sanskrit,1500 BCE - present (liturgical/classical)
ചലച്ചിത്ര താരം,ചലച്ചിത്ര,Malayalam,1200 CE - present (disputed)
ചലച്ചിത്ര താരം,താരം,Malayalam,1200 CE - present (disputed)
നായകൻ,नायक,Sanskrit,1500 BCE - present (liturgical/classical)
നേതാവ്,नेता,Sanskrit,1500 BCE - present (liturgical/classical)
പ്രക്രിയ,प्रक्रिया ,Sanskrit,1500 BCE - present (liturgical/classical)
കപടൻ,कपट,Sanskrit,1500 BCE - present (liturgical/classical)
കപടം,कपट,Sanskrit,1500 BCE - present (liturgical/classical)
വൃദ്ധൻ,वृद्ध,Sanskrit,1500 BCE - present (liturgical/classical)
ഇല്ലാതാക്കുക,ഇല്ല,Malayalam,1200 CE - present (disputed)
ഇല്ലാതാക്കുക,ആക്കുക,Malayalam,1200 CE - present (disputed)
പള്ളീലച്ഛൻ,പള്ളി,Malayalam,1200 CE - present (disputed)
പള്ളീലച്ഛൻ,അച്ഛൻ,Malayalam,1200 CE - present (disputed)
മാലയിടുക,മാല,Malayalam,1200 CE - present (disputed)
മാലയിടുക,ഇടുക,Malayalam,1200 CE - present (disputed)
സഹായം,सहाय,Sanskrit,1500 BCE - present (liturgical/classical)
നോക്കുകുത്തി,നോക്ക്,Malayalam,1200 CE - present (disputed)
നോക്കുകുത്തി,കുത്തി,Malayalam,1200 CE - present (disputed)
സ്ഫോടനം,स्फोट,Sanskrit,1500 BCE - present (liturgical/classical)
പൊട്ടിത്തെറിക്കുക,പൊട്ടി,Malayalam,1200 CE - present (disputed)
പൊട്ടിത്തെറിക്കുക,തെറിക്കുക,Malayalam,1200 CE - present (disputed)
പുതുമുഖം,പുതു,Malayalam,1200 CE - present (disputed)
പുതുമുഖം,മുഖം,Malayalam,1200 CE - present (disputed)
മഹാമാരി,മഹാ,Malayalam,1200 CE - present (disputed)
മഹാമാരി,മാരി,Malayalam,1200 CE - present (disputed)
മസ്തിഷ്കജ്വരം,മസ്തിഷ്ക,Malayalam,1200 CE - present (disputed)
മസ്തിഷ്കജ്വരം,ജ്വരം,Malayalam,1200 CE - present (disputed)
വാക്സിൻ,vaccine,English,1550 CE - present
പ്രതിരോധമരുന്ന്,പ്രതിരോധ,Malayalam,1200 CE - present (disputed)
പ്രതിരോധമരുന്ന്,മരുന്ന്,Malayalam,1200 CE - present (disputed)
മെനിഞ്ചൈറ്റിസ്,meningitis ,English,1550 CE - present
കുളവാഴ,കുളം,Malayalam,1200 CE - present (disputed)
കുളവാഴ,വാഴ,Malayalam,1200 CE - present (disputed)
ദ്രാവകം,द्रावक,Sanskrit,1500 BCE - present (liturgical/classical)
ദ്രവ്യം,द्रव्यम्,Sanskrit,1500 BCE - present (liturgical/classical)
വെള്ളപ്പൊക്കം,വെള്ളം,Malayalam,1200 CE - present (disputed)
വെള്ളപ്പൊക്കം,പൊക്കം,Malayalam,1200 CE - present (disputed)
ഉരുൾപൊട്ടൽ,ഉരുൾ,Malayalam,1200 CE - present (disputed)
ഉരുൾപൊട്ടൽ,പൊട്ടൽ,Malayalam,1200 CE - present (disputed)
മണ്ണിടിച്ചിൽ,മണ്ണ്,Malayalam,1200 CE - present (disputed)
മണ്ണിടിച്ചിൽ,ഇടിച്ചിൽ,Malayalam,1200 CE - present (disputed)
കരിയിലക്കിളി,കരിയില,Malayalam,1200 CE - present (disputed)
കരിയിലക്കിളി,കിളി,Malayalam,1200 CE - present (disputed)
കോഴിയിറച്ചി,കോഴി,Malayalam,1200 CE - present (disputed)
കോഴിയിറച്ചി,ഇറച്ചി,Malayalam,1200 CE - present (disputed)
കരിയില,കരി,Malayalam,1200 CE - present (disputed)
കരിയില,ഇല,Malayalam,1200 CE - present (disputed)
പ്രതിജ്ഞ,प्रतिज्ञा,Sanskrit,1500 BCE - present (liturgical/classical)
സത്യം,सत्य,Sanskrit,1500 BCE - present (liturgical/classical)
കാലാവസ്ഥാവ്യതിയാനം,കാലാവസ്ഥ,Malayalam,1200 CE - present (disputed)
കാലാവസ്ഥാവ്യതിയാനം,വ്യതിയാനം,Malayalam,1200 CE - present (disputed)
കാലാവസ്ഥ വ്യതിയാനം,കാലാവസ്ഥ,Malayalam,1200 CE - present (disputed)
കാലാവസ്ഥ വ്യതിയാനം,വ്യതിയാനം,Malayalam,1200 CE - present (disputed)
പ്രധാന,प्रधान,Sanskrit,1500 BCE - present (liturgical/classical)
പ്രധാനം,प्रधान,Sanskrit,1500 BCE - present (liturgical/classical)
ആഗോളതാപനം,ആഗോള,Malayalam,1200 CE - present (disputed)
ആഗോളതാപനം,താപനം,Malayalam,1200 CE - present (disputed)
ഉള്ളടക്കം,ഉള്ള്,Malayalam,1200 CE - present (disputed)
ഉള്ളടക്കം,അടക്കം,Malayalam,1200 CE - present (disputed)
കിന്നരിമൈന,കിന്നരി,Malayalam,1200 CE - present (disputed)
കിന്നരിമൈന,മൈന,Malayalam,1200 CE - present (disputed)
നീർക്കാട,നീർ,Malayalam,1200 CE - present (disputed)
നീർക്കാട,കാട,Malayalam,1200 CE - present (disputed)
മീൻകൊത്തി,മീൻ,Malayalam,1200 CE - present (disputed)
മീൻകൊത്തി,കൊത്തി,Malayalam,1200 CE - present (disputed)
കാട്ടുകോഴി,കാട്ട്,Malayalam,1200 CE - present (disputed)
കാട്ടുകോഴി,കോഴി,Malayalam,1200 CE - present (disputed)
ഞണ്ട്,*ñaṇṭ-,Proto-Dravidian,3000 BCE - 1500 BCE (disputed)
തേൻകിളി,തേൻ,Malayalam,1200 CE - present (disputed)
തേൻകിളി,കിളി,Malayalam,1200 CE - present (disputed)
സൂചിമുഖി,സൂചി,Malayalam,1200 CE - present (disputed)
സൂചിമുഖി,മുഖി,Malayalam,1200 CE - present (disputed)
ജൈവദീപ്തി,ജൈവ,Malayalam,1200 CE - present (disputed)
ജൈവദീപ്തി,ദീപ്തി,Malayalam,1200 CE - present (disputed)
മീൻപിടിക്കുക,മീൻ,Malayalam,1200 CE - present (disputed)
മീൻപിടിക്കുക,പിടിക്കുക,Malayalam,1200 CE - present (disputed)
മഹാസമുദ്രം,മഹാ,Malayalam,1200 CE - present (disputed)
മഹാസമുദ്രം,സമുദ്രം,Malayalam,1200 CE - present (disputed)
മഹാസമുദ്രം,समुद्र,Sanskrit,1500 BCE - present (liturgical/classical)
സാഗരം,सागर,Sanskrit,1500 BCE - present (liturgical/classical)
സമുദ്രം,समुद्र,Sanskrit,1500 BCE - present (liturgical/classical)
മഹാൻ,महान्,Sanskrit,1500 BCE - present (liturgical/classical)
ഓണം,सावन,Pali,500 BCE - 1 CE
ചേരക്കോഴി,ചേര,Malayalam,1200 CE - present (disputed)
ചേരക്കോഴി,കോഴി,Malayalam,1200 CE - present (disputed)
സ്വതന്ത്രം,स्वतन्त्र,Sanskrit,1500 BCE - present (liturgical/classical)
സ്വാതന്ത്ര്യം,स्वतंत्र,Sanskrit,1500 BCE - present (liturgical/classical)
സൗജന്യം,सौजन्य,Sanskrit,1500 BCE - present (liturgical/classical)
സ്വപ്നം,स्वप्न,Sanskrit,1500 BCE - present (liturgical/classical)
നിലക്കടല,നില,Malayalam,1200 CE - present (disputed)
നിലക്കടല,കടല,Malayalam,1200 CE - present (disputed)
കപ്പലണ്ടി,കപ്പൽ,Malayalam,1200 CE - present (disputed)
കപ്പലണ്ടി,അണ്ടി,Malayalam,1200 CE - present (disputed)
കശുവണ്ടി,കശു,Malayalam,1200 CE - present (disputed)
കശുവണ്ടി,അണ്ടി,Malayalam,1200 CE - present (disputed)
കശുവണ്ടി,caju,Portuguese,1516 CE - present
പറങ്കിയണ്ടി,പറങ്കി,Malayalam,1200 CE - present (disputed)
പറങ്കിയണ്ടി,അണ്ടി,Malayalam,1200 CE - present (disputed)
ലക്ഷ്യം,लक्ष्य,Sanskrit,1500 BCE - present (liturgical/classical)
ലഹരിപാനീയം,ലഹരി,Malayalam,1200 CE - present (disputed)
ലഹരിപാനീയം,പാനീയം,Malayalam,1200 CE - present (disputed)
വലതുപക്ഷം,വലത്,Malayalam,1200 CE - present (disputed)
വലതുപക്ഷം,പക്ഷം,Malayalam,1200 CE - present (disputed)
ഇടതുപക്ഷം,ഇടത്,Malayalam,1200 CE - present (disputed)
ഇടതുപക്ഷം,പക്ഷം,Malayalam,1200 CE - present (disputed)
പ്രാണി,प्राणी,Sanskrit,1500 BCE - present (liturgical/classical)
കോൽ,*kōl,Proto-Dravidian,3000 BCE - 1500 BCE (disputed)
ഹാസ്യം,हास्य,Sanskrit,1500 BCE - present (liturgical/classical)
തമാശ,तमाशा,Sanskrit,1500 BCE - present (liturgical/classical)
തമാശ,تماشا,Persian,1000 CE - present
മിണ്ടാപ്രാണി,മിണ്ടാ,Malayalam,1200 CE - present (disputed)
മിണ്ടാപ്രാണി,പ്രാണി,Malayalam,1200 CE - present (disputed)
സസ്തനി,सस्तनः,Sanskrit,1500 BCE - present (liturgical/classical)
പദം,पद,Sanskrit,1500 BCE - present (liturgical/classical)
ജ്ഞാനി,ज्ञानी,Sanskrit,1500 BCE - present (liturgical/classical)
വിദ്വാൻ,विद्वान,Sanskrit,1500 BCE - present (liturgical/classical)
വിദുഷി,विदुषी,Sanskrit,1500 BCE - present (liturgical/classical)
വിഷ്ണു,विष्णु,Sanskrit,1500 BCE - present (liturgical/classical)
ശിവൻ,शिव,Sanskrit,1500 BCE - present (liturgical/classical)
കറുവപ്പട്ട,കറുവ,Malayalam,1200 CE - present (disputed)
കറുവപ്പട്ട,പട്ട,Malayalam,1200 CE - present (disputed)
വർഗ്ഗം,वर्ग,Sanskrit,1500 BCE - present (liturgical/classical)
തീറ്റ,*tiHn,Proto-Dravidian,3000 BCE - 1500 BCE (disputed)
ആഹാരം,आहार,Sanskrit,1500 BCE - present (liturgical/classical)
ഊണ്,*ūṇ,Proto-Dravidian,3000 BCE - 1500 BCE (disputed)
രഹസ്യം,रहस्य,Sanskrit,1500 BCE - present (liturgical/classical)
സ്വകാര്യതാനയം,സ്വകാര്യത,Malayalam,1200 CE - present (disputed)
സ്വകാര്യതാനയം,നയം,Malayalam,1200 CE - present (disputed)
സ്വകാര്യം,स्वकार्य,Sanskrit,1500 BCE - present (liturgical/classical)
നീർക്കോലി,നീർ,Malayalam,1200 CE - present (disputed)
നീർക്കോലി,കോലി,Malayalam,1200 CE - present (disputed)
പൊടിച്ചേമ്പ്,പൊടി,Malayalam,1200 CE - present (disputed)
പൊടിച്ചേമ്പ്,ചേമ്പ്,Malayalam,1200 CE - present (disputed)
താൾ,talão,Portuguese,1516 CE - present
നെല്ലിപ്പലക,നെല്ലി,Malayalam,1200 CE - present (disputed)
നെല്ലിപ്പലക,പലക,Malayalam,1200 CE - present (disputed)
പലക,placa,Portuguese,1516 CE - present
ഭസ്മം,भस्म,Sanskrit,1500 BCE - present (liturgical/classical)
മേൽവിലാസം,മേൽ,Malayalam,1200 CE - present (disputed)
മേൽവിലാസം,വിലാസം,Malayalam,1200 CE - present (disputed)
കരഘോഷം,കരം,Malayalam,1200 CE - present (disputed)
കരഘോഷം,ഘോഷം,Malayalam,1200 CE - present (disputed)
കയ്യടി,കൈ,Malayalam,1200 CE - present (disputed)
കയ്യടി,അടി,Malayalam,1200 CE - present (disputed)
അടിച്ചുവാരുക,അടിച്ചു,Malayalam,1200 CE - present (disputed)
അടിച്ചുവാരുക,വാരുക,Malayalam,1200 CE - present (disputed)
തേരട്ട,തേര്,Malayalam,1200 CE - present (disputed)
തേരട്ട,അട്ട,Malayalam,1200 CE - present (disputed)
എതിർലിംഗം,എതിർ,Malayalam,1200 CE - present (disputed)
എതിർലിംഗം,ലിംഗം,Malayalam,1200 CE - present (disputed)
മാമൻ,*māma,Proto-Dravidian,3000 BCE - 1500 BCE (disputed)
സാമാന്യനാമം,സാമാന്യ,Malayalam,1200 CE - present (disputed)
സാമാന്യനാമം,നാമം,Malayalam,1200 CE - present (disputed)
രാജ്യദ്രോഹം,രാജ്യ,Malayalam,1200 CE - present (disputed)
രാജ്യദ്രോഹം,ദ്രോഹം,Malayalam,1200 CE - present (disputed)
കൈക്കൂലി,കൈ,Malayalam,1200 CE - present (disputed)
കൈക്കൂലി,കൂലി,Malayalam,1200 CE - present (disputed)
ജിജ്ഞാസ,जिज्ञासा,Sanskrit,1500 BCE - present (liturgical/classical)
രക്തബന്ധം,രക്ത,Malayalam,1200 CE - present (disputed)
രക്തബന്ധം,ബന്ധം,Malayalam,1200 CE - present (disputed)
കിളിമീൻ,കിളി,Malayalam,1200 CE - present (disputed)
കിളിമീൻ,മീൻ,Malayalam,1200 CE - present (disputed)
കൃഷ്ണമണി,കൃഷ്ണ,Malayalam,1200 CE - present (disputed)
കൃഷ്ണമണി,മണി,Malayalam,1200 CE - present (disputed)
വെളുത്തവാവ്,വെളുത്ത,Malayalam,1200 CE - present (disputed)
വെളുത്തവാവ്,വാവ്,Malayalam,1200 CE - present (disputed)
കറുത്തവാവ്,കറുത്ത,Malayalam,1200 CE - present (disputed)
കറുത്തവാവ്,വാവ്,Malayalam,1200 CE - present (disputed)
ദുഃഖം,दुःख,Sanskrit,1500 BCE - present (liturgical/classical)
ചിഹ്നം,चिह्न,Sanskrit,1500 BCE - present (liturgical/classical)
അല്പവിരാമം,അല്പ,Malayalam,1200 CE - present (disputed)
അല്പവിരാമം,വിരാമം,Malayalam,1200 CE - present (disputed)
ആകാശം,आकाश,Sanskrit,1500 BCE - present (liturgical/classical)
സന്ന്യാസി,संन्यासी,Sanskrit,1500 BCE - present (liturgical/classical)
ഉദ്ഘാടനം,उद्घाटन,Sanskrit,1500 BCE - present (liturgical/classical)
മത്സരം,मत्सर,Sanskrit,1500 BCE - present (liturgical/classical)
ഉത്സാഹം,उत्साह,Sanskrit,1500 BCE - present (liturgical/classical)
ഉത്സവം,उत्सव,Sanskrit,1500 BCE - present (liturgical/classical)
അധിഷ്ഠിത,अधिष्ठित,Sanskrit,1500 BCE - present (liturgical/classical)
അടിസ്ഥാനം,अटिस्थान,Sanskrit,1500 BCE - present (liturgical/classical)
പതിനാറ്,പത്ത്,Malayalam,1200 CE - present (disputed)
പതിനാറ്,ആറ്,Malayalam,1200 CE - present (disputed)
മൂന്ന്,*mūnṯu,Proto-Dravidian,3000 BCE - 1500 BCE (disputed)
നാല്,*nāl,Proto-Dravidian,3000 BCE - 1500 BCE (disputed)
ഏഴ്,*ēẓ,Proto-Dravidian,3000 BCE - 1500 BCE (disputed)
അഞ്ച്,*caymtu,Proto-Dravidian,3000 BCE - 1500 BCE (disputed)
എട്ട്,*eṇṭṭu,Proto-Dravidian,3000 BCE - 1500 BCE (disputed)
ഒമ്പത്,*on,Proto-Dravidian,3000 BCE - 1500 BCE (disputed)
പത്ത്,*paHtu,Proto-Dravidian,3000 BCE - 1500 BCE (disputed)
അവർ,*a-,Proto-Dravidian,3000 BCE - 1500 BCE (disputed)
തള്ള,*taḷḷay,Proto-Dravidian,3000 BCE - 1500 BCE (disputed)
പേൻ,*pēn,Proto-Dravidian,3000 BCE - 1500 BCE (disputed)
പൂ,*pū,Proto-Dravidian,3000 BCE - 1500 BCE (disputed)
പ്രസിദ്ധം,प्रसिद्ध,Sanskrit,1500 BCE - present (liturgical/classical)
ഗംഭീരം,गम्भीर,Sanskrit,1500 BCE - present (liturgical/classical)
സങ്കീതം,संगीत,Sanskrit,1500 BCE - present (liturgical/classical)
ഗാനം,गान,Sanskrit,1500 BCE - present (liturgical/classical)
ഗീതം,गीत,Sanskrit,1500 BCE - present (liturgical/classical)
ഘട്ടം,घट्ट,Sanskrit,1500 BCE - present (liturgical/classical)
ദുർബല,दुर्बल,Sanskrit,1500 BCE - present (liturgical/classical)
ദുർബലം,दुर्बल,Sanskrit,1500 BCE - present (liturgical/classical)
സ്വരം,स्वर,Sanskrit,1500 BCE - present (liturgical/classical)
നിശ്ശബ്ദം,निश्शब्द,Sanskrit,1500 BCE - present (liturgical/classical)
പക്ഷേ,पक्षे,Sanskrit,1500 BCE - present (liturgical/classical)
ചതുരം,चतुर,Sanskrit,1500 BCE - present (liturgical/classical)
പൂജ്യം,पूज्य,Sanskrit,1500 BCE - present (liturgical/classical)
ത്രികോണം,त्रिकोण,Sanskrit,1500 BCE - present (liturgical/classical)
ചക്രം,चक्र,Sanskrit,1500 BCE - present (liturgical/classical)
വയൽ,*wayal,Proto-Dravidian,3000 BCE - 1500 BCE (disputed)
നൃത്തം,नृत्त,Sanskrit,1500 BCE - present (liturgical/classical)
തേൾ,*tēḷ,Proto-Dravidian,3000 BCE - 1500 BCE (disputed)
മയിൽ,*mayVr,Proto-Dravidian,3000 BCE - 1500 BCE (disputed)
ആഘോഷം,आघोष,Sanskrit,1500 BCE - present (liturgical/classical)
ബാപ്പ,بابا,Arabic,600 CE - present
കവിത,कविता,Sanskrit,1500 BCE - present (liturgical/classical)
അപ്പൻ,*appa,Proto-Dravidian,3000 BCE - 1500 BCE (disputed)
ദോഷം,दोष,Sanskrit,1500 BCE - present (liturgical/classical)
അസ്ഥി,अस्थि,Sanskrit,1500 BCE - present (liturgical/classical)
ഏലക്കായ,*ēlakāy,Proto-Dravidian,3000 BCE - 1500 BCE (disputed)
ഏലക്കായ,ഏല,Malayalam,1200 CE - present (disputed)
ഏലക്കായ,കായ,Malayalam,1200 CE - present (disputed)
കുരുമുളക്,കുരു,Malayalam,1200 CE - present (disputed)
കുരുമുളക്,മുളക്,Malayalam,1200 CE - present (disputed)
പച്ചകുത്ത്,പച്ച,Malayalam,1200 CE - present (disputed)
പച്ചകുത്ത്,കുത്ത്,Malayalam,1200 CE - present (disputed)
പച്ചകുത്തുക,പച്ച,Malayalam,1200 CE - present (disputed)
പച്ചകുത്തുക,കുത്തുക,Malayalam,1200 CE - present (disputed)
രോമം,रोमन्,Sanskrit,1500 BCE - present (liturgical/classical)
പ്രകാശം,प्रकाश,Sanskrit,1500 BCE - present (liturgical/classical)
ഉപ്പ,أب,Arabic,600 CE - present
കത്ത്,خط,Arabic,600 CE - present
ചെകുത്താൻ,شَيْطَان,Arabic,600 CE - present
റദ്ദ്,رد,Classical Persian,800 CE - 1900 CE
റദ്ദ്,رَدّ,Arabic,600 CE - present
ഭരണി,भरण,Sanskrit,1500 BCE - present (liturgical/classical)
വക്കീൽ,وكيل,Arabic,600 CE - present
മുസ്ലീം,مسلم,Arabic,600 CE - present
കൃമി,कृमि,Sanskrit,1500 BCE - present (liturgical/classical)
ഗൂഢാലോചന,ഗൂഢ,Malayalam,1200 CE - present (disputed)
ഗൂഢാലോചന,ആലോചന,Malayalam,1200 CE - present (disputed)
ഗൂഢാലോചന,गूढ,Sanskrit,1500 BCE - present (liturgical/classical)
ഗൂഢാലോചന,आलोचना,Sanskrit,1500 BCE - present (liturgical/classical)
ആലോചിക്കുക,आलोचना,Sanskrit,1500 BCE - present (liturgical/classical)
സുഖം,सुख,Sanskrit,1500 BCE - present (liturgical/classical)
അവ,*a-,Proto-Dravidian,3000 BCE - 1500 BCE (disputed)
നേരം,*nēram,Proto-Dravidian,3000 BCE - 1500 BCE (disputed)
മൂത്രം,मूत्र,Sanskrit,1500 BCE - present (liturgical/classical)
സൂക്ഷ്മം,सूक्ष्म,Sanskrit,1500 BCE - present (liturgical/classical)
കാൽവിരൽ,കാൽ,Malayalam,1200 CE - present (disputed)
കാൽവിരൽ,വിരൽ,Malayalam,1200 CE - present (disputed)
മീശ,श्मश्रु,Sanskrit,1500 BCE - present (liturgical/classical)
ശ്രദ്ധിക്കുക,श्रद्धा,Sanskrit,1500 BCE - present (liturgical/classical)
ചിന്തിക്കുക,चिन्ता,Sanskrit,1500 BCE - present (liturgical/classical)
ആഹ്ലാദം,आह्लाद,Sanskrit,1500 BCE - present (liturgical/classical)
മദാമ,madam,English,1550 CE - present
ജാതി,जाति,Sanskrit,1500 BCE - present (liturgical/classical)
സായിപ്പ്,ਸਾਹਿਬ,Punjabi,not available
വന്ദനം,वन्दन,Sanskrit,1500 BCE - present (liturgical/classical)
സൗന്ദര്യം,सौन्दर्य,Sanskrit,1500 BCE - present (liturgical/classical)
ഋഷി,ऋषि,Sanskrit,1500 BCE - present (liturgical/classical)
ടൗൺ,town,English,1550 CE - present
ഏണി,श्रेणी,Sanskrit,1500 BCE - present (liturgical/classical)
ധനം,धन,Sanskrit,1500 BCE - present (liturgical/classical)
ഖനനം,खनन,Sanskrit,1500 BCE - present (liturgical/classical)
ഞരമ്പ്,*ñarampu,Proto-Dravidian,3000 BCE - 1500 BCE (disputed)
കൢപ്തം,कॢप्त,Sanskrit,1500 BCE - present (liturgical/classical)
വയർ,wire,English,1550 CE - present
ഷഡ്ഭുജം,षट्भुज,Sanskrit,1500 BCE - present (liturgical/classical)
ഫലം,*paẓam,Proto-Dravidian,3000 BCE - 1500 BCE (disputed)
ഏലക്ക,*ēlakāy,Proto-Dravidian,3000 BCE - 1500 BCE (disputed)
ബലൂൺ,balloon,English,1550 CE - present
ബലൂണ്,balloon,English,1550 CE - present
കോടാലി,*kuṭāri,Proto-Dravidian,3000 BCE - 1500 BCE (disputed)
കീടം,कीट,Sanskrit,1500 BCE - present (liturgical/classical)
മധു,मधु,Sanskrit,1500 BCE - present (liturgical/classical)
ഗജ,गज,Sanskrit,1500 BCE - present (liturgical/classical)
കൊച്ചി,കൊച്ചു,Malayalam,1200 CE - present (disputed)
കൊച്ചി,അഴി,Malayalam,1200 CE - present (disputed)
ഗുണം,गुण,Sanskrit,1500 BCE - present (liturgical/classical)
ആപ്പൾ,apple,English,1550 CE - present
ആപ്പിൾ,apple,English,1550 CE - present
വെളുത്തുള്ളി,വെളുത്ത,Malayalam,1200 CE - present (disputed)
വെളുത്തുള്ളി,ഉള്ളി,Malayalam,1200 CE - present (disputed)
വെളുത്ത,*weḷ,Proto-Dravidian,3000 BCE - 1500 BCE (disputed)
മാമ്പഴം,മാവ്,Malayalam,1200 CE - present (disputed)
മാമ്പഴം,പഴം,Malayalam,1200 CE - present (disputed)
കുങ്കുമം,कुङ्कुम,Sanskrit,1500 BCE - present (liturgical/classical)
കരണ്ട്,current,English,1550 CE - present
വൈദ്യുതി,विद्युत्,Sanskrit,1500 BCE - present (liturgical/classical)
ചൂടുള്ള,ചൂട്,Malayalam,1200 CE - present (disputed)
ചൂടുള്ള,ഉള്ള,Malayalam,1200 CE - present (disputed)
നീര്,*nīr,Proto-Dravidian,3000 BCE - 1500 BCE (disputed)
ഇവള്,*ī,Proto-Dravidian,3000 BCE - 1500 BCE (disputed)
മേൽഭാഗത്ത്,മേൽ,Malayalam,1200 CE - present (disputed)
മേൽഭാഗത്ത്,ഭാഗം,Malayalam,1200 CE - present (disputed)
മേൽഭാഗത്ത്,*mē,Proto-Dravidian,3000 BCE - 1500 BCE (disputed)
മേൽഭാഗത്ത്,भाग,Sanskrit,1500 BCE - present (liturgical/classical)
മേൽഭാഗം,മേൽ,Malayalam,1200 CE - present (disputed)
മേൽഭാഗം,ഭാഗം,Malayalam,1200 CE - present (disputed)
മേലെ,*mē,Proto-Dravidian,3000 BCE - 1500 BCE (disputed)
മേൽ,*mē,Proto-Dravidian,3000 BCE - 1500 BCE (disputed)
പ്ലാറ്റിനം,platinum,English,1550 CE - present
പത്തുകോടി,പത്ത്,Malayalam,1200 CE - present (disputed)
പത്തുകോടി,കോടി,Malayalam,1200 CE - present (disputed)
ഡെൽഹി,Delhi,English,1550 CE - present
പഠിക്കുക,पठति,Sanskrit,1500 BCE - present (liturgical/classical)
സംഭവം,सम्भव,Sanskrit,1500 BCE - present (liturgical/classical)
സംഘം,सङ्घ,Sanskrit,1500 BCE - present (liturgical/classical)
പ്ലാസ്റ്റിക്,plastic,English,1550 CE - present
അമേരിക്ക,America,English,1550 CE - present
സിഖ് മതം,സിഖ്,Malayalam,1200 CE - present (disputed)
സിഖ് മതം,മതം,Malayalam,1200 CE - present (disputed)
ജപ്പാൻ,Japan,English,1550 CE - present
ഈജിപ്ത്,Egypt,English,1550 CE - present
ബ്രിട്ടൺ,Britain,English,1550 CE - present
ഓസ്ട്രേലിയ,Australia,English,1550 CE - present
ബ്രസീൽ,Brazil,English,1550 CE - present
രോഗം,रोग,Sanskrit,1500 BCE - present (liturgical/classical)
അതിർത്തി,अतिर्ति,Sanskrit,1500 BCE - present (liturgical/classical)
അസ്സലാമു അലൈക്കും,السلام عليكم,Arabic,600 CE - present
ശ്വാനൻ,श्वान,Sanskrit,1500 BCE - present (liturgical/classical)
ജൈനമതം,ജൈൻ,Malayalam,1200 CE - present (disputed)
ജൈനമതം,മതം,Malayalam,1200 CE - present (disputed)
യഹൂദമതം,യഹൂദൻ,Malayalam,1200 CE - present (disputed)
യഹൂദമതം,മതം,Malayalam,1200 CE - present (disputed)
ഇസ്ലാംമതം,ഇസ്ലാം,Malayalam,1200 CE - present (disputed)
ഇസ്ലാംമതം,മതം,Malayalam,1200 CE - present (disputed)
പറുദീസ,ܦܪܕܝܣܐ,Aramaic,not available
നസ്രാണി,نَصْرَانِيّ,Arabic,600 CE - present
നസ്രാണി,ܢܨܪܝܐ,Classical Syriac,not available
ദൂരം,दूर,Sanskrit,1500 BCE - present (liturgical/classical)
ഗണനം,गणन,Sanskrit,1500 BCE - present (liturgical/classical)
ഗുണനം,गुणन,Sanskrit,1500 BCE - present (liturgical/classical)
സുഹൃത്ത്,सुहृत्,Sanskrit,1500 BCE - present (liturgical/classical)
മിത്രം,मित्र,Sanskrit,1500 BCE - present (liturgical/classical)
കളിക്കൂട്ടുകാരൻ,കളി,Malayalam,1200 CE - present (disputed)
കളിക്കൂട്ടുകാരൻ,കൂട്ടുകാരൻ,Malayalam,1200 CE - present (disputed)
ഉരുളക്കിഴങ്ങ്,ഉരുള,Malayalam,1200 CE - present (disputed)
ഉരുളക്കിഴങ്ങ്,കിഴങ്ങ്,Malayalam,1200 CE - present (disputed)
കാരറ്റ്,carrot,English,1550 CE - present
വൃക്ക,वृक्क,Sanskrit,1500 BCE - present (liturgical/classical)
പെട്രോൾ,petrol,English,1550 CE - present
ഡീസൽ,diesel,English,1550 CE - present
ഇന്ധനം,इन्धन,Sanskrit,1500 BCE - present (liturgical/classical)
പെൻസിൽ,pencil,English,1550 CE - present
ഇതിഹാസം,इतिहास,Sanskrit,1500 BCE - present (liturgical/classical)
ജനൽ,janela,Portuguese,1516 CE - present
അലമാര,armário,Portuguese,1516 CE - present
ജനാല,janela,Portuguese,1516 CE - present
ജനാല,janella,Old Portuguese,870 CE - 1400 CE
ജനാല,*ianuella,Vulgar Latin,100 BCE - 600 CE
ജനാല,iānua,Latin,700 BCE - 500 CE
മാഷ്,master,English,1550 CE - present
ഈന്തപ്പഴം,ഈന്ത,Malayalam,1200 CE - present (disputed)
ഈന്തപ്പഴം,പഴം,Malayalam,1200 CE - present (disputed)
അരക്കാൽ,അര,Malayalam,1200 CE - present (disputed)
അരക്കാൽ,കാൽ,Malayalam,1200 CE - present (disputed)
തീയതി,तिथि,Sanskrit,1500 BCE - present (liturgical/classical)
അമ്പ്,*ampu,Proto-Dravidian,3000 BCE - 1500 BCE (disputed)
ചില്ലറ പൈസ,ചില്ലറ,Malayalam,1200 CE - present (disputed)
ചില്ലറ പൈസ,പൈസ,Malayalam,1200 CE - present (disputed)
ദ്വാരം,द्वार,Sanskrit,1500 BCE - present (liturgical/classical)
ആനപ്പാപ്പാൻ,ആന,Malayalam,1200 CE - present (disputed)
ആനപ്പാപ്പാൻ,പാപ്പാൻ,Malayalam,1200 CE - present (disputed)
തലച്ചോറ്,തല,Malayalam,1200 CE - present (disputed)
തലച്ചോറ്,ചോറ്,Malayalam,1200 CE - present (disputed)
റബർ,rubber,English,1550 CE - present
കടൽ മത്സ്യം,കടൽ,Malayalam,1200 CE - present (disputed)
കടൽ മത്സ്യം, മത്സ്യം,Malayalam,1200 CE - present (disputed)
നദി,नदी,Sanskrit,1500 BCE - present (liturgical/classical)
ശിഷ്യൻ,शिष्य,Sanskrit,1500 BCE - present (liturgical/classical)
നേത്രം,नेत्र,Sanskrit,1500 BCE - present (liturgical/classical)
അക്ഷി,अक्षि,Sanskrit,1500 BCE - present (liturgical/classical)
നയനം,नयन,Sanskrit,1500 BCE - present (liturgical/classical)
ലോചനം,लोचन,Sanskrit,1500 BCE - present (liturgical/classical)
പ്രയാസം,प्रयास,Sanskrit,1500 BCE - present (liturgical/classical)
ജനനി,जननी,Sanskrit,1500 BCE - present (liturgical/classical)
സമീപകാലം,സമീപ,Malayalam,1200 CE - present (disputed)
സമീപകാലം,കാലം,Malayalam,1200 CE - present (disputed)
വിശ്രമിക്കുക,विश्रम,Sanskrit,1500 BCE - present (liturgical/classical)
ആലയം,आलय,Sanskrit,1500 BCE - present (liturgical/classical)
ക്ഷേത്രം,क्षेत्र,Sanskrit,1500 BCE - present (liturgical/classical)
പരാജയം,पराजय,Sanskrit,1500 BCE - present (liturgical/classical)
വിജയം,विजय,Sanskrit,1500 BCE - present (liturgical/classical)
ഹിന്ദി,हिंदी,Hindi,not available
കന്നഡ,ಕನ್ನಡ,Kannada,450 CE - present
തെലുങ്ക്,తెలుంగు,Telugu,600 CE - present
തമിഴ്,தமிழ்,Tamil,300 BCE - present
തെലുഗു,తెలుగు,Telugu,600 CE - present
സ്പാനിഷ്,Spanish,English,1550 CE - present
വായ്,*wāy,Proto-Dravidian,3000 BCE - 1500 BCE (disputed)
താക്കോൽ,താഴ്,Malayalam,1200 CE - present (disputed)
താക്കോൽ,കോൽ,Malayalam,1200 CE - present (disputed)
ദക്ഷിണം,दक्षिण,Sanskrit,1500 BCE - present (liturgical/classical)
താൽപ്പര്യം,तात्पर्य,Sanskrit,1500 BCE - present (liturgical/classical)
ഊർജം,ऊर्ज,Sanskrit,1500 BCE - present (liturgical/classical)
ലജ്ജ,लज्जा,Sanskrit,1500 BCE - present (liturgical/classical)
ചർമ്മം,चर्मन्,Sanskrit,1500 BCE - present (liturgical/classical)
യുക്തിവാദം,യുക്തി,Malayalam,1200 CE - present (disputed)
യുക്തിവാദം,വാദം,Malayalam,1200 CE - present (disputed)
യുക്തിവാദി,യുക്തി,Malayalam,1200 CE - present (disputed)
യുക്തിവാദി,വാദി,Malayalam,1200 CE - present (disputed)
പലചരക്ക്,പല,Malayalam,1200 CE - present (disputed)
പലചരക്ക്,ചരക്ക്,Malayalam,1200 CE - present (disputed)
കല്ലൻതുമ്പി,കല്ലൻ,Malayalam,1200 CE - present (disputed)
കല്ലൻതുമ്പി,തുമ്പി,Malayalam,1200 CE - present (disputed)
തിരിച്ചടിക്കുക,തിരിച്ച്,Malayalam,1200 CE - present (disputed)
തിരിച്ചടിക്കുക,അടിക്കുക,Malayalam,1200 CE - present (disputed)
കെട്ടിക്കിടക്കുക,കെട്ടി,Malayalam,1200 CE - present (disputed)
കെട്ടിക്കിടക്കുക,കിടക്കുക,Malayalam,1200 CE - present (disputed)
ബലഹീനത,बलहीनता,Sanskrit,1500 BCE - present (liturgical/classical)
ക്ഷീണം,क्षीण,Sanskrit,1500 BCE - present (liturgical/classical)
ദൗർബല്യം,दौर्बल्य,Sanskrit,1500 BCE - present (liturgical/classical)
ദുർബലത,दुर्बलता,Sanskrit,1500 BCE - present (liturgical/classical)
ഗുണ്ട,गुंडा,Hindi,not available
ഭയാനകം,भयानक,Sanskrit,1500 BCE - present (liturgical/classical)
ദുഷ്ടൻ,दुष्ट,Sanskrit,1500 BCE - present (liturgical/classical)
ഭയാനകമായ,भयानक,Sanskrit,1500 BCE - present (liturgical/classical)
ദയ,दया,Sanskrit,1500 BCE - present (liturgical/classical)
ശേഷം,शेष,Sanskrit,1500 BCE - present (liturgical/classical)
വിനോദസഞ്ചാരം,വിനോദ,Malayalam,1200 CE - present (disputed)
വിനോദസഞ്ചാരം,സഞ്ചാരം,Malayalam,1200 CE - present (disputed)
ടൂറിസം,tourism,English,1550 CE - present
ആൽ,*āl,Proto-Dravidian,3000 BCE - 1500 BCE (disputed)
പൊരുത്തപ്പെടുക,പൊരുത്തം,Malayalam,1200 CE - present (disputed)
പൊരുത്തപ്പെടുക,പെടുക,Malayalam,1200 CE - present (disputed)
ശപിക്കുക,शपति,Sanskrit,1500 BCE - present (liturgical/classical)
ഭിന്നത,भिन्नता,Sanskrit,1500 BCE - present (liturgical/classical)
ബഹളം,बहल,Sanskrit,1500 BCE - present (liturgical/classical)
നാശം,नाश,Sanskrit,1500 BCE - present (liturgical/classical)
തീപ്പൊരി,തീ,Malayalam,1200 CE - present (disputed)
തീപ്പൊരി,പൊരി,Malayalam,1200 CE - present (disputed)
പട്ടാളം,battalion,English,1550 CE - present
പട്ടാളം,batalhão,Portuguese,1516 CE - present
ആക്രമണം,आक्रमण,Sanskrit,1500 BCE - present (liturgical/classical)
സൈനികാക്രമണം,സൈനിക,Malayalam,1200 CE - present (disputed)
സൈനികാക്രമണം,ആക്രമണം,Malayalam,1200 CE - present (disputed)
ഭിന്നശേഷി,ഭിന്ന,Malayalam,1200 CE - present (disputed)
ഭിന്നശേഷി,ശേഷി,Malayalam,1200 CE - present (disputed)
ടെസ്റ്റ്,test,English,1550 CE - present
താല്പര്യം,तात्पर्य,Sanskrit,1500 BCE - present (liturgical/classical)
അട്ടഹാസം,अट्टहास,Sanskrit,1500 BCE - present (liturgical/classical)
ഉജ്ജ്വലം,उज्ज्वल,Sanskrit,1500 BCE - present (liturgical/classical)
വാഹനം,वाहन,Sanskrit,1500 BCE - present (liturgical/classical)
ഉഗ്രൻ,उग्र,Sanskrit,1500 BCE - present (liturgical/classical)
ജില്ല,ज़िला,Hindi,not available
ജില്ല,ضلع‎,Persian,1000 CE - present
ജില്ല,ضِلْع‎,Arabic,600 CE - present
ഗുഹ,गुहा,Sanskrit,1500 BCE - present (liturgical/classical)
അനുമതി,अनुमति,Sanskrit,1500 BCE - present (liturgical/classical)
അനുമതിപത്രം,അനുമതി,Malayalam,1200 CE - present (disputed)
അനുമതിപത്രം,പത്രം,Malayalam,1200 CE - present (disputed)
ആശ്ലേഷം,आश्लेष,Sanskrit,1500 BCE - present (liturgical/classical)
കൂൺ,*kūnt(t),Proto-Dravidian,3000 BCE - 1500 BCE (disputed)
കർമ്മപരിപാടി,കർമ്മ,Malayalam,1200 CE - present (disputed)
കർമ്മപരിപാടി,പരിപാടി,Malayalam,1200 CE - present (disputed)
ഓംബുഡ്സ്മാൻ,ombudsman,English,1550 CE - present
തെറ്റ്-കുറ്റം,തെറ്റ്,Malayalam,1200 CE - present (disputed)
തെറ്റ്-കുറ്റം,കുറ്റം,Malayalam,1200 CE - present (disputed)
കുറ്റകൃത്യം,കുറ്റ,Malayalam,1200 CE - present (disputed)
കുറ്റകൃത്യം,കൃത്യം,Malayalam,1200 CE - present (disputed)
പത്രപ്രവർത്തകൻ,പത്ര,Malayalam,1200 CE - present (disputed)
പത്രപ്രവർത്തകൻ,പ്രവർത്തകൻ,Malayalam,1200 CE - present (disputed)
ശിക്ഷ,शिक्षा,Sanskrit,1500 BCE - present (liturgical/classical)
സാമൂഹിക പ്രവർത്തകൻ,സാമൂഹിക,Malayalam,1200 CE - present (disputed)
സാമൂഹിക പ്രവർത്തകൻ,പ്രവർത്തകൻ,Malayalam,1200 CE - present (disputed)
അമല,अमला,Sanskrit,1500 BCE - present (liturgical/classical)
ഉടനീളം,ഉട,Malayalam,1200 CE - present (disputed)
ഉടനീളം,നീളം,Malayalam,1200 CE - present (disputed)
നിർമ്മല, निर्मल,Sanskrit,1500 BCE - present (liturgical/classical)
തിരിച്ചറിയുക,തിരിച്ച്,Malayalam,1200 CE - present (disputed)
തിരിച്ചറിയുക,അറിയുക,Malayalam,1200 CE - present (disputed)
ന്യൂനം,न्यून,Sanskrit,1500 BCE - present (liturgical/classical)
വിഷാദം,विषाद,Sanskrit,1500 BCE - present (liturgical/classical)
ചുഴലിക്കാറ്റ്,ചുഴലി,Malayalam,1200 CE - present (disputed)
ചുഴലിക്കാറ്റ്,കാറ്റ്,Malayalam,1200 CE - present (disputed)
ന്യൂനമർദ്ദം,ന്യൂനം,Malayalam,1200 CE - present (disputed)
ന്യൂനമർദ്ദം,മർദ്ദം,Malayalam,1200 CE - present (disputed)
കൊള്ളക്കാരൻ,കൊള്ള,Malayalam,1200 CE - present (disputed)
കൊള്ളക്കാരൻ,കാരൻ,Malayalam,1200 CE - present (disputed)
അവതാരം, अवतार ,Sanskrit,1500 BCE - present (liturgical/classical)
ഉപയോഗരീതി,ഉപയോഗ,Malayalam,1200 CE - present (disputed)
ഉപയോഗരീതി,രീതി,Malayalam,1200 CE - present (disputed)
ദുർവിനിയോഗം,ദുർ,Malayalam,1200 CE - present (disputed)
ദുർവിനിയോഗം,വിനിയോഗം,Malayalam,1200 CE - present (disputed)
ആർബിട്രേഷൻ,arbitration,English,1550 CE - present
ഐക്യം,ऐक्य,Sanskrit,1500 BCE - present (liturgical/classical)
ഫലനം,फलन ,Sanskrit,1500 BCE - present (liturgical/classical)
സമചതുരക്കട്ട,സമചതുര,Malayalam,1200 CE - present (disputed)
സമചതുരക്കട്ട,കട്ട,Malayalam,1200 CE - present (disputed)
രേഖ,रेखा,Sanskrit,1500 BCE - present (liturgical/classical)
ഖരം,खर,Sanskrit,1500 BCE - present (liturgical/classical)
ഘനത്വം,घनत्व,Sanskrit,1500 BCE - present (liturgical/classical)
മെഴുകുതിരി,മെഴുക്,Malayalam,1200 CE - present (disputed)
മെഴുകുതിരി,തിരി,Malayalam,1200 CE - present (disputed)
ഛായ,छाया,Sanskrit,1500 BCE - present (liturgical/classical)
ദ്രാവിഡ,द्रविड,Sanskrit,1500 BCE - present (liturgical/classical)
ദ്രാവിഡ,தமிழ்,Tamil,300 BCE - present
കമലം,कमल,Sanskrit,1500 BCE - present (liturgical/classical)
അംബുജം,अम्बुज,Sanskrit,1500 BCE - present (liturgical/classical)
പങ്കജം,पङ्कज,Sanskrit,1500 BCE - present (liturgical/classical)
ഉത്തമം,उत्तम,Sanskrit,1500 BCE - present (liturgical/classical)
നിലവിളക്ക്,നില,Malayalam,1200 CE - present (disputed)
നിലവിളക്ക്,വിളക്ക്,Malayalam,1200 CE - present (disputed)
ഹിജാബ്,حِجَاب,Arabic,600 CE - present
മയക്കുമരുന്ന്,മയക്ക്,Malayalam,1200 CE - present (disputed)
മയക്കുമരുന്ന്,മരുന്ന്,Malayalam,1200 CE - present (disputed)
മറ്റന്നാൾ,മറ്റെ,Malayalam,1200 CE - present (disputed)
മറ്റന്നാൾ,നാൾ,Malayalam,1200 CE - present (disputed)
അവരവർ,അവർ,Malayalam,1200 CE - present (disputed)
അവരവർ, അവർ,Malayalam,1200 CE - present (disputed)
ഓരോരോ,ഓരോ,Malayalam,1200 CE - present (disputed)
അദ്ഭുതം,अद्भुत,Sanskrit,1500 BCE - present (liturgical/classical)
ടാപ്പ്,tap,English,1550 CE - present
പാഠം,पाठ,Sanskrit,1500 BCE - present (liturgical/classical)
കിടപ്പുമുറി,കിടപ്പ്,Malayalam,1200 CE - present (disputed)
കിടപ്പുമുറി,മുറി,Malayalam,1200 CE - present (disputed)
കുതിരശക്തി,കുതിര,Malayalam,1200 CE - present (disputed)
കുതിരശക്തി,ശക്തി,Malayalam,1200 CE - present (disputed)
ബൾബ്,bulb,English,1550 CE - present
മധുരക്കിഴങ്ങ്,മധുര,Malayalam,1200 CE - present (disputed)
മധുരക്കിഴങ്ങ്,കിഴങ്ങ്,Malayalam,1200 CE - present (disputed)
ഷർട്ട്,shirt,English,1550 CE - present
അംബരം,अम्बर,Sanskrit,1500 BCE - present (liturgical/classical)
അകക്കാമ്പ്,അക,Malayalam,1200 CE - present (disputed)
അകക്കാമ്പ്,കാമ്പ്,Malayalam,1200 CE - present (disputed)
നിര്‍ധന,നിര്‍,Malayalam,1200 CE - present (disputed)
നിര്‍ധന,ധന,Malayalam,1200 CE - present (disputed)
ചന്ദ്രക്കല,ചന്ദ്ര,Malayalam,1200 CE - present (disputed)
ചന്ദ്രക്കല,കല,Malayalam,1200 CE - present (disputed)
കരിമ്പുലി,കരി,Malayalam,1200 CE - present (disputed)
കരിമ്പുലി,പുലി,Malayalam,1200 CE - present (disputed)
പുള്ളിപ്പുലി,പുള്ളി,Malayalam,1200 CE - present (disputed)
പുള്ളിപ്പുലി,പുലി,Malayalam,1200 CE - present (disputed)
അടിക്കുറിപ്പ്,അടി,Malayalam,1200 CE - present (disputed)
അടിക്കുറിപ്പ്,കുറിപ്പ്,Malayalam,1200 CE - present (disputed)
അടിയന്തരാവസ്ഥ,അടിയന്തര,Malayalam,1200 CE - present (disputed)
അടിയന്തരാവസ്ഥ,അവസ്ഥ,Malayalam,1200 CE - present (disputed)
അധരം,अधर,Sanskrit,1500 BCE - present (liturgical/classical)
ഓഷ്ടം,ओष्ठ,Sanskrit,1500 BCE - present (liturgical/classical)
അധ്വാനിക്കുക,അധ്വാനം,Malayalam,1200 CE - present (disputed)
അധ്വാനിക്കുക,-ക്കുക,Malayalam,1200 CE - present (disputed)
നടുവിരൽ,നടു,Malayalam,1200 CE - present (disputed)
നടുവിരൽ,വിരൽ,Malayalam,1200 CE - present (disputed)
അനുസ്മരണം,അനു,Malayalam,1200 CE - present (disputed)
അനുസ്മരണം,സ്മരണം,Malayalam,1200 CE - present (disputed)
അന്തം,अन्त,Sanskrit,1500 BCE - present (liturgical/classical)
അഭിനയം,अभिनय,Sanskrit,1500 BCE - present (liturgical/classical)
അഭിനയിക്കുക,अभिनय,Sanskrit,1500 BCE - present (liturgical/classical)
അമരാവതി,अमरावती,Sanskrit,1500 BCE - present (liturgical/classical)
അമൃതം,अमृत,Sanskrit,1500 BCE - present (liturgical/classical)
വിഷം,विष,Sanskrit,1500 BCE - present (liturgical/classical)
അരണ്യം,अरण्य,Sanskrit,1500 BCE - present (liturgical/classical)
ഹംസം,हंस,Sanskrit,1500 BCE - present (liturgical/classical)
സാരം,सार,Sanskrit,1500 BCE - present (liturgical/classical)
അർത്ഥം,अर्थ,Sanskrit,1500 BCE - present (liturgical/classical)
അലങ്കാരം,अलंकार ,Sanskrit,1500 BCE - present (liturgical/classical)
അസ്തിത്വവാദം,അസ്തിത്വ,Malayalam,1200 CE - present (disputed)
അസ്തിത്വവാദം,വാദം,Malayalam,1200 CE - present (disputed)
അഹങ്കാരം,अहंकार,Sanskrit,1500 BCE - present (liturgical/classical)
പ്രവാഹം,प्रवाह,Sanskrit,1500 BCE - present (liturgical/classical)
ഒഴുക്ക്,*oẓukk-,Proto-Dravidian,3000 BCE - 1500 BCE (disputed)
ആശ,आशा,Sanskrit,1500 BCE - present (liturgical/classical)
ഉദ്ദേശ്യം,उद्देश्य,Sanskrit,1500 BCE - present (liturgical/classical)
ഈശ്വരൻ,ईश्वर,Sanskrit,1500 BCE - present (liturgical/classical)
ദുർഗ്ഗ,दुर्गा,Sanskrit,1500 BCE - present (liturgical/classical)
സർപം,सर्प,Sanskrit,1500 BCE - present (liturgical/classical)
മുഖ്യ,मुख्य,Sanskrit,1500 BCE - present (liturgical/classical)
സർപ്പം,सर्प,Sanskrit,1500 BCE - present (liturgical/classical)
കരിന്തിരി,കരി,Malayalam,1200 CE - present (disputed)
കരിന്തിരി,തിരി,Malayalam,1200 CE - present (disputed)
നിർഭാഗ്യം,निर्भाग्य,Sanskrit,1500 BCE - present (liturgical/classical)
കവി,कवि,Sanskrit,1500 BCE - present (liturgical/classical)
കാവ്യം,काव्य,Sanskrit,1500 BCE - present (liturgical/classical)
മുഖ്യം,मुख्य,Sanskrit,1500 BCE - present (liturgical/classical)
ശതമാനം,शत,Sanskrit,1500 BCE - present (liturgical/classical)
ക്ഷമ,क्षमा,Sanskrit,1500 BCE - present (liturgical/classical)
അൽപം,अल्प,Sanskrit,1500 BCE - present (liturgical/classical)
നശിക്കുക,नाश,Sanskrit,1500 BCE - present (liturgical/classical)
കൂപമണ്ഡൂകം,कूपमण्डूक,Sanskrit,1500 BCE - present (liturgical/classical)
കൂപമണ്ഡൂകം,കൂപ,Malayalam,1200 CE - present (disputed)
കൂപമണ്ഡൂകം,മണ്ഡൂകം,Malayalam,1200 CE - present (disputed)
കുലപതി,കുല,Malayalam,1200 CE - present (disputed)
കുലപതി,പതി,Malayalam,1200 CE - present (disputed)
ചുറ്റളവ്,ചുറ്റ് ,Malayalam,1200 CE - present (disputed)
ചുറ്റളവ്,അളവ്,Malayalam,1200 CE - present (disputed)
റാങ്ക്,rank,English,1550 CE - present
ഗോത്രം,गोत्र,Sanskrit,1500 BCE - present (liturgical/classical)
ഗുരുത്വം,गुरुत्व,Sanskrit,1500 BCE - present (liturgical/classical)
അഹിംസ,अहिंसा,Sanskrit,1500 BCE - present (liturgical/classical)
ചീട്ട്,चिट्ठी,Hindi,not available
ചീട്ട്,sheet,English,1550 CE - present
മലദ്വാരം,മല,Malayalam,1200 CE - present (disputed)
മലദ്വാരം,ദ്വാരം,Malayalam,1200 CE - present (disputed)
തേനീച്ചക്കൂട്,തേനീച്ച,Malayalam,1200 CE - present (disputed)
തേനീച്ചക്കൂട്,കൂട്,Malayalam,1200 CE - present (disputed)
നാൾ,*nāḷ,Proto-Dravidian,3000 BCE - 1500 BCE (disputed)
ട്രോഫി,trophy,English,1550 CE - present
പുരുഷൻ,पुरुष,Sanskrit,1500 BCE - present (liturgical/classical)
പിരിച്ചെഴുതുക,പിരിച്ച്,Malayalam,1200 CE - present (disputed)
പിരിച്ചെഴുതുക,എഴുതുക,Malayalam,1200 CE - present (disputed)
രചന,रचना,Sanskrit,1500 BCE - present (liturgical/classical)
പ്രാർത്ഥന,प्रार्थना,Sanskrit,1500 BCE - present (liturgical/classical)
മേഘം,मेघ,Sanskrit,1500 BCE - present (liturgical/classical)
യാത്ര,यात्रा,Sanskrit,1500 BCE - present (liturgical/classical)
വള്ളിച്ചെടി,വള്ളി,Malayalam,1200 CE - present (disputed)
വള്ളിച്ചെടി,ചെടി,Malayalam,1200 CE - present (disputed)
വിദ്യാഭ്യാസം,വിദ്യ,Malayalam,1200 CE - present (disputed)
വിദ്യാഭ്യാസം,അഭ്യാസം,Malayalam,1200 CE - present (disputed)
വിദ്യാലയം,വിദ്യ,Malayalam,1200 CE - present (disputed)
വിദ്യാലയം,ആലയം,Malayalam,1200 CE - present (disputed)
വിദ്യ,विद्या,Sanskrit,1500 BCE - present (liturgical/classical)
സമൃദ്ധി,സമൃദ്ധി,Sanskrit,1500 BCE - present (liturgical/classical)
സന്ധ്യ,संध्या,Sanskrit,1500 BCE - present (liturgical/classical)
സംഘടന,संघटना,Sanskrit,1500 BCE - present (liturgical/classical)
ശ്രേഷ്ഠം,श्रेष्ठ,Sanskrit,1500 BCE - present (liturgical/classical)
ശരീരം,शरीर,Sanskrit,1500 BCE - present (liturgical/classical)
ഉത്ഭവസ്ഥാനം,ഉത്ഭവ,Malayalam,1200 CE - present (disputed)
ഉത്ഭവസ്ഥാനം,സ്ഥാനം,Malayalam,1200 CE - present (disputed)
ഗ്രന്ഥം,ग्रन्थ,Sanskrit,1500 BCE - present (liturgical/classical)
ദശാംശം,दशा,Sanskrit,1500 BCE - present (liturgical/classical)
മണ്ണെണ്ണ,മണ്ണ്,Malayalam,1200 CE - present (disputed)
മണ്ണെണ്ണ,എണ്ണ,Malayalam,1200 CE - present (disputed)
പൂവങ്കോഴി,പൂവൻ,Malayalam,1200 CE - present (disputed)
പൂവങ്കോഴി, കോഴി,Malayalam,1200 CE - present (disputed)
കുതിക്കുക,*kuti,Proto-Dravidian,3000 BCE - 1500 BCE (disputed)
പദ്ധതി,पद्धति,Sanskrit,1500 BCE - present (liturgical/classical)
നാമപദ്ധതി,നാമ,Malayalam,1200 CE - present (disputed)
നാമപദ്ധതി,പദ്ധതി,Malayalam,1200 CE - present (disputed)
വിഷമം,विषम,Sanskrit,1500 BCE - present (liturgical/classical)
പ്രണയം,प्रणय,Sanskrit,1500 BCE - present (liturgical/classical)
ജലാംശം,ജല,Malayalam,1200 CE - present (disputed)
ജലാംശം,അംശം,Malayalam,1200 CE - present (disputed)
അംശം,अंश,Sanskrit,1500 BCE - present (liturgical/classical)
വീഞ്ഞ്,vinho,Portuguese,1516 CE - present
ചാക്ക്,zak,Dutch,1500 CE - present
ഹിന്ദു,हिन्दू,Sanskrit,1500 BCE - present (liturgical/classical)
പ്രോത്സാഹനം,प्रोत्साहन,Sanskrit,1500 BCE - present (liturgical/classical)
മഴവില്ല്, മഴ,Malayalam,1200 CE - present (disputed)
മഴവില്ല്,വില്ല്,Malayalam,1200 CE - present (disputed)
തന്ത്രം,तन्त्र,Sanskrit,1500 BCE - present (liturgical/classical)
സാക്ഷി,साक्षी,Sanskrit,1500 BCE - present (liturgical/classical)
കൗശലം,कौशल,Sanskrit,1500 BCE - present (liturgical/classical)
ബിയർ,beer,English,1550 CE - present
പദോൽപ്പത്തി,പദ,Malayalam,1200 CE - present (disputed)
പദോൽപ്പത്തി,ഉൽപത്തി,Malayalam,1200 CE - present (disputed)
പാർവതി,पार्वती,Sanskrit,1500 BCE - present (liturgical/classical)
പത്നി,पत्नी,Sanskrit,1500 BCE - present (liturgical/classical)
ഗംഗ,गङ्गा,Sanskrit,1500 BCE - present (liturgical/classical)
ലക്ഷ്മി,लक्ष्मी,Sanskrit,1500 BCE - present (liturgical/classical)
വികടകവി,വികട,Malayalam,1200 CE - present (disputed)
വികടകവി,കവി,Malayalam,1200 CE - present (disputed)
നിരീക്ഷണം,निरीक्षण,Sanskrit,1500 BCE - present (liturgical/classical)
താക്കീത്,تأکید,Classical Persian,800 CE - 1900 CE
താക്കീത്,تَأْكِيد,Arabic,600 CE - present
ചൂണ്ടിക്കാണിക്കുക,ചൂണ്ടി,Malayalam,1200 CE - present (disputed)
ചൂണ്ടിക്കാണിക്കുക,കാണിക്കുക,Malayalam,1200 CE - present (disputed)
ചൂണ്ടുവിരൽ,ചൂണ്ടു,Malayalam,1200 CE - present (disputed)
ചൂണ്ടുവിരൽ,വിരൽ,Malayalam,1200 CE - present (disputed)
ഒന്നാന്തരം,ഒന്നാം,Malayalam,1200 CE - present (disputed)
ഒന്നാന്തരം,തരം,Malayalam,1200 CE - present (disputed)
ക്ഷമിക്കുക,ക്ഷമ,Malayalam,1200 CE - present (disputed)
ക്ഷമിക്കുക,-ക്കുക,Malayalam,1200 CE - present (disputed)
മരത്തൊലി,മര,Malayalam,1200 CE - present (disputed)
മരത്തൊലി,തൊലി,Malayalam,1200 CE - present (disputed)
എന്നത്,എന്ന,Malayalam,1200 CE - present (disputed)
എന്നത്,അത്,Malayalam,1200 CE - present (disputed)
ഭാരമുള്ള,ഭാരം,Malayalam,1200 CE - present (disputed)
ഭാരമുള്ള,ഉള്ള,Malayalam,1200 CE - present (disputed)
കനമുള്ള,കനം,Malayalam,1200 CE - present (disputed)
കനമുള്ള,ഉള്ള,Malayalam,1200 CE - present (disputed)
ചിമ്മിനി,chimney,English,1550 CE - present
പുകക്കുഴൽ,പുക,Malayalam,1200 CE - present (disputed)
പുകക്കുഴൽ,കുഴൽ,Malayalam,1200 CE - present (disputed)
പിഴിയുക,*piẓi-,Proto-Dravidian,3000 BCE - 1500 BCE (disputed)
മരിക്കുക,मरति,Sanskrit,1500 BCE - present (liturgical/classical)
പശ്ചിമ,पश्चिम,Sanskrit,1500 BCE - present (liturgical/classical)
പശ്ചിമം,पश्चिम,Sanskrit,1500 BCE - present (liturgical/classical)
ശ്രമം,श्रम,Sanskrit,1500 BCE - present (liturgical/classical)
ശ്രമിക്കുക,श्रम,Sanskrit,1500 BCE - present (liturgical/classical)
തലമുടി,തല,Malayalam,1200 CE - present (disputed)
തലമുടി,മുടി,Malayalam,1200 CE - present (disputed)
ദിശ,दिशा,Sanskrit,1500 BCE - present (liturgical/classical)
ആവശ്യത്തിലധികം,ആവശ്യം,Malayalam,1200 CE - present (disputed)
ആവശ്യത്തിലധികം,അധികം,Malayalam,1200 CE - present (disputed)
ഇഷ്ടംപോലെ,ഇഷ്ടം,Malayalam,1200 CE - present (disputed)
ഇഷ്ടംപോലെ,പോലെ,Malayalam,1200 CE - present (disputed)
പശ്ചാത്താപം,पश्चाताप,Sanskrit,1500 BCE - present (liturgical/classical)
വ്യായാമം,व्यायाम,Sanskrit,1500 BCE - present (liturgical/classical)
മണ്ഡലം,मण्डल,Sanskrit,1500 BCE - present (liturgical/classical)
ക്രൂരത,क्रूरता,Sanskrit,1500 BCE - present (liturgical/classical)
ന്യായാധിപതി,ന്യായം,Malayalam,1200 CE - present (disputed)
ന്യായാധിപതി,അധിപതി,Malayalam,1200 CE - present (disputed)
ജഡ്ജി,judge,English,1550 CE - present
ആമുഖം,आमुख,Sanskrit,1500 BCE - present (liturgical/classical)
ഭീകരാക്രമണം,ഭീകരം,Malayalam,1200 CE - present (disputed)
ഭീകരാക്രമണം,ആക്രമണം,Malayalam,1200 CE - present (disputed)
ചിത്രം,चित्र,Sanskrit,1500 BCE - present (liturgical/classical)
നഷ്ടം,नष्ट,Sanskrit,1500 BCE - present (liturgical/classical)
ലിപി,लिपि,Sanskrit,1500 BCE - present (liturgical/classical)
ലിപി,𒁾,Sumerian,not available
നിർദ്ദേശം,निर्देश,Sanskrit,1500 BCE - present (liturgical/classical)
വിഭജനം,विभजन,Sanskrit,1500 BCE - present (liturgical/classical)
പ്രക്ഷോഭം,प्रक्षोभ,Sanskrit,1500 BCE - present (liturgical/classical)
തീരം,तीर,Sanskrit,1500 BCE - present (liturgical/classical)
കരയാമ,കര,Malayalam,1200 CE - present (disputed)
കരയാമ,ആമ,Malayalam,1200 CE - present (disputed)
കടലാമ,കടൽ,Malayalam,1200 CE - present (disputed)
കടലാമ,ആമ,Malayalam,1200 CE - present (disputed)
വിഷയം,विषय,Sanskrit,1500 BCE - present (liturgical/classical)
സാവധാനം,सावधान,Sanskrit,1500 BCE - present (liturgical/classical)
വാചകം,वाचक,Sanskrit,1500 BCE - present (liturgical/classical)
പുരസ്കാരം,पुरस्कार,Sanskrit,1500 BCE - present (liturgical/classical)
ആമസോൺ,Amazon,English,1550 CE - present
ന്യായം,न्याय,Sanskrit,1500 BCE - present (liturgical/classical)
കൊറിയ,Korea,English,1550 CE - present
കൊറിയ,고려,Korean,not available
ആയോധനകല,ആയോധന,Malayalam,1200 CE - present (disputed)
ആയോധനകല,കല,Malayalam,1200 CE - present (disputed)
കേക്ക്,cake,English,1550 CE - present
ഭഗവദ്ഗീത,भगवद्गीता,Sanskrit,1500 BCE - present (liturgical/classical)
ബൈബിൾ,Bible,English,1550 CE - present
രാമായണം,रामायण,Sanskrit,1500 BCE - present (liturgical/classical)
ഖുറാൻ,قرآن,Arabic,600 CE - present
ഓഫ്,off,English,1550 CE - present
ഓഫാക്കുക,off,English,1550 CE - present
ഉപദേശം,उपदेश,Sanskrit,1500 BCE - present (liturgical/classical)
സമനില,സമ,Malayalam,1200 CE - present (disputed)
സമനില,നില,Malayalam,1200 CE - present (disputed)
ഭാഗ്യം,भाग्य,Sanskrit,1500 BCE - present (liturgical/classical)
പൈലറ്റ്,pilot,English,1550 CE - present
കൊറോണ,corona,English,1550 CE - present
ഓഫീസ്,office,English,1550 CE - present
ഉലകം,लोक,Sanskrit,1500 BCE - present (liturgical/classical)
പാത്രം,पात्र,Sanskrit,1500 BCE - present (liturgical/classical)
ഉപമ,उपमा,Sanskrit,1500 BCE - present (liturgical/classical)
അതിശയം,अतिशय,Sanskrit,1500 BCE - present (liturgical/classical)
രണം,रण,Sanskrit,1500 BCE - present (liturgical/classical)
റാണി,𑀭𑀸𑀡𑀻,Prakrit,500 BCE - 1000 CE
റാണി,राज्ञी,Sanskrit,1500 BCE - present (liturgical/classical)
ലഘു,लघु,Sanskrit,1500 BCE - present (liturgical/classical)
മൃദുത്വം,മൃദു,Malayalam,1200 CE - present (disputed)
മൃദുത്വം,-ത്വം,Malayalam,1200 CE - present (disputed)
മൃദു,मृदु,Sanskrit,1500 BCE - present (liturgical/classical)
ലഘുത്വം,ലഘു,Malayalam,1200 CE - present (disputed)
ലഘുത്വം,-ത്വം,Malayalam,1200 CE - present (disputed)
ആലോചന,आलोचना,Sanskrit,1500 BCE - present (liturgical/classical)
ഗൂഢ,गूढ,Sanskrit,1500 BCE - present (liturgical/classical)
ഗൂഢം,गूढ,Sanskrit,1500 BCE - present (liturgical/classical)
ഹരിതഗൃഹപ്രഭാവം,ഹരിതഗൃഹ,Malayalam,1200 CE - present (disputed)
ഹരിതഗൃഹപ്രഭാവം,പ്രഭാവം,Malayalam,1200 CE - present (disputed)
പുനഃ-,पुनः-,Sanskrit,1500 BCE - present (liturgical/classical)
പൂർണ,पूर्ण,Sanskrit,1500 BCE - present (liturgical/classical)
പൂർണം,पूर्ण,Sanskrit,1500 BCE - present (liturgical/classical)
അപൂർണം,अपूर्ण,Sanskrit,1500 BCE - present (liturgical/classical)
പഠനം,पठन,Sanskrit,1500 BCE - present (liturgical/classical)
പുനഃപ്രവേശനം,पुनःप्रवेशन,Sanskrit,1500 BCE - present (liturgical/classical)
മഴക്കാറ്,മഴ,Malayalam,1200 CE - present (disputed)
മഴക്കാറ്,കാറ്,Malayalam,1200 CE - present (disputed)
കാറ്,car,English,1550 CE - present
കാറ്,*kār,Proto-Dravidian,3000 BCE - 1500 BCE (disputed)
അമ്ലമഴ,അമ്ല,Malayalam,1200 CE - present (disputed)
അമ്ലമഴ,മഴ ,Malayalam,1200 CE - present (disputed)
അമ്ല,अम्ल,Sanskrit,1500 BCE - present (liturgical/classical)
ശുഗർ,sugar,English,1550 CE - present
ദേശീയോദ്യാനം,ദേശീയ,Malayalam,1200 CE - present (disputed)
ദേശീയോദ്യാനം,ഉദ്യാനം,Malayalam,1200 CE - present (disputed)
ഭരണകൂടം,ഭരണ,Malayalam,1200 CE - present (disputed)
ഭരണകൂടം,കൂടം,Malayalam,1200 CE - present (disputed)
ഭരണനിർവ്വഹണം,ഭരണ,Malayalam,1200 CE - present (disputed)
ഭരണനിർവ്വഹണം,നിർവ്വഹണം,Malayalam,1200 CE - present (disputed)
പഞ്ചായത്ത്,पंचायत,Hindi,not available
സമ്മേളനം,सम्मेलन ,Sanskrit,1500 BCE - present (liturgical/classical)
മനഃപൂർവ്വം,मनःपूर्व,Sanskrit,1500 BCE - present (liturgical/classical)
പകർപ്പവകാശം,പകർപ്പ്‌,Malayalam,1200 CE - present (disputed)
പകർപ്പവകാശം,അവകാശം,Malayalam,1200 CE - present (disputed)
മാനദണ്ഡം,മാന,Malayalam,1200 CE - present (disputed)
മാനദണ്ഡം,ദണ്ഡം,Malayalam,1200 CE - present (disputed)
രതിമൂർച്ഛ,രതി,Malayalam,1200 CE - present (disputed)
രതിമൂർച്ഛ,മൂർച്ഛ,Malayalam,1200 CE - present (disputed)
തത്ത്വമസി,तत्त्वमसि,Sanskrit,1500 BCE - present (liturgical/classical)
സ്ഥാനമാനം,സ്ഥാന,Malayalam,1200 CE - present (disputed)
സ്ഥാനമാനം,മാനം ,Malayalam,1200 CE - present (disputed)
സ്വവർഗാനുരാഗി,സ്വവർഗ,Malayalam,1200 CE - present (disputed)
സ്വവർഗാനുരാഗി,അനുരാഗി,Malayalam,1200 CE - present (disputed)
വേശ്യാവൃത്തി,വേശ്യ,Malayalam,1200 CE - present (disputed)
വേശ്യാവൃത്തി,വൃത്തി,Malayalam,1200 CE - present (disputed)
വാണിജ്യം,वाणिज्य,Sanskrit,1500 BCE - present (liturgical/classical)
ഉപജീവനം,ഉപ,Malayalam,1200 CE - present (disputed)
ഉപജീവനം,ജീവനം,Malayalam,1200 CE - present (disputed)
അധോവായു,അധോ,Malayalam,1200 CE - present (disputed)
അധോവായു,വായു,Malayalam,1200 CE - present (disputed)
സംരംഭം,संरम्भ,Sanskrit,1500 BCE - present (liturgical/classical)
നൗക,नौका,Sanskrit,1500 BCE - present (liturgical/classical)
കമ്പനി,company,English,1550 CE - present
ശുദ്ധി,शुद्धि,Sanskrit,1500 BCE - present (liturgical/classical)
കൗടില്യൻ,कौटिल्य,Sanskrit,1500 BCE - present (liturgical/classical)
ചാണക്യൻ,चाणक्य,Sanskrit,1500 BCE - present (liturgical/classical)
ശാല,शाला,Sanskrit,1500 BCE - present (liturgical/classical)
കലാലയം,കല,Malayalam,1200 CE - present (disputed)
കലാലയം,ആലയം,Malayalam,1200 CE - present (disputed)
ഫലകം,फलक,Sanskrit,1500 BCE - present (liturgical/classical)
മാതൃക,मातृका,Sanskrit,1500 BCE - present (liturgical/classical)
കാവ്യ,काव्य,Sanskrit,1500 BCE - present (liturgical/classical)
വിദ്വേഷം,विद्वेष,Sanskrit,1500 BCE - present (liturgical/classical)
വിരക്തി,विरक्ति,Sanskrit,1500 BCE - present (liturgical/classical)
പരിചരണം,परिचारण,Sanskrit,1500 BCE - present (liturgical/classical)
ശുശ്രൂഷ,शुश्रूषा,Sanskrit,1500 BCE - present (liturgical/classical)
പാലനം,पालन,Sanskrit,1500 BCE - present (liturgical/classical)
സമ്മതം,सम्मत,Sanskrit,1500 BCE - present (liturgical/classical)
പരിപാലനം,परिपालन,Sanskrit,1500 BCE - present (liturgical/classical)
സമ്മതിക്കുക,सम्मत,Sanskrit,1500 BCE - present (liturgical/classical)
ശിഷ്ടം,शिष्ट,Sanskrit,1500 BCE - present (liturgical/classical)
പേജ്,page,English,1550 CE - present
പെയ്ജ്,page,English,1550 CE - present
പുനർ-,पुनर्-,Sanskrit,1500 BCE - present (liturgical/classical)
ആരംഭം,आरम्भ,Sanskrit,1500 BCE - present (liturgical/classical)
ഇങ്ക്,ink,English,1550 CE - present
പുനരാരംഭം,पुनरारम्भ,Sanskrit,1500 BCE - present (liturgical/classical)
അന്തി,अन्त,Sanskrit,1500 BCE - present (liturgical/classical)
അന്ധി,अन्ध,Sanskrit,1500 BCE - present (liturgical/classical)
ആയാസം,आयास,Sanskrit,1500 BCE - present (liturgical/classical)
പരി-,परि-,Sanskrit,1500 BCE - present (liturgical/classical)
അൻ-,अन्-,Sanskrit,1500 BCE - present (liturgical/classical)
അനായാസം,अनायास,Sanskrit,1500 BCE - present (liturgical/classical)
പരിശീലനം,പരി-,Malayalam,1200 CE - present (disputed)
പരിശീലനം,ശീലനം,Malayalam,1200 CE - present (disputed)
അനുഭവം,अनुभव,Sanskrit,1500 BCE - present (liturgical/classical)
ശൂന്യം,शून्य,Sanskrit,1500 BCE - present (liturgical/classical)
നന്ദന,नन्दन,Sanskrit,1500 BCE - present (liturgical/classical)
ക്രൂരം,क्रूर,Sanskrit,1500 BCE - present (liturgical/classical)
വനജ,वनज,Sanskrit,1500 BCE - present (liturgical/classical)
നന്ദനം,नन्दन,Sanskrit,1500 BCE - present (liturgical/classical)
നഷ്ടപരിഹാരം,നഷ്ട,Malayalam,1200 CE - present (disputed)
നഷ്ടപരിഹാരം,പരിഹാരം,Malayalam,1200 CE - present (disputed)
രാമൻ,राम,Sanskrit,1500 BCE - present (liturgical/classical)
മഹത്വം,महत्व,Sanskrit,1500 BCE - present (liturgical/classical)
ആത്മഹത്യ,आत्महत्या,Sanskrit,1500 BCE - present (liturgical/classical)
റ്റാക്സ്,tax,English,1550 CE - present
ടാക്സ്,tax,English,1550 CE - present
ഹസ്തം,हस्त,Sanskrit,1500 BCE - present (liturgical/classical)
കഠിനം,कठिन,Sanskrit,1500 BCE - present (liturgical/classical)
കഠിനമായ,कठिन,Sanskrit,1500 BCE - present (liturgical/classical)
തുകൽ,*tokal,Proto-Dravidian,3000 BCE - 1500 BCE (disputed)
ചര്‍മ്മം,चर्म,Sanskrit,1500 BCE - present (liturgical/classical)
വോട്ട്,vote,English,1550 CE - present
അനുവദിക്കുക,अनुवाद,Sanskrit,1500 BCE - present (liturgical/classical)
ശീലം,शील,Sanskrit,1500 BCE - present (liturgical/classical)
ശീലനം,शीलन,Sanskrit,1500 BCE - present (liturgical/classical)
സകല,सकल,Sanskrit,1500 BCE - present (liturgical/classical)
റ്റാറ്റാ,ta ta,English,1550 CE - present
ളോഹ,loba,Portuguese,1516 CE - present
ങുയെൻ,Nguyen,English,1550 CE - present
ങ്വിയൻ,Nguyen,English,1550 CE - present
ഢുണ്ഢനം,ढुण्ढन,Sanskrit,1500 BCE - present (liturgical/classical)
കവചം,कवच,Sanskrit,1500 BCE - present (liturgical/classical)
ഢാലം,ढाल,Sanskrit,1500 BCE - present (liturgical/classical)
ഠാക്കൂർ,ठाकुर,Hindi,not available
ഢക്കനം,ढक्कन,Sanskrit,1500 BCE - present (liturgical/classical)
തായ്,Thai,English,1550 CE - present
ജനകൻ,जनक,Sanskrit,1500 BCE - present (liturgical/classical)
ജന്തു,जन्तु,Sanskrit,1500 BCE - present (liturgical/classical)
ശ്വസിക്കുക,श्वास,Sanskrit,1500 BCE - present (liturgical/classical)
ദശകം,दशक,Sanskrit,1500 BCE - present (liturgical/classical)
സഹസ്രാബ്ദം,सहस्राब्द,Sanskrit,1500 BCE - present (liturgical/classical)
സെക്കന്റ്,second,English,1550 CE - present
മിനിറ്റ്,minute,English,1550 CE - present
ദശാബ്ദം,दशाब्द,Sanskrit,1500 BCE - present (liturgical/classical)
ശതാബ്ദം,शताब्द,Sanskrit,1500 BCE - present (liturgical/classical)
ഏക,एक,Sanskrit,1500 BCE - present (liturgical/classical)
തെൻ,*ten̠,Proto-Dravidian,3000 BCE - 1500 BCE (disputed)
അർഹൻ,अर्ह,Sanskrit,1500 BCE - present (liturgical/classical)
വെള്ളില,വെള്ള,Malayalam,1200 CE - present (disputed)
വെള്ളില,ഇല,Malayalam,1200 CE - present (disputed)
വെണ്ണ,*weḷ,Proto-Dravidian,3000 BCE - 1500 BCE (disputed)
കണ്ണൻ,कृष्ण,Sanskrit,1500 BCE - present (liturgical/classical)
കൃഷ്ണ,कृष्ण,Sanskrit,1500 BCE - present (liturgical/classical)
കൃഷ്ണൻ,कृष्ण,Sanskrit,1500 BCE - present (liturgical/classical)
വല്യച്ചൻ,വല്യ,Malayalam,1200 CE - present (disputed)
വല്യച്ചൻ,അച്ചൻ,Malayalam,1200 CE - present (disputed)
കൊച്ചച്ചൻ,കൊച്ച്,Malayalam,1200 CE - present (disputed)
കൊച്ചച്ചൻ,അച്ചൻ,Malayalam,1200 CE - present (disputed)
പുഷ്പം,पुष्प,Sanskrit,1500 BCE - present (liturgical/classical)
പാദം,पाद,Sanskrit,1500 BCE - present (liturgical/classical)
ഛർദ്ദിക്കുക,छर्दि,Sanskrit,1500 BCE - present (liturgical/classical)
ഐസ്,ice,English,1550 CE - present
നൂൽ,*nūl,Proto-Dravidian,3000 BCE - 1500 BCE (disputed)
പൊൻ,*pon,Proto-Dravidian,3000 BCE - 1500 BCE (disputed)
ശമ്പളം,शम्बल,Sanskrit,1500 BCE - present (liturgical/classical)
കമ്യൂണിസം,communism,English,1550 CE - present
യുദ്ധം,युद्ध,Sanskrit,1500 BCE - present (liturgical/classical)
യുഗം,युग,Sanskrit,1500 BCE - present (liturgical/classical)
നെപ്റ്റ്യൂൺ,Neptune,English,1550 CE - present
യുറേനസ്,Uranus,English,1550 CE - present
കഞ്ചാവ്,गञ्जा,Sanskrit,1500 BCE - present (liturgical/classical)
അർജുൻ,अर्जुन,Sanskrit,1500 BCE - present (liturgical/classical)
സഹകരണം,सहकरण,Sanskrit,1500 BCE - present (liturgical/classical)
വീഡിയോ,video,English,1550 CE - present
കെമിസ്ട്രി,chemistry,English,1550 CE - present
സിനിമ,cinema,English,1550 CE - present
ബസ്,bus,English,1550 CE - present
കാടത്,guard,English,1550 CE - present
ജനരാൽ,general,English,1550 CE - present
ജനറൽ,general,English,1550 CE - present
ജയിൽ,jail,English,1550 CE - present
ജേൽ,jail,English,1550 CE - present
തിമ്പൾ,thimble,English,1550 CE - present
തുമ്പിൾ,thimble,English,1550 CE - present
പാക്കെട്ട്,pocket,English,1550 CE - present
പോക്കറ്റ്,pocket,English,1550 CE - present
വെയിറ്റ്,wait,English,1550 CE - present
ഡകടര്,doctor,English,1550 CE - present
ഫ്ര‌ണ്ഡ്,Friend,English,1550 CE - present
ബ്രദറിൻലോ,brother-in-law,English,1550 CE - present
വർക്ക്,work,English,1550 CE - present
കോഫി,coffee,English,1550 CE - present
ഫാരം,form,English,1550 CE - present
റെഡ്,red,English,1550 CE - present
അപ്പം,*appam,Proto-Dravidian,3000 BCE - 1500 BCE (disputed)
നാറുക,*ñāṯu,Proto-Dravidian,3000 BCE - 1500 BCE (disputed)
നെയ്,*ney,Proto-Dravidian,3000 BCE - 1500 BCE (disputed)
യെല്ലോ,yellow,English,1550 CE - present
വയലറ്റ്,violet,English,1550 CE - present
പിങ്ക്,pink,English,1550 CE - present
പർപ്പിൾ,purple,English,1550 CE - present
ബോസ്സ്,boss,English,1550 CE - present
സേവം,सेव,Sanskrit,1500 BCE - present (liturgical/classical)
കുമളിപ്പഴം,കുമളി,Malayalam,1200 CE - present (disputed)
കുമളിപ്പഴം,പഴം,Malayalam,1200 CE - present (disputed)
സേവി,सेवि,Sanskrit,1500 BCE - present (liturgical/classical)
പ്രിന്റ് ചെയ്യുക,print,Malayalam,1200 CE - present (disputed)
പ്രിന്റ് ചെയ്യുക,ചെയ്യുക,Malayalam,1200 CE - present (disputed)
ഡ്രിങ്ക്,drink,English,1550 CE - present
പ്രിന്റർ,printer,English,1550 CE - present
അച്ചടിയന്ത്രം,അച്ചടി,Malayalam,1200 CE - present (disputed)
അച്ചടിയന്ത്രം,യന്ത്രം,Malayalam,1200 CE - present (disputed)
സ്വിച്ച്,switch,English,1550 CE - present
ഘടികാരദിശ,ഘടികാരം,Malayalam,1200 CE - present (disputed)
ഘടികാരദിശ,ദിശ,Malayalam,1200 CE - present (disputed)
ഘടികാരം,घटी,Sanskrit,1500 BCE - present (liturgical/classical)
അപ്രദക്ഷിണദിശ,‌അപ്രദക്ഷിണം,Malayalam,1200 CE - present (disputed)
അപ്രദക്ഷിണദിശ,ദിശ,Malayalam,1200 CE - present (disputed)
പ്രദക്ഷിണദിശ,‌പ്രദക്ഷിണം,Malayalam,1200 CE - present (disputed)
പ്രദക്ഷിണദിശ,ദിശ,Malayalam,1200 CE - present (disputed)
ഓര്‍മ്മശക്തി,ഓര്‍മ്മ,Malayalam,1200 CE - present (disputed)
ഓര്‍മ്മശക്തി,ശക്തി,Malayalam,1200 CE - present (disputed)
കാലിപിജിയൻ,callipygian,English,1550 CE - present
പാർട്ടി,party,English,1550 CE - present
വാട്ടർ,water,English,1550 CE - present
എക്സ്പീരിയൻസ്,experience,English,1550 CE - present
റൗണ്ട്,round,English,1550 CE - present
കണക്ഷൻ,connection,English,1550 CE - present
ഫോട്ടോ,photo,English,1550 CE - present
ഫോട്ടോഗ്രാഫ്,photograph,English,1550 CE - present
ഹാപ്പി,happy,English,1550 CE - present
ഹെൽപ്പ്,help,English,1550 CE - present
മദാമ്മ,madam,English,1550 CE - present
റൺ,run,English,1550 CE - present
കോൺസെൻട്രേഷൻ,concentration,English,1550 CE - present
പ്ലേറ്റ്,plate,English,1550 CE - present
കസിൻ,cousin,English,1550 CE - present
റെഡി,ready,English,1550 CE - present
ഫോൺ,phone,English,1550 CE - present
പ്രാക്ടീസ്,practice,English,1550 CE - present
സാർ,sir,English,1550 CE - present
ശിശു,शिशु,Sanskrit,1500 BCE - present (liturgical/classical)
ലളിതം,ललित,Sanskrit,1500 BCE - present (liturgical/classical)
അസല്‍,أصل,Arabic,600 CE - present
അദാലത്ത്,عدالة,Arabic,600 CE - present
ആലം,عالم,Arabic,600 CE - present
ഇക്ക,أخ,Arabic,600 CE - present
അനാമത്ത്,امانة,Arabic,600 CE - present
ഇത്ത,أخت,Arabic,600 CE - present
അക്ഷരപ്പിശക്,അക്ഷര,Malayalam,1200 CE - present (disputed)
അക്ഷരപ്പിശക്,പിശക്,Malayalam,1200 CE - present (disputed)
അക്ഷരത്തെറ്റ്,അക്ഷര,Malayalam,1200 CE - present (disputed)
അക്ഷരത്തെറ്റ്,തെറ്റ്,Malayalam,1200 CE - present (disputed)
കണിശം,कणिश,Sanskrit,1500 BCE - present (liturgical/classical)
നിശ്ചയം,निश्चय,Sanskrit,1500 BCE - present (liturgical/classical)
വിധി,विधि,Sanskrit,1500 BCE - present (liturgical/classical)
ജംഗമദൂരവാണി,जङ्गम दूरवाणी,Sanskrit,1500 BCE - present (liturgical/classical)
ദൂരഭാഷണശ്രവണസഹായി,ദൂരഭാഷണി,Malayalam,1200 CE - present (disputed)
ദൂരഭാഷണശ്രവണസഹായി,ശ്രവണം,Malayalam,1200 CE - present (disputed)
ദൂരഭാഷണശ്രവണസഹായി,സഹായി,Malayalam,1200 CE - present (disputed)
സഞ്ചാരദൂരഭാഷിണി,സഞ്ചാരം,Malayalam,1200 CE - present (disputed)
സഞ്ചാരദൂരഭാഷിണി,ദൂരഭാഷണി,Malayalam,1200 CE - present (disputed)
സംഗണനി,സംഗണകം,Malayalam,1200 CE - present (disputed)
സംഗണനി,ഗണനി,Malayalam,1200 CE - present (disputed)
എണ്ണിനി,എണ്ണുക,Malayalam,1200 CE - present (disputed)
എണ്ണിനി,ഗണിനി,Malayalam,1200 CE - present (disputed)
സ്തനം,स्तन,Sanskrit,1500 BCE - present (liturgical/classical)
സ്തനാർബുദം,സ്തന,Malayalam,1200 CE - present (disputed)
സ്തനാർബുദം,അർബുദം,Malayalam,1200 CE - present (disputed)
മന്ത്രവാദം,മന്ത്ര,Malayalam,1200 CE - present (disputed)
മന്ത്രവാദം,വാദം,Malayalam,1200 CE - present (disputed)
മാന്ത്രികം,मान्त्रिक,Sanskrit,1500 BCE - present (liturgical/classical)
ജാലവിദ്യ,ജാല,Malayalam,1200 CE - present (disputed)
ജാലവിദ്യ,വിദ്യ,Malayalam,1200 CE - present (disputed)
വിഭ്രമം,विभ्रम,Sanskrit,1500 BCE - present (liturgical/classical)
സംഭ്രമം,सम्भ्रम,Sanskrit,1500 BCE - present (liturgical/classical)
ആവിഷ്കാരം,आविष्कार,Sanskrit,1500 BCE - present (liturgical/classical)
ആവിഷ്കരിക്കുക,आविष्कार,Sanskrit,1500 BCE - present (liturgical/classical)
ആംഗലഭാഷ,ആംഗലേയം,Malayalam,1200 CE - present (disputed)
ആംഗലഭാഷ,ഭാഷ,Malayalam,1200 CE - present (disputed)
പിംഗലവർണ്ണം,പിംഗലം,Malayalam,1200 CE - present (disputed)
പിംഗലവർണ്ണം,വർണ്ണം,Malayalam,1200 CE - present (disputed)
ചെറുഗണിനി,ചെറു,Malayalam,1200 CE - present (disputed)
ചെറുഗണിനി,ഗണിനി,Malayalam,1200 CE - present (disputed)
വൻശകടം,വൻ,Malayalam,1200 CE - present (disputed)
വൻശകടം,ശകടം,Malayalam,1200 CE - present (disputed)
പെരുവണ്ടി,പെരു,Malayalam,1200 CE - present (disputed)
പെരുവണ്ടി,വണ്ടി,Malayalam,1200 CE - present (disputed)
പെരുവണ്ടി,பேருந்து,Tamil,300 BCE - present
തേജസ്,तेजस्,Sanskrit,1500 BCE - present (liturgical/classical)
വാദം,वाद,Sanskrit,1500 BCE - present (liturgical/classical)
ലന്ത,Holanda,Portuguese,1516 CE - present
തൊള്ളായിരം,*toḷ,Proto-Dravidian,3000 BCE - 1500 BCE (disputed)
തൊണ്ണൂറ്,*toṇ,Proto-Dravidian,3000 BCE - 1500 BCE (disputed)
സ്ഫടികം,स्फटिक,Sanskrit,1500 BCE - present (liturgical/classical)
കിലോ,kilo,English,1550 CE - present
മാന്യത,मान्यता,Sanskrit,1500 BCE - present (liturgical/classical)
ധിക്കാരം,धिक्कार,Sanskrit,1500 BCE - present (liturgical/classical)
സഖ്യം,सख्य,Sanskrit,1500 BCE - present (liturgical/classical)
അംഗത്വം,अङ्गत्व,Sanskrit,1500 BCE - present (liturgical/classical)
ഷഷ്ഠി,षष्ठी,Sanskrit,1500 BCE - present (liturgical/classical)
പദാർത്ഥം,पदार्थ,Sanskrit,1500 BCE - present (liturgical/classical)
പാഷാണം,पाषाण,Sanskrit,1500 BCE - present (liturgical/classical)
ഐതിഹ്യം,ऐतिह्य,Sanskrit,1500 BCE - present (liturgical/classical)
സകലം,सकल,Sanskrit,1500 BCE - present (liturgical/classical)
പ്രധാനമന്ത്രി,പ്രധാന,Malayalam,1200 CE - present (disputed)
പ്രധാനമന്ത്രി,മന്ത്രി,Malayalam,1200 CE - present (disputed)
പുരാതനം,पुरातन,Sanskrit,1500 BCE - present (liturgical/classical)
പിന്തുടരുക,പിൻ,Malayalam,1200 CE - present (disputed)
പിന്തുടരുക,തുടരുക,Malayalam,1200 CE - present (disputed)
മലം,मल,Sanskrit,1500 BCE - present (liturgical/classical)
നാണക്കേട്,നാണ,Malayalam,1200 CE - present (disputed)
നാണക്കേട്,കേട്,Malayalam,1200 CE - present (disputed)
ഒക്കുക,*o-,Proto-Dravidian,3000 BCE - 1500 BCE (disputed)
അകം,*akam,Proto-Dravidian,3000 BCE - 1500 BCE (disputed)
ദാസൻ,दास,Sanskrit,1500 BCE - present (liturgical/classical)
സേവകൻ,सेवक,Sanskrit,1500 BCE - present (liturgical/classical)
വേലക്കാരൻ,വേല,Malayalam,1200 CE - present (disputed)
വേലക്കാരൻ,കാരൻ,Malayalam,1200 CE - present (disputed)
ഭ്രാന്തൻ,भ्रान्त,Sanskrit,1500 BCE - present (liturgical/classical)
കുർബാന,ܩܘܪܒܢܐ,Classical Syriac,not available
ഭവാൻ,भवान्,Sanskrit,1500 BCE - present (liturgical/classical)
രാശി,राशि,Sanskrit,1500 BCE - present (liturgical/classical)
പോസ്റ്റ്,post,English,1550 CE - present
സന്ധി,संधि,Sanskrit,1500 BCE - present (liturgical/classical)
പുത്രി,पुत्री,Sanskrit,1500 BCE - present (liturgical/classical)
അമൃത, अमृत,Sanskrit,1500 BCE - present (liturgical/classical)
കൃഷി,कृषि,Sanskrit,1500 BCE - present (liturgical/classical)
കീർത്തി,कीर्ति,Sanskrit,1500 BCE - present (liturgical/classical)
അമൃത്, अमृत,Sanskrit,1500 BCE - present (liturgical/classical)
നിലവിളി,നില,Malayalam,1200 CE - present (disputed)
നിലവിളി,വിളി,Malayalam,1200 CE - present (disputed)
മുറവിളി,മുറ,Malayalam,1200 CE - present (disputed)
മുറവിളി,വിളി,Malayalam,1200 CE - present (disputed)
ഗണപതി,गणपति,Sanskrit,1500 BCE - present (liturgical/classical)
മുപ്പത്,മു,Malayalam,1200 CE - present (disputed)
മുപ്പത്,പത്ത്,Malayalam,1200 CE - present (disputed)
പൂജ,पूजा,Sanskrit,1500 BCE - present (liturgical/classical)
പന്ത്രണ്ട്,പത്ത്,Malayalam,1200 CE - present (disputed)
പന്ത്രണ്ട്,രണ്ട്,Malayalam,1200 CE - present (disputed)
കബര്‍,قبر,Arabic,600 CE - present
കബര്‍,קבר,Hebrew,900 BCE - 500 CE
പതിമൂന്ന്,പത്ത്,Malayalam,1200 CE - present (disputed)
പതിമൂന്ന്,മൂന്ന്,Malayalam,1200 CE - present (disputed)
പതിനൊന്ന്,പത്ത്,Malayalam,1200 CE - present (disputed)
പതിനൊന്ന്,ഒന്ന്,Malayalam,1200 CE - present (disputed)
പതിനാല്,പത്ത്,Malayalam,1200 CE - present (disputed)
പതിനാല്,നാല്,Malayalam,1200 CE - present (disputed)
പതിനഞ്ച്,പത്ത്,Malayalam,1200 CE - present (disputed)
പതിനഞ്ച്,അഞ്ച്,Malayalam,1200 CE - present (disputed)
പതിനേഴ്,പത്ത്,Malayalam,1200 CE - present (disputed)
പതിനേഴ്,ഏഴ്,Malayalam,1200 CE - present (disputed)
നാല്പത്,നാൽ,Malayalam,1200 CE - present (disputed)
നാല്പത്,പത്ത്,Malayalam,1200 CE - present (disputed)
ഇരുപത്,ഇരു,Malayalam,1200 CE - present (disputed)
ഇരുപത്,പത്ത്,Malayalam,1200 CE - present (disputed)
പതിനെട്ട്,പത്ത്,Malayalam,1200 CE - present (disputed)
പതിനെട്ട്,എട്ട്,Malayalam,1200 CE - present (disputed)
പത്തൊൻപത്,പത്ത്,Malayalam,1200 CE - present (disputed)
പത്തൊൻപത്,ഒൻപത്,Malayalam,1200 CE - present (disputed)
എഴുപത്,ഏഴ്,Malayalam,1200 CE - present (disputed)
എഴുപത്,പത്ത്,Malayalam,1200 CE - present (disputed)
ഇരുന്നൂറ്,ഇരു,Malayalam,1200 CE - present (disputed)
ഇരുന്നൂറ്,നൂറ്,Malayalam,1200 CE - present (disputed)
മുന്നൂറ്,മു,Malayalam,1200 CE - present (disputed)
മുന്നൂറ്,നൂറ്,Malayalam,1200 CE - present (disputed)
അറുപത്,ആറ്,Malayalam,1200 CE - present (disputed)
അറുപത്,പത്ത്,Malayalam,1200 CE - present (disputed)
അറുന്നൂറ്,ആറു,Malayalam,1200 CE - present (disputed)
അറുന്നൂറ്,നൂറ്,Malayalam,1200 CE - present (disputed)
എൺപത്,*eṇ,Proto-Dravidian,3000 BCE - 1500 BCE (disputed)
നാന്നൂറ്,നാൽ,Malayalam,1200 CE - present (disputed)
നാന്നൂറ്,നൂറ്,Malayalam,1200 CE - present (disputed)
ഒമ്പതിനായിരം,ഒമ്പത്,Malayalam,1200 CE - present (disputed)
ഒമ്പതിനായിരം,ആയിരം,Malayalam,1200 CE - present (disputed)
എഴുന്നൂറ്,ഏഴു,Malayalam,1200 CE - present (disputed)
എഴുന്നൂറ്,നൂറ്,Malayalam,1200 CE - present (disputed)
എണ്ണൂറ്,*eṇ,Proto-Dravidian,3000 BCE - 1500 BCE (disputed)
ഒൻപതിനായിരം,ഒൻപത്,Malayalam,1200 CE - present (disputed)
ഒൻപതിനായിരം,ആയിരം,Malayalam,1200 CE - present (disputed)
പത്തുലക്ഷം,പത്തു,Malayalam,1200 CE - present (disputed)
പത്തുലക്ഷം,ലക്ഷം,Malayalam,1200 CE - present (disputed)
ഇരുപത്തിരണ്ട്,ഇരു,Malayalam,1200 CE - present (disputed)
ഇരുപത്തിരണ്ട്,പത്ത്,Malayalam,1200 CE - present (disputed)
ഇരുപത്തിരണ്ട്,രണ്ട്,Malayalam,1200 CE - present (disputed)
കാക്കത്തൊള്ളായിരം,കാക്ക,Malayalam,1200 CE - present (disputed)
കാക്കത്തൊള്ളായിരം,തൊള്ളായിരം,Malayalam,1200 CE - present (disputed)
എണ്ണമറ്റ,എണ്ണം,Malayalam,1200 CE - present (disputed)
എണ്ണമറ്റ,അറ്റ,Malayalam,1200 CE - present (disputed)
താളവാദ്യം,താള,Malayalam,1200 CE - present (disputed)
താളവാദ്യം,വാദ്യം,Malayalam,1200 CE - present (disputed)
അവഗണിക്കുക,അവഗണന,Malayalam,1200 CE - present (disputed)
അവഗണിക്കുക,-ക്കുക,Malayalam,1200 CE - present (disputed)
പേരുകേട്ട,പേര്,Malayalam,1200 CE - present (disputed)
പേരുകേട്ട,കേട്ട,Malayalam,1200 CE - present (disputed)
ഫലപ്രാപ്തി,ഫല,Malayalam,1200 CE - present (disputed)
ഫലപ്രാപ്തി,പ്രാപ്തി,Malayalam,1200 CE - present (disputed)
കിളിവാതിൽ,കിളി,Malayalam,1200 CE - present (disputed)
കിളിവാതിൽ,വാതിൽ,Malayalam,1200 CE - present (disputed)
പ്രതിസന്ധി,പ്രതി-,Malayalam,1200 CE - present (disputed)
പ്രതിസന്ധി,സന്ധി,Malayalam,1200 CE - present (disputed)
ഇഷ്ടിക,इष्टिका,Sanskrit,1500 BCE - present (liturgical/classical)
കർപ്പൂരം,कर्पूर,Sanskrit,1500 BCE - present (liturgical/classical)
മേഘസ്ഫോടനം,മേഘ,Malayalam,1200 CE - present (disputed)
മേഘസ്ഫോടനം,സ്ഫോടനം,Malayalam,1200 CE - present (disputed)
ഇരുപത്തൊന്ന്,ഇരു,Malayalam,1200 CE - present (disputed)
ഇരുപത്തൊന്ന്,പത്ത്,Malayalam,1200 CE - present (disputed)
ഇരുപത്തൊന്ന്,ഒന്ന്,Malayalam,1200 CE - present (disputed)
ഛാത്രൻ,छात्र,Sanskrit,1500 BCE - present (liturgical/classical)
മേഘ,मेघ,Sanskrit,1500 BCE - present (liturgical/classical)
ആദിത്യൻ,आदित्य,Sanskrit,1500 BCE - present (liturgical/classical)
വാമനൻ,वामन ,Sanskrit,1500 BCE - present (liturgical/classical)
പശുപതി,पशुपति,Sanskrit,1500 BCE - present (liturgical/classical)
വേട്ടക്കാരി,വേട്ട,Malayalam,1200 CE - present (disputed)
വേട്ടക്കാരി,-കാരി,Malayalam,1200 CE - present (disputed)
കണ്ടെത്തുക,കണ്ട്,Malayalam,1200 CE - present (disputed)
കണ്ടെത്തുക,എത്തുക,Malayalam,1200 CE - present (disputed)
കാരുണ്യം,कारुण्य,Sanskrit,1500 BCE - present (liturgical/classical)
അധഃപതിക്കുക,അധഃപതനം,Malayalam,1200 CE - present (disputed)
അധഃപതിക്കുക,-ക്കുക,Malayalam,1200 CE - present (disputed)
വെബ്സ്ഥാനം,web,Malayalam,1200 CE - present (disputed)
വെബ്സ്ഥാനം,സ്ഥാനം,Malayalam,1200 CE - present (disputed)
കൂട്ടക്ഷരം,കൂട്ട്,Malayalam,1200 CE - present (disputed)
കൂട്ടക്ഷരം,അക്ഷരം,Malayalam,1200 CE - present (disputed)
കൈയക്ഷരം,കൈ,Malayalam,1200 CE - present (disputed)
കൈയക്ഷരം,അക്ഷരം,Malayalam,1200 CE - present (disputed)
നിയമം,नियम,Sanskrit,1500 BCE - present (liturgical/classical)
ദ്രോഹിക്കുക,द्रोह,Sanskrit,1500 BCE - present (liturgical/classical)
പ്രമാദം,प्रमाद,Sanskrit,1500 BCE - present (liturgical/classical)
നെറ്റിപ്പട്ടം,നെറ്റി,Malayalam,1200 CE - present (disputed)
നെറ്റിപ്പട്ടം,പട്ടം,Malayalam,1200 CE - present (disputed)
ശ്രദ്ധക്കുറവ്,ശ്രദ്ധ,Malayalam,1200 CE - present (disputed)
ശ്രദ്ധക്കുറവ്,കുറവ്,Malayalam,1200 CE - present (disputed)
ചൊല്ലുക,*col,Proto-Dravidian,3000 BCE - 1500 BCE (disputed)
കഥാപ്രസംഗം,കഥ,Malayalam,1200 CE - present (disputed)
കഥാപ്രസംഗം,പ്രസംഗം,Malayalam,1200 CE - present (disputed)
യോനി,योनि,Sanskrit,1500 BCE - present (liturgical/classical)
ഇരിപ്പിടം,ഇരിപ്പ്,Malayalam,1200 CE - present (disputed)
ഇരിപ്പിടം,ഇടം,Malayalam,1200 CE - present (disputed)
ജനം,जन,Sanskrit,1500 BCE - present (liturgical/classical)
അടിക്കടി,അടിക്ക്,Malayalam,1200 CE - present (disputed)
അടിക്കടി,അടി,Malayalam,1200 CE - present (disputed)
വീണ്ടും വീണ്ടും,വീണ്ടും ,Malayalam,1200 CE - present (disputed)
അവനവൻ,അവൻ,Malayalam,1200 CE - present (disputed)
യഥാർത്ഥ,यथार्थ,Sanskrit,1500 BCE - present (liturgical/classical)
വിമാനം,विमान,Sanskrit,1500 BCE - present (liturgical/classical)
വിസ്മയം,विस्मय,Sanskrit,1500 BCE - present (liturgical/classical)
കേടുപാട്,കേട്,Malayalam,1200 CE - present (disputed)
കേടുപാട്,പാട്,Malayalam,1200 CE - present (disputed)
ആദിത്യ,आदित्य,Sanskrit,1500 BCE - present (liturgical/classical)
തടവറ,തടവ്,Malayalam,1200 CE - present (disputed)
തടവറ,അറ,Malayalam,1200 CE - present (disputed)
തുറുങ്ക്,tronco,Portuguese,1516 CE - present
ഞാറ്,*ñāṯu,Proto-Dravidian,3000 BCE - 1500 BCE (disputed)
ബണ്ട്,bund,English,1550 CE - present
ഉപേക്ഷിക്കുക,उपेक्षा,Malayalam,1200 CE - present (disputed)
ഉപേക്ഷിക്കുക,-ക്കുക,Malayalam,1200 CE - present (disputed)
നാഡീകോശം,നാഡി,Malayalam,1200 CE - present (disputed)
നാഡീകോശം,കോശം,Malayalam,1200 CE - present (disputed)
നാഡി,नाडी,Sanskrit,1500 BCE - present (liturgical/classical)
പതനം,पतन,Sanskrit,1500 BCE - present (liturgical/classical)
വിമോചനം,विमोचन,Sanskrit,1500 BCE - present (liturgical/classical)
മുക്ത,मुक्त,Sanskrit,1500 BCE - present (liturgical/classical)
മുക്തി,मुक्ति,Sanskrit,1500 BCE - present (liturgical/classical)
ഊഷ്മള,ऊष्मल,Sanskrit,1500 BCE - present (liturgical/classical)
നിരവധി,निरवधि,Sanskrit,1500 BCE - present (liturgical/classical)
മധ്യം,मध्य,Sanskrit,1500 BCE - present (liturgical/classical)
കൂട്ടുകൂടുക,കൂട്ട്,Malayalam,1200 CE - present (disputed)
കൂട്ടുകൂടുക,കൂടുക,Malayalam,1200 CE - present (disputed)
ദൈർഘ്യം,दैर्घ्य,Sanskrit,1500 BCE - present (liturgical/classical)
വിജ്ഞാന,विज्ञान,Sanskrit,1500 BCE - present (liturgical/classical)
കഷ്ട,कष्ट,Sanskrit,1500 BCE - present (liturgical/classical)
കാരണമാകുക,കാരണം,Malayalam,1200 CE - present (disputed)
കാരണമാകുക,ആകുക,Malayalam,1200 CE - present (disputed)
സോഷ്യലിസം,socialism,English,1550 CE - present
കണ്ടൻപൂച്ച,കണ്ടൻ,Malayalam,1200 CE - present (disputed)
കണ്ടൻപൂച്ച,പൂച്ച,Malayalam,1200 CE - present (disputed)
ധ്യാനം,ध्यान ,Sanskrit,1500 BCE - present (liturgical/classical)
തലം,तल,Sanskrit,1500 BCE - present (liturgical/classical)
ദശലക്ഷം,ദശ,Malayalam,1200 CE - present (disputed)
ദശലക്ഷം,ലക്ഷം,Malayalam,1200 CE - present (disputed)
ത്വക്ക്,त्वच्,Sanskrit,1500 BCE - present (liturgical/classical)
ദശ,दश,Sanskrit,1500 BCE - present (liturgical/classical)
സംഗമം,संगम,Sanskrit,1500 BCE - present (liturgical/classical)
കണ്ടുപിടിക്കുക,കണ്ട്,Malayalam,1200 CE - present (disputed)
കണ്ടുപിടിക്കുക,പിടിക്കുക,Malayalam,1200 CE - present (disputed)
കാലഘട്ടം,കാല,Malayalam,1200 CE - present (disputed)
കാലഘട്ടം,ഘട്ടം,Malayalam,1200 CE - present (disputed)
പങ്കിടുക,പങ്ക്,Malayalam,1200 CE - present (disputed)
പങ്കിടുക,ഇടുക,Malayalam,1200 CE - present (disputed)
വഴികാട്ടി,വഴി,Malayalam,1200 CE - present (disputed)
വഴികാട്ടി,കാട്ടി,Malayalam,1200 CE - present (disputed)
ആണവോർജ്ജം,ആണവ,Malayalam,1200 CE - present (disputed)
ആണവോർജ്ജം,ഊർജ്ജം,Malayalam,1200 CE - present (disputed)
ഭിന്നസംഖ്യ,ഭിന്ന,Malayalam,1200 CE - present (disputed)
ഭിന്നസംഖ്യ,സംഖ്യ,Malayalam,1200 CE - present (disputed)
വിഭിന്നത,विभिन्नता,Sanskrit,1500 BCE - present (liturgical/classical)
ഭിന്നം,भिन्न,Sanskrit,1500 BCE - present (liturgical/classical)
ഭിന്ന,भिन्न,Sanskrit,1500 BCE - present (liturgical/classical)
പ്രവഹിക്കുക,प्रवाह ,Sanskrit,1500 BCE - present (liturgical/classical)
ഹൃദയാഘാതം,ഹൃദയ,Malayalam,1200 CE - present (disputed)
ഹൃദയാഘാതം,ആഘാതം,Malayalam,1200 CE - present (disputed)
ഹൃദയസ്തംഭനം,ഹൃദയ,Malayalam,1200 CE - present (disputed)
ഹൃദയസ്തംഭനം,സ്തംഭനം,Malayalam,1200 CE - present (disputed)
പുകയില,പുക,Malayalam,1200 CE - present (disputed)
പുകയില,ഇല,Malayalam,1200 CE - present (disputed)
പുകവലി,പുക,Malayalam,1200 CE - present (disputed)
പുകവലി,വലി,Malayalam,1200 CE - present (disputed)
അനുസരിക്കുക,അനുസരണം,Malayalam,1200 CE - present (disputed)
അനുസരിക്കുക,-ക്കുക,Malayalam,1200 CE - present (disputed)
ജ്വലനം,ज्वलन,Sanskrit,1500 BCE - present (liturgical/classical)
വിഭാതം,विभात,Sanskrit,1500 BCE - present (liturgical/classical)
തീപ്പെട്ടി,തീ,Malayalam,1200 CE - present (disputed)
തീപ്പെട്ടി,പെട്ടി,Malayalam,1200 CE - present (disputed)
തീപ്പെട്ടിക്കൂട്,തീപ്പെട്ടി,Malayalam,1200 CE - present (disputed)
തീപ്പെട്ടിക്കൂട്,കൂട്,Malayalam,1200 CE - present (disputed)
പക്ഷിക്കൂട്,പക്ഷി,Malayalam,1200 CE - present (disputed)
പക്ഷിക്കൂട്,കൂട്,Malayalam,1200 CE - present (disputed)
നൂതനം,नूतन,Sanskrit,1500 BCE - present (liturgical/classical)
ജീവിതപങ്കാളി,ജീവിത,Malayalam,1200 CE - present (disputed)
ജീവിതപങ്കാളി,പങ്കാളി,Malayalam,1200 CE - present (disputed)
ജന്തുജന്യ,ജന്തു,Malayalam,1200 CE - present (disputed)
ജന്തുജന്യ,ജന്യ,Malayalam,1200 CE - present (disputed)
പകർച്ചവ്യാധി,പകർച്ച,Malayalam,1200 CE - present (disputed)
പകർച്ചവ്യാധി,വ്യാധി,Malayalam,1200 CE - present (disputed)
സാംക്രമികരോഗം,സാംക്രമിക,Malayalam,1200 CE - present (disputed)
സാംക്രമികരോഗം,രോഗം,Malayalam,1200 CE - present (disputed)
പടയാളി,പട,Malayalam,1200 CE - present (disputed)
പടയാളി,ആൾ,Malayalam,1200 CE - present (disputed)
മയിൽപ്പീലി,മയിൽ,Malayalam,1200 CE - present (disputed)
മയിൽപ്പീലി,പീലി,Malayalam,1200 CE - present (disputed)
വൈജ്ഞാനിക,वैज्ञानिक,Sanskrit,1500 BCE - present (liturgical/classical)
ലോഹനാശനം,ലോഹ,Malayalam,1200 CE - present (disputed)
ലോഹനാശനം,നാശനം,Malayalam,1200 CE - present (disputed)
ശ്രേണി,श्रेणी,Sanskrit,1500 BCE - present (liturgical/classical)
സംയോജിക,संयोजिक,Sanskrit,1500 BCE - present (liturgical/classical)
ബീജസംയോഗം,ബീജ,Malayalam,1200 CE - present (disputed)
ബീജസംയോഗം,സംയോഗം,Malayalam,1200 CE - present (disputed)
ബീജസങ്കലനം,ബീജ,Malayalam,1200 CE - present (disputed)
ബീജസങ്കലനം,സങ്കലനം,Malayalam,1200 CE - present (disputed)
ഉണ്ണുക,*ūṇ,Proto-Dravidian,3000 BCE - 1500 BCE (disputed)
മഴത്തുള്ളി,മഴ,Malayalam,1200 CE - present (disputed)
മഴത്തുള്ളി,തുള്ളി,Malayalam,1200 CE - present (disputed)
സാമൂഹികഭാഷാശാസ്ത്രം,സാമൂഹിക,Malayalam,1200 CE - present (disputed)
സാമൂഹികഭാഷാശാസ്ത്രം,ഭാഷാശാസ്ത്രം,Malayalam,1200 CE - present (disputed)
കലങ്ങുക,*kalanku,Proto-Dravidian,3000 BCE - 1500 BCE (disputed)
കലക്കുക,*kalankku,Proto-Dravidian,3000 BCE - 1500 BCE (disputed)
തീറ്റിക്കുക,*tiHn,Proto-Dravidian,3000 BCE - 1500 BCE (disputed)
പ്രേമലേഖനം,പ്രേമ,Malayalam,1200 CE - present (disputed)
പ്രേമലേഖനം,ലേഖനം,Malayalam,1200 CE - present (disputed)
മൃതസഞ്ജീവനി,मृतसञ्जीवनी,Sanskrit,1500 BCE - present (liturgical/classical)
ദ്രവണാങ്കം,ദ്രവണ,Malayalam,1200 CE - present (disputed)
ദ്രവണാങ്കം,അങ്കം,Malayalam,1200 CE - present (disputed)
കാലുറ,കാല്,Malayalam,1200 CE - present (disputed)
കാലുറ,ഉറ,Malayalam,1200 CE - present (disputed)
പ്രമീള,प्रमीला,Sanskrit,1500 BCE - present (liturgical/classical)
പ്രമുഖം,प्रमुख,Sanskrit,1500 BCE - present (liturgical/classical)
പ്രമുഖ,प्रमुख,Sanskrit,1500 BCE - present (liturgical/classical)
പ്രസന്ന,प्रसन्न,Sanskrit,1500 BCE - present (liturgical/classical)
പ്രവചനം,प्रवचन,Sanskrit,1500 BCE - present (liturgical/classical)
ബ്രഹ്മപുത്ര,ब्रह्मपुत्र ,Sanskrit,1500 BCE - present (liturgical/classical)
ശലഭം,शलभ,Sanskrit,1500 BCE - present (liturgical/classical)
ചിത്രശലഭം,ചിത്ര,Malayalam,1200 CE - present (disputed)
ചിത്രശലഭം,ശലഭം,Malayalam,1200 CE - present (disputed)
നിശാശലഭം,നിശ,Malayalam,1200 CE - present (disputed)
നിശാശലഭം,ശലഭം,Malayalam,1200 CE - present (disputed)
അനന്തരഫലം,അനന്തര,Malayalam,1200 CE - present (disputed)
അനന്തരഫലം,ഫലം,Malayalam,1200 CE - present (disputed)
അർദ്ധരാത്രി,അർദ്ധ,Malayalam,1200 CE - present (disputed)
അർദ്ധരാത്രി,രാത്രി,Malayalam,1200 CE - present (disputed)
ഇടനേരം,ഇടം,Malayalam,1200 CE - present (disputed)
ഇടനേരം,നേരം,Malayalam,1200 CE - present (disputed)
സ്നാനം,स्नान,Sanskrit,1500 BCE - present (liturgical/classical)
കൂനകൂട്ടുക,കൂന,Malayalam,1200 CE - present (disputed)
കൂനകൂട്ടുക,കൂട്ടുക,Malayalam,1200 CE - present (disputed)
അണിചേരുക,അണി,Malayalam,1200 CE - present (disputed)
അണിചേരുക,ചേരുക,Malayalam,1200 CE - present (disputed)
അംഗഭംഗം,അംഗ,Malayalam,1200 CE - present (disputed)
അംഗഭംഗം,ഭംഗം,Malayalam,1200 CE - present (disputed)
അംഗരക്ഷകൻ,അംഗ,Malayalam,1200 CE - present (disputed)
അംഗരക്ഷകൻ,രക്ഷകൻ,Malayalam,1200 CE - present (disputed)
അംഗലാവണ്യം,അംഗ,Malayalam,1200 CE - present (disputed)
അംഗലാവണ്യം,ലാവണ്യം,Malayalam,1200 CE - present (disputed)
അംഗവൈകല്യം,അംഗ,Malayalam,1200 CE - present (disputed)
അംഗവൈകല്യം,വൈകല്യം,Malayalam,1200 CE - present (disputed)
അംഗവിഛേദനം,അംഗ,Malayalam,1200 CE - present (disputed)
അംഗവിഛേദനം,വിഛേദനം,Malayalam,1200 CE - present (disputed)
ഗ്രാമീണ,ग्रामीण,Sanskrit,1500 BCE - present (liturgical/classical)
തമ്മിൽത്തല്ല്,തമ്മിൽ,Malayalam,1200 CE - present (disputed)
തമ്മിൽത്തല്ല്,തല്ല്,Malayalam,1200 CE - present (disputed)
അടിപിടി,അടി,Malayalam,1200 CE - present (disputed)
അടിപിടി,പിടി,Malayalam,1200 CE - present (disputed)
കാഴ്ചപ്പെട്ടി,കാഴ്ച,Malayalam,1200 CE - present (disputed)
കാഴ്ചപ്പെട്ടി,പെട്ടി,Malayalam,1200 CE - present (disputed)
ചരക്കുവണ്ടി,ചരക്ക്,Malayalam,1200 CE - present (disputed)
ചരക്കുവണ്ടി,വണ്ടി,Malayalam,1200 CE - present (disputed)
ബിലായത്ത്,وَلاية,Arabic,600 CE - present
തിഥി,तिथि,Sanskrit,1500 BCE - present (liturgical/classical)
ആറുക,*āṯ-,Proto-Dravidian,3000 BCE - 1500 BCE (disputed)
ആറ്റുക,*āṯ-,Proto-Dravidian,3000 BCE - 1500 BCE (disputed)
ഓതുക,*ōtu,Proto-Dravidian,3000 BCE - 1500 BCE (disputed)
ബില്യൻ,billion,English,1550 CE - present
ക്വാഡ്രില്യൻ,quadrillion,English,1550 CE - present
മില്യൻ,million,English,1550 CE - present
ട്രില്യൻ,trillion,English,1550 CE - present
അരചൻ,राजन्,Sanskrit,1500 BCE - present (liturgical/classical)
ഗോഡൗൺ,gudang,Malay,not available
ഗോഡൗൺ,கிடங்கு,Tamil,300 BCE - present
അലുവ,حلوى,Arabic,600 CE - present
അലുവ,חלווה,Hebrew,900 BCE - 500 CE
ഹലുവ,حلوى,Arabic,600 CE - present
ഹലുവ,חלווה,Hebrew,900 BCE - 500 CE
കോടതി,court,English,1550 CE - present
കോടതി,corte,Portuguese,1516 CE - present
യാത്രയയപ്പ്,യാത്ര,Malayalam,1200 CE - present (disputed)
യാത്രയയപ്പ്,അയപ്പ്,Malayalam,1200 CE - present (disputed)
മുസ്ലിം പള്ളി,മുസ്ലിം,Malayalam,1200 CE - present (disputed)
മുസ്ലിം പള്ളി,പള്ളി,Malayalam,1200 CE - present (disputed)
അടിവസ്ത്രം,അടി,Malayalam,1200 CE - present (disputed)
അടിവസ്ത്രം,വസ്ത്രം,Malayalam,1200 CE - present (disputed)
ക്രിസ്ത്യൻ പള്ളി,ക്രിസ്ത്യൻ,Malayalam,1200 CE - present (disputed)
ക്രിസ്ത്യൻ പള്ളി,പള്ളി,Malayalam,1200 CE - present (disputed)
കബറ്,قبر,Arabic,600 CE - present
കബറ്,קבר,Hebrew,900 BCE - 500 CE
ഇടിവെട്ട്,ഇടി,Malayalam,1200 CE - present (disputed)
ഇടിവെട്ട്,വെട്ട്,Malayalam,1200 CE - present (disputed)
ഈന്തപ്പന,ഈന്ത,Malayalam,1200 CE - present (disputed)
ഈന്തപ്പന,പന,Malayalam,1200 CE - present (disputed)
ഈത്തപ്പഴം,ഈത്ത,Malayalam,1200 CE - present (disputed)
ഈത്തപ്പഴം,പഴം,Malayalam,1200 CE - present (disputed)
പ്രദക്ഷിണം,प्रदक्षिणा,Sanskrit,1500 BCE - present (liturgical/classical)
പരിക്രമണം,परिक्रमा,Sanskrit,1500 BCE - present (liturgical/classical)
നിബന്ധന,निबंधन,Sanskrit,1500 BCE - present (liturgical/classical)
ആശയക്കുഴപ്പം,ആശയ,Malayalam,1200 CE - present (disputed)
ആശയക്കുഴപ്പം,കുഴപ്പം,Malayalam,1200 CE - present (disputed)
സ്പർധ,स्पर्धा,Sanskrit,1500 BCE - present (liturgical/classical)
ഒമ്പതാം,ഒമ്പത്,Malayalam,1200 CE - present (disputed)
ഒമ്പതാം,-ആം,Malayalam,1200 CE - present (disputed)
ഒരുന്നൂറ്,ഒരു,Malayalam,1200 CE - present (disputed)
ഒരുന്നൂറ്,നൂറ്,Malayalam,1200 CE - present (disputed)
ശിക്ഷണം,शिक्षण,Sanskrit,1500 BCE - present (liturgical/classical)
പാർപ്പിടം,പാർപ്പ്,Malayalam,1200 CE - present (disputed)
പാർപ്പിടം,ഇടം,Malayalam,1200 CE - present (disputed)
മഠാധിപതി,മഠ,Malayalam,1200 CE - present (disputed)
മഠാധിപതി,അധിപതി,Malayalam,1200 CE - present (disputed)
സാഹചര്യം,साहचर्य,Sanskrit,1500 BCE - present (liturgical/classical)
കിന്റ്സുഗി,金継ぎ,Japanese,not available
അങ്ങേയറ്റം,അങ്ങേ,Malayalam,1200 CE - present (disputed)
അങ്ങേയറ്റം,അറ്റം,Malayalam,1200 CE - present (disputed)
ചങ്കുറപ്പ്,ചങ്ക്,Malayalam,1200 CE - present (disputed)
ചങ്കുറപ്പ്,ഉറപ്പ്,Malayalam,1200 CE - present (disputed)
മുഖാന്ധത,മുഖ,Malayalam,1200 CE - present (disputed)
മുഖാന്ധത,അന്ധത,Malayalam,1200 CE - present (disputed)
മുഖ,मुख,Sanskrit,1500 BCE - present (liturgical/classical)
ഒരാൾ,ഒരു,Malayalam,1200 CE - present (disputed)
ഒരാൾ,ആൾ,Malayalam,1200 CE - present (disputed)
ഒറ്റയാൾ,ഒറ്റ,Malayalam,1200 CE - present (disputed)
ഒറ്റയാൾ,ആൾ,Malayalam,1200 CE - present (disputed)
ഒറ്റപ്പദം,ഒറ്റ,Malayalam,1200 CE - present (disputed)
ഒറ്റപ്പദം,പദം,Malayalam,1200 CE - present (disputed)
ഒരൊറ്റ,ഒരു,Malayalam,1200 CE - present (disputed)
ഒരൊറ്റ,ഒറ്റ,Malayalam,1200 CE - present (disputed)
ഒരുപക്ഷേ,ഒരു,Malayalam,1200 CE - present (disputed)
ഒരുപക്ഷേ,പക്ഷേ,Malayalam,1200 CE - present (disputed)
ഓം,ॐ,Sanskrit,1500 BCE - present (liturgical/classical)
കക്ഷി,कक्ष,Sanskrit,1500 BCE - present (liturgical/classical)
കപടമായ,കപടം,Malayalam,1200 CE - present (disputed)
കപടമായ,ആയ,Malayalam,1200 CE - present (disputed)
സ്തുതി,स्तुति,Sanskrit,1500 BCE - present (liturgical/classical)
രണ്ടുതവണ,രണ്ട്,Malayalam,1200 CE - present (disputed)
രണ്ടുതവണ,തവണ,Malayalam,1200 CE - present (disputed)
ശൃംഖല,शृंखला,Sanskrit,1500 BCE - present (liturgical/classical)
പുണ്യനദി,പുണ്യ,Malayalam,1200 CE - present (disputed)
പുണ്യനദി,നദി,Malayalam,1200 CE - present (disputed)
പുണ്യഭൂമി,പുണ്യ,Malayalam,1200 CE - present (disputed)
പുണ്യഭൂമി,ഭൂമി,Malayalam,1200 CE - present (disputed)
പുണ്യകര്‍മ്മം,പുണ്യ,Malayalam,1200 CE - present (disputed)
പുണ്യകര്‍മ്മം,കര്‍മ്മം,Malayalam,1200 CE - present (disputed)
ദ്രോഹി,द्रोही,Sanskrit,1500 BCE - present (liturgical/classical)
ധിക്കാരി,धिक्कार,Sanskrit,1500 BCE - present (liturgical/classical)
അന്ത്യശ്വാസം വലിക്കുക,അന്ത്യശ്വാസം,Malayalam,1200 CE - present (disputed)
അന്ത്യശ്വാസം വലിക്കുക,വലിക്കുക,Malayalam,1200 CE - present (disputed)
മൂർത്തി,मूर्ति,Sanskrit,1500 BCE - present (liturgical/classical)
പ്രതിമ,प्रतिमा,Sanskrit,1500 BCE - present (liturgical/classical)
പാവകളി,പാവ,Malayalam,1200 CE - present (disputed)
പാവകളി,കളി,Malayalam,1200 CE - present (disputed)
ചിത്രശാല,ചിത്ര,Malayalam,1200 CE - present (disputed)
ചിത്രശാല,ശാല,Malayalam,1200 CE - present (disputed)
ശീതളപാനീയം,ശീതള,Malayalam,1200 CE - present (disputed)
ശീതളപാനീയം,പാനീയം,Malayalam,1200 CE - present (disputed)
പ്രണയഗാനം,പ്രണയ,Malayalam,1200 CE - present (disputed)
പ്രണയഗാനം,ഗാനം,Malayalam,1200 CE - present (disputed)
പ്രണയ,प्रणय,Sanskrit,1500 BCE - present (liturgical/classical)
സ്ഖലനം,स्खलन,Sanskrit,1500 BCE - present (liturgical/classical)
വിവേക്,विवेक,Sanskrit,1500 BCE - present (liturgical/classical)
ധർമ്മം,धर्म,Sanskrit,1500 BCE - present (liturgical/classical)
മസ്തിഷ്‌കമരണം,മസ്തിഷ്‌ക,Malayalam,1200 CE - present (disputed)
മസ്തിഷ്‌കമരണം,മരണം,Malayalam,1200 CE - present (disputed)
ആന്തരികാസ്ഥികൂടം,ആന്തരിക,Malayalam,1200 CE - present (disputed)
ആന്തരികാസ്ഥികൂടം,അസ്ഥികൂടം,Malayalam,1200 CE - present (disputed)
അന്തഃസ്രവവിജ്ഞാനീയം,അന്തഃസ്രവ,Malayalam,1200 CE - present (disputed)
അന്തഃസ്രവവിജ്ഞാനീയം,വിജ്ഞാനീയം,Malayalam,1200 CE - present (disputed)
വജ്രായുധം,वज्रायुध,Sanskrit,1500 BCE - present (liturgical/classical)
വജ്രായുധം,വജ്ര,Malayalam,1200 CE - present (disputed)
വജ്രായുധം,ആയുധം,Malayalam,1200 CE - present (disputed)
കാക്കി,خاکی,Persian,1000 CE - present
കാക്കി,khaki,English,1550 CE - present
അടൽക്കളം,അടൽ,Malayalam,1200 CE - present (disputed)
അടൽക്കളം,കളം,Malayalam,1200 CE - present (disputed)
പടക്കളം,പട,Malayalam,1200 CE - present (disputed)
പടക്കളം,കളം,Malayalam,1200 CE - present (disputed)
യുദ്ധഭൂമി,പട,Malayalam,1200 CE - present (disputed)
യുദ്ധഭൂമി,ഭൂമി,Malayalam,1200 CE - present (disputed)
യുദ്ധരംഗം,യുദ്ധ,Malayalam,1200 CE - present (disputed)
യുദ്ധരംഗം,രംഗം,Malayalam,1200 CE - present (disputed)
കടത്തുതോണി,കടത്ത്,Malayalam,1200 CE - present (disputed)
കടത്തുതോണി,തോണി,Malayalam,1200 CE - present (disputed)
യുദ്ധക്കളം,യുദ്ധ,Malayalam,1200 CE - present (disputed)
യുദ്ധക്കളം,കളം,Malayalam,1200 CE - present (disputed)
കടത്തുവള്ളം,കടത്ത്,Malayalam,1200 CE - present (disputed)
കടത്തുവള്ളം,വള്ളം,Malayalam,1200 CE - present (disputed)
പടനിലം,പട,Malayalam,1200 CE - present (disputed)
പടനിലം,നിലം,Malayalam,1200 CE - present (disputed)
കണ്ണീർ വാതകം,tear,Malayalam,1200 CE - present (disputed)
കണ്ണീർ വാതകം,gas,Malayalam,1200 CE - present (disputed)
ജലപീരങ്കി,ജല,Malayalam,1200 CE - present (disputed)
ജലപീരങ്കി,പീരങ്കി,Malayalam,1200 CE - present (disputed)
ശീതയുദ്ധം,ശീത,Malayalam,1200 CE - present (disputed)
ശീതയുദ്ധം,യുദ്ധം,Malayalam,1200 CE - present (disputed)
മുഖ്യധാര,മുഖ്യ,Malayalam,1200 CE - present (disputed)
മുഖ്യധാര,ധാര,Malayalam,1200 CE - present (disputed)
കാവ്യനീതി,കാവ്യ,Malayalam,1200 CE - present (disputed)
കാവ്യനീതി,നീതി,Malayalam,1200 CE - present (disputed)
ഹൃദയഭേദകം,ഹൃദയ,Malayalam,1200 CE - present (disputed)
ഹൃദയഭേദകം,ഭേദകം,Malayalam,1200 CE - present (disputed)
കുറ്റമറ്റ,കുറ്റം,Malayalam,1200 CE - present (disputed)
കുറ്റമറ്റ,അറ്റ,Malayalam,1200 CE - present (disputed)
പുകമറ,പുക,Malayalam,1200 CE - present (disputed)
പുകമറ,മറ,Malayalam,1200 CE - present (disputed)
പക്ഷിപ്പനി,പക്ഷി,Malayalam,1200 CE - present (disputed)
പക്ഷിപ്പനി,പനി,Malayalam,1200 CE - present (disputed)
സഹായമേശ,സഹായ,Malayalam,1200 CE - present (disputed)
സഹായമേശ,മേശ,Malayalam,1200 CE - present (disputed)
നീലത്തിമിംഗിലം,നീല,Malayalam,1200 CE - present (disputed)
നീലത്തിമിംഗിലം,തിമിംഗിലം,Malayalam,1200 CE - present (disputed)
മാംസഭുക്ക്,മാംസം,Malayalam,1200 CE - present (disputed)
മാംസഭുക്ക്,ഭുക്ക്,Malayalam,1200 CE - present (disputed)
കടലാന,കടൽ,Malayalam,1200 CE - present (disputed)
കടലാന,ആന,Malayalam,1200 CE - present (disputed)
കാട്ടുപോത്ത്,കാട്ട്,Malayalam,1200 CE - present (disputed)
കാട്ടുപോത്ത്,പോത്ത്,Malayalam,1200 CE - present (disputed)
സ്ലോത്ത്,sloth,English,1550 CE - present
കാട്ടുപന്നി,കാട്ട്,Malayalam,1200 CE - present (disputed)
കാട്ടുപന്നി,പന്നി,Malayalam,1200 CE - present (disputed)
ആനത്തിമിംഗിലം,ആന,Malayalam,1200 CE - present (disputed)
ആനത്തിമിംഗിലം,തിമിംഗിലം,Malayalam,1200 CE - present (disputed)
മീർകാറ്റ്,meerkat,English,1550 CE - present
കൂരിരുട്ട്,കൂര്,Malayalam,1200 CE - present (disputed)
കൂരിരുട്ട്,ഇരുട്ട്,Malayalam,1200 CE - present (disputed)
മരപ്പട്ടി,മരം,Malayalam,1200 CE - present (disputed)
മരപ്പട്ടി,പട്ടി,Malayalam,1200 CE - present (disputed)
നേതൃത്വം,नेतृत्व,Sanskrit,1500 BCE - present (liturgical/classical)
-ത്വം,-त्व,Sanskrit,1500 BCE - present (liturgical/classical)
-ത,-ता,Sanskrit,1500 BCE - present (liturgical/classical)
മൺവെട്ടി,മൺ,Malayalam,1200 CE - present (disputed)
മൺവെട്ടി,വെട്ടി,Malayalam,1200 CE - present (disputed)
മെതിയന്ത്രം,മെതി,Malayalam,1200 CE - present (disputed)
മെതിയന്ത്രം,യന്ത്രം,Malayalam,1200 CE - present (disputed)
അരിവാൾ,അരി,Malayalam,1200 CE - present (disputed)
അരിവാൾ,വാൾ,Malayalam,1200 CE - present (disputed)
സദാചാരം,सदाचार,Sanskrit,1500 BCE - present (liturgical/classical)
ധാർമ്മികത,धार्मिकता,Sanskrit,1500 BCE - present (liturgical/classical)
സ്വസ്ഥത,स्वस्थता,Sanskrit,1500 BCE - present (liturgical/classical)
സ്വസ്ഥം,स्वस्थ,Sanskrit,1500 BCE - present (liturgical/classical)
ദിവ്യം,दिव्य,Sanskrit,1500 BCE - present (liturgical/classical)
ദിവ്യ,दिव्य,Sanskrit,1500 BCE - present (liturgical/classical)
മാന്ത്രിക,मान्त्रिक,Sanskrit,1500 BCE - present (liturgical/classical)
മാതൃഭൂമി,मातृभूमि,Sanskrit,1500 BCE - present (liturgical/classical)
സ്വദേശം,स्वदेश,Sanskrit,1500 BCE - present (liturgical/classical)
ജന്മഭൂമി,जन्मभूमि,Sanskrit,1500 BCE - present (liturgical/classical)
വിദേശം,विदेश,Sanskrit,1500 BCE - present (liturgical/classical)
ജന്മം,जन्म,Sanskrit,1500 BCE - present (liturgical/classical)
ജന്മദേശം,ജന്മ,Malayalam,1200 CE - present (disputed)
ജന്മദേശം,ദേശം,Malayalam,1200 CE - present (disputed)
പൊട്ടിച്ചിരിക്കുക,പൊട്ടി,Malayalam,1200 CE - present (disputed)
പൊട്ടിച്ചിരിക്കുക,ചിരിക്കുക,Malayalam,1200 CE - present (disputed)
പൊട്ടിച്ചിരി,പൊട്ടി,Malayalam,1200 CE - present (disputed)
പൊട്ടിച്ചിരി,ചിരി,Malayalam,1200 CE - present (disputed)
നന്ദികെട്ട,നന്ദി,Malayalam,1200 CE - present (disputed)
നന്ദികെട്ട,കെട്ട,Malayalam,1200 CE - present (disputed)
ഗാനാലാപനം,ഗാന,Malayalam,1200 CE - present (disputed)
ഗാനാലാപനം,ആലാപനം,Malayalam,1200 CE - present (disputed)
തംബുരു,तानपूरा,Hindi,not available
തംബുരു,تنبور,Persian,1000 CE - present
സാങ്കേതിക,सांकेतिक,Sanskrit,1500 BCE - present (liturgical/classical)
സാങ്കേതികം,सांकेतिक,Sanskrit,1500 BCE - present (liturgical/classical)
പ്രതീകാത്മകം,प्रतीकात्मक,Sanskrit,1500 BCE - present (liturgical/classical)
പ്രതീകാത്മക,प्रतीकात्मक,Sanskrit,1500 BCE - present (liturgical/classical)
പ്രതിധ്വനി,प्रतिध्वनि,Sanskrit,1500 BCE - present (liturgical/classical)
ക്രിസ്തുമതം,ക്രിസ്തു,Malayalam,1200 CE - present (disputed)
ക്രിസ്തുമതം,മതം,Malayalam,1200 CE - present (disputed)
പ്രയോജനം,प्रयोजन,Sanskrit,1500 BCE - present (liturgical/classical)
സമ്പദ്ഘടന,സമ്പദ്,Malayalam,1200 CE - present (disputed)
സമ്പദ്ഘടന,ഘടന,Malayalam,1200 CE - present (disputed)
സാമ്പത്തികശാസ്ത്രം,സാമ്പത്തിക,Malayalam,1200 CE - present (disputed)
സാമ്പത്തികശാസ്ത്രം,ശാസ്ത്രം,Malayalam,1200 CE - present (disputed)
രചയിതാവ്,रचयिता,Sanskrit,1500 BCE - present (liturgical/classical)
കാൽനട,കാൽ,Malayalam,1200 CE - present (disputed)
കാൽനട,നട,Malayalam,1200 CE - present (disputed)
നടപ്പാത,നട,Malayalam,1200 CE - present (disputed)
നടപ്പാത,പാത,Malayalam,1200 CE - present (disputed)
നന്ദിനി,नन्दिनी,Sanskrit,1500 BCE - present (liturgical/classical)
കെട്ടിച്ചമച്ച,കെട്ടി,Malayalam,1200 CE - present (disputed)
കെട്ടിച്ചമച്ച,ചമച്ച,Malayalam,1200 CE - present (disputed)
വ്യാമോഹം,व्यामोह,Sanskrit,1500 BCE - present (liturgical/classical)
പ്രായോഗിക,प्रायोगिक,Sanskrit,1500 BCE - present (liturgical/classical)
പ്രതിരോധം,प्रतिरोध,Sanskrit,1500 BCE - present (liturgical/classical)
അസാധ്യ,असाध्य,Sanskrit,1500 BCE - present (liturgical/classical)
അപ്രായോഗിക,അ-,Malayalam,1200 CE - present (disputed)
അപ്രായോഗിക,പ്രായോഗിക,Malayalam,1200 CE - present (disputed)
ഹോംസയൻസ്,home,Malayalam,1200 CE - present (disputed)
ഹോംസയൻസ്,സയൻസ്,Malayalam,1200 CE - present (disputed)
കമ്പ്യൂട്ടർസയൻസ്,കമ്പ്യൂട്ടർ,Malayalam,1200 CE - present (disputed)
കമ്പ്യൂട്ടർസയൻസ്,സയൻസ്,Malayalam,1200 CE - present (disputed)
ബഹുമതി,बहुमति,Sanskrit,1500 BCE - present (liturgical/classical)
സമീപകാലത്ത്,സമീപ,Malayalam,1200 CE - present (disputed)
സമീപകാലത്ത്,കാലത്ത്,Malayalam,1200 CE - present (disputed)
ഹർഷം,हर्ष,Sanskrit,1500 BCE - present (liturgical/classical)
സൗഖ്യം,सौख्य,Sanskrit,1500 BCE - present (liturgical/classical)
സുസ്ഥിതി,सुस्थिति,Sanskrit,1500 BCE - present (liturgical/classical)
ബാലസാഹിത്യം,ബാല,Malayalam,1200 CE - present (disputed)
ബാലസാഹിത്യം,സാഹിത്യം,Malayalam,1200 CE - present (disputed)
സമാധാനം,समाधान,Sanskrit,1500 BCE - present (liturgical/classical)
സാഹിത്യം,साहित्य,Sanskrit,1500 BCE - present (liturgical/classical)
ബഹുപദം,बहुपद,Sanskrit,1500 BCE - present (liturgical/classical)
പ്രീണനം,प्रीणन,Sanskrit,1500 BCE - present (liturgical/classical)
പ്രേരണ,प्रेरणा,Sanskrit,1500 BCE - present (liturgical/classical)
പ്രലോഭനം,प्रलोभन,Sanskrit,1500 BCE - present (liturgical/classical)
പ്രലോഭം,प्रलोभ,Sanskrit,1500 BCE - present (liturgical/classical)
പിന്താങ്ങുക,പിൻ,Malayalam,1200 CE - present (disputed)
പിന്താങ്ങുക,താങ്ങുക,Malayalam,1200 CE - present (disputed)
രാസവസ്തു,രാസ,Malayalam,1200 CE - present (disputed)
രാസവസ്തു,വസ്തു,Malayalam,1200 CE - present (disputed)
ഹിംസ,हिंसा,Sanskrit,1500 BCE - present (liturgical/classical)
അതിശയിക്കുക,അതിശയം,Malayalam,1200 CE - present (disputed)
അതിശയിക്കുക,-ക്കുക,Malayalam,1200 CE - present (disputed)
അത്തി,हस्तिन्,Sanskrit,1500 BCE - present (liturgical/classical)
ചിത്തഭ്രമം,ചിത്ത,Malayalam,1200 CE - present (disputed)
ചിത്തഭ്രമം,ഭ്രമം,Malayalam,1200 CE - present (disputed)
വിവരക്കേട്,വിവര,Malayalam,1200 CE - present (disputed)
വിവരക്കേട്,കേട്,Malayalam,1200 CE - present (disputed)
അറിവില്ലായ്മ,അറിവ്,Malayalam,1200 CE - present (disputed)
അറിവില്ലായ്മ,ഇല്ലായ്മ,Malayalam,1200 CE - present (disputed)
പ്രതിഭ,प्रतिभा,Sanskrit,1500 BCE - present (liturgical/classical)
പ്രതാപം,प्रताप,Sanskrit,1500 BCE - present (liturgical/classical)
ബുദ്ധിശാലി,बुद्धिशाली,Sanskrit,1500 BCE - present (liturgical/classical)
ബുദ്ധിമാൻ,बुद्धिमान,Sanskrit,1500 BCE - present (liturgical/classical)
മന്ദബുദ്ധി,മന്ദ,Malayalam,1200 CE - present (disputed)
മന്ദബുദ്ധി,ബുദ്ധി,Malayalam,1200 CE - present (disputed)
നിർണയിക്കുക,निर्णय,Sanskrit,1500 BCE - present (liturgical/classical)
അമാന്തിക്കുക,അമാന്തം,Malayalam,1200 CE - present (disputed)
അമാന്തിക്കുക,-ക്കുക,Malayalam,1200 CE - present (disputed)
രണ്ടായിരം,രണ്ട്,Malayalam,1200 CE - present (disputed)
രണ്ടായിരം,ആയിരം,Malayalam,1200 CE - present (disputed)
സ്ഥാപനം,स्थापन,Sanskrit,1500 BCE - present (liturgical/classical)
താഴ്ഭാഗം,താഴ്,Malayalam,1200 CE - present (disputed)
താഴ്ഭാഗം,ഭാഗം,Malayalam,1200 CE - present (disputed)
ഊര്,*ūr,Proto-Dravidian,3000 BCE - 1500 BCE (disputed)
നിരോധനം,निरोधन,Sanskrit,1500 BCE - present (liturgical/classical)
ലഭ്യത,लभ्य,Sanskrit,1500 BCE - present (liturgical/classical)
ലഭ്യം,लभ्य,Sanskrit,1500 BCE - present (liturgical/classical)
തുളയിടുക,തുള,Malayalam,1200 CE - present (disputed)
തുളയിടുക,ഇടുക,Malayalam,1200 CE - present (disputed)
സായാഹ്നം,सायाह्न,Sanskrit,1500 BCE - present (liturgical/classical)
സായം,साय,Sanskrit,1500 BCE - present (liturgical/classical)
മദ്ധ്യാഹ്നം,मध्याह्न,Sanskrit,1500 BCE - present (liturgical/classical)
പ്രദോഷം,प्रदोष,Sanskrit,1500 BCE - present (liturgical/classical)
സൂര്യോദയം,सूर्योदय,Sanskrit,1500 BCE - present (liturgical/classical)
മുതലാളി,മുതൽ,Malayalam,1200 CE - present (disputed)
മുതലാളി,ആളി,Malayalam,1200 CE - present (disputed)
വിലമതിക്കാനാവാത്ത,വില,Malayalam,1200 CE - present (disputed)
വിലമതിക്കാനാവാത്ത,മതിക്കാൻ,Malayalam,1200 CE - present (disputed)
വിലമതിക്കാനാവാത്ത,ആവാത്ത,Malayalam,1200 CE - present (disputed)
പടക്കപ്പൽ,പട,Malayalam,1200 CE - present (disputed)
പടക്കപ്പൽ,കപ്പൽ,Malayalam,1200 CE - present (disputed)
യുദ്ധക്കപ്പൽ,യുദ്ധ,Malayalam,1200 CE - present (disputed)
യുദ്ധക്കപ്പൽ,കപ്പൽ,Malayalam,1200 CE - present (disputed)
മുങ്ങിക്കപ്പൽ,മുങ്ങി,Malayalam,1200 CE - present (disputed)
മുങ്ങിക്കപ്പൽ,കപ്പൽ,Malayalam,1200 CE - present (disputed)
ദ്വേഷം,द्वेष,Sanskrit,1500 BCE - present (liturgical/classical)
വിഘടനം,विघटन,Sanskrit,1500 BCE - present (liturgical/classical)
സാരാംശം,सारांश,Sanskrit,1500 BCE - present (liturgical/classical)
ഇരട്ടത്താപ്പ്,ഇരട്ട,Malayalam,1200 CE - present (disputed)
ഇരട്ടത്താപ്പ്,താപ്പ്,Malayalam,1200 CE - present (disputed)
രാസഷണ്ഡീകരണം,രാസ,Malayalam,1200 CE - present (disputed)
രാസഷണ്ഡീകരണം,ഷണ്ഡീകരണം,Malayalam,1200 CE - present (disputed)
ദഹനം,दहन,Sanskrit,1500 BCE - present (liturgical/classical)
അന്നനാളി,അന്ന,Malayalam,1200 CE - present (disputed)
അന്നനാളി,നാളി,Malayalam,1200 CE - present (disputed)
ശ്വാസകോശം,ശ്വാസ,Malayalam,1200 CE - present (disputed)
ശ്വാസകോശം,കോശം,Malayalam,1200 CE - present (disputed)
പുരാണം,पुराण,Sanskrit,1500 BCE - present (liturgical/classical)
രത്നം,रत्न,Sanskrit,1500 BCE - present (liturgical/classical)
യോഗം,योग,Sanskrit,1500 BCE - present (liturgical/classical)
ലക്ഷണം,लक्षण,Sanskrit,1500 BCE - present (liturgical/classical)
ശ്വാസം,श्वास,Sanskrit,1500 BCE - present (liturgical/classical)
സാമർഥ്യം,सामर्थ्य,Sanskrit,1500 BCE - present (liturgical/classical)
ജീവിതം,जीवित,Sanskrit,1500 BCE - present (liturgical/classical)
ഭരണം,भरण,Sanskrit,1500 BCE - present (liturgical/classical)
സരസ്വതി,सरस्वती,Sanskrit,1500 BCE - present (liturgical/classical)
തലവൻ,തല,Malayalam,1200 CE - present (disputed)
തലവൻ,-വൻ,Malayalam,1200 CE - present (disputed)
കെട്ടിപ്പിടിക്കുക,കെട്ടി,Malayalam,1200 CE - present (disputed)
കെട്ടിപ്പിടിക്കുക,പിടിക്കുക,Malayalam,1200 CE - present (disputed)
ലൈംഗിക,लैंगिक,Sanskrit,1500 BCE - present (liturgical/classical)
ലൈംഗികം,लैङ्गिक,Sanskrit,1500 BCE - present (liturgical/classical)
നിഷ്കളങ്കത,निष्कलंकता,Sanskrit,1500 BCE - present (liturgical/classical)
ലൈംഗികത,लैङ्गिकता,Sanskrit,1500 BCE - present (liturgical/classical)
ലൈംഗികത,लैंगिकता,Sanskrit,1500 BCE - present (liturgical/classical)
പരിഭ്രമം,परिभ्रम,Sanskrit,1500 BCE - present (liturgical/classical)
ശംഖ്,शंख,Sanskrit,1500 BCE - present (liturgical/classical)
സേവനം,सेवन,Sanskrit,1500 BCE - present (liturgical/classical)
നാടകം,नाटक,Sanskrit,1500 BCE - present (liturgical/classical)
സങ്കൽപം,संकल्प,Sanskrit,1500 BCE - present (liturgical/classical)
പരിഹാസം,परिहास,Sanskrit,1500 BCE - present (liturgical/classical)
പരിഹസിക്കുക,परिहास,Sanskrit,1500 BCE - present (liturgical/classical)
ശ്രേഷ്ഠൻ,श्रेष्ठ,Sanskrit,1500 BCE - present (liturgical/classical)
വ്യാപാരി,व्यापारी,Sanskrit,1500 BCE - present (liturgical/classical)
വർധന,वर्धन,Sanskrit,1500 BCE - present (liturgical/classical)
സുഗന്ധം,सुगन्ध,Sanskrit,1500 BCE - present (liturgical/classical)
തരണം,तरण,Sanskrit,1500 BCE - present (liturgical/classical)
സങ്കേതം,सङ्केत,Sanskrit,1500 BCE - present (liturgical/classical)
ബന്ധനം,बन्धन,Sanskrit,1500 BCE - present (liturgical/classical)
പ്രകടനം,प्रकटन,Sanskrit,1500 BCE - present (liturgical/classical)
മരക്കലം,മര,Malayalam,1200 CE - present (disputed)
മരക്കലം,കലം,Malayalam,1200 CE - present (disputed)
കച്ചവടക്കാരൻ,കച്ചവട,Malayalam,1200 CE - present (disputed)
കച്ചവടക്കാരൻ,കാരൻ,Malayalam,1200 CE - present (disputed)
അന്തരീക്ഷമലിനീകരണം,അന്തരീക്ഷ,Malayalam,1200 CE - present (disputed)
അന്തരീക്ഷമലിനീകരണം,മലിനീകരണം,Malayalam,1200 CE - present (disputed)
മലിനീകരണം,मलिनीकरण,Sanskrit,1500 BCE - present (liturgical/classical)
മുത്തുച്ചിപ്പി,മുത്ത്,Malayalam,1200 CE - present (disputed)
മുത്തുച്ചിപ്പി,ചിപ്പി,Malayalam,1200 CE - present (disputed)
മൂഢൻ,मूढ,Sanskrit,1500 BCE - present (liturgical/classical)
പരു,परु,Sanskrit,1500 BCE - present (liturgical/classical)
പ്രാണൻ,प्राण,Sanskrit,1500 BCE - present (liturgical/classical)
ബില്ല്യൺ,billion,English,1550 CE - present
നിഷേധം,निषेध,Sanskrit,1500 BCE - present (liturgical/classical)
അറബ്,अर्बुद,Sanskrit,1500 BCE - present (liturgical/classical)
പിടിയാന,പിടി,Malayalam,1200 CE - present (disputed)
പിടിയാന,ആന,Malayalam,1200 CE - present (disputed)
ഇഷ്ടക്കേട്,ഇഷ്ട,Malayalam,1200 CE - present (disputed)
ഇഷ്ടക്കേട്,കേട്,Malayalam,1200 CE - present (disputed)
സംതൃപ്തി,सम्त्रिप्ति,Sanskrit,1500 BCE - present (liturgical/classical)
ചൈതന്യം,चैतन्य,Sanskrit,1500 BCE - present (liturgical/classical)
നീരസം,नीरस,Sanskrit,1500 BCE - present (liturgical/classical)
കാമുകൻ,കാമുക,Malayalam,1200 CE - present (disputed)
കാമുകൻ,-ൻ,Malayalam,1200 CE - present (disputed)
പുരോഗമിക്കുക,पुरोगमन,Sanskrit,1500 BCE - present (liturgical/classical)
പുരോഗതി,पुरोगति,Sanskrit,1500 BCE - present (liturgical/classical)
പുരോഗമനം,पुरोगमन,Sanskrit,1500 BCE - present (liturgical/classical)
സാന്ത്വനം,सांत्वना,Sanskrit,1500 BCE - present (liturgical/classical)
പ്രമാണി,प्रमाणी,Sanskrit,1500 BCE - present (liturgical/classical)
ധ്വനി,ध्वनि,Sanskrit,1500 BCE - present (liturgical/classical)
മഹാലക്ഷ്മി,महालक्ष्मी,Sanskrit,1500 BCE - present (liturgical/classical)
മുൻഭാഗം,മുൻ,Malayalam,1200 CE - present (disputed)
മുൻഭാഗം,ഭാഗം,Malayalam,1200 CE - present (disputed)
മുൻവശം,മുൻ,Malayalam,1200 CE - present (disputed)
മുൻവശം,വശം,Malayalam,1200 CE - present (disputed)
കാലതാമസം,കാല,Malayalam,1200 CE - present (disputed)
കാലതാമസം,താമസം,Malayalam,1200 CE - present (disputed)
സംഭോഗം,संभोग,Sanskrit,1500 BCE - present (liturgical/classical)
വിനിമയം,विनिमय,Sanskrit,1500 BCE - present (liturgical/classical)
ദൂഷ്യം,दूष्य,Sanskrit,1500 BCE - present (liturgical/classical)
റേഡിയോ,radio,English,1550 CE - present
സങ്കോചം,संकोच,Sanskrit,1500 BCE - present (liturgical/classical)
സൗകര്യം,सौकर्य,Sanskrit,1500 BCE - present (liturgical/classical)
മനോഭാവം,मनोभाव,Sanskrit,1500 BCE - present (liturgical/classical)
ശുക്ലം,शुक्ल,Sanskrit,1500 BCE - present (liturgical/classical)
രേതസ്,रेतस्,Sanskrit,1500 BCE - present (liturgical/classical)
സന്താനം,संतान,Sanskrit,1500 BCE - present (liturgical/classical)
തീവ്രത,तीव्रता,Sanskrit,1500 BCE - present (liturgical/classical)
പരിശ്രമം,परिश्रम,Sanskrit,1500 BCE - present (liturgical/classical)
ദുർഭാഗ്യവശാൽ,दुर्भाग्यवश,Sanskrit,1500 BCE - present (liturgical/classical)
ത്യാഗം,त्याग,Sanskrit,1500 BCE - present (liturgical/classical)
വ്യഞ്ജനം,व्यंजन,Sanskrit,1500 BCE - present (liturgical/classical)
സ്വദേശി,स्वदेशी,Sanskrit,1500 BCE - present (liturgical/classical)
വിദേശി,विदेशी,Sanskrit,1500 BCE - present (liturgical/classical)
വെണ്ടക്ക,വെണ്ട,Malayalam,1200 CE - present (disputed)
വെണ്ടക്ക,-ക്ക,Malayalam,1200 CE - present (disputed)
ജീവപര്യന്തം,ജീവ,Malayalam,1200 CE - present (disputed)
ജീവപര്യന്തം,പര്യന്തം,Malayalam,1200 CE - present (disputed)
വെടിമരുന്ന്,വെടി,Malayalam,1200 CE - present (disputed)
വെടിമരുന്ന്,മരുന്ന്,Malayalam,1200 CE - present (disputed)
വീമ്പടിക്കുക,വീമ്പ്,Malayalam,1200 CE - present (disputed)
വീമ്പടിക്കുക,അടിക്കുക,Malayalam,1200 CE - present (disputed)
കരിമരുന്ന്,കരി,Malayalam,1200 CE - present (disputed)
കരിമരുന്ന്,മരുന്ന്,Malayalam,1200 CE - present (disputed)
കൈയെഴുത്ത്,കൈ,Malayalam,1200 CE - present (disputed)
കൈയെഴുത്ത്,എഴുത്ത്,Malayalam,1200 CE - present (disputed)
ആദ്യന്തം,ആദ്യ,Malayalam,1200 CE - present (disputed)
ആദ്യന്തം,അന്തം,Malayalam,1200 CE - present (disputed)
ആദ്യവസാനം,ആദ്യ,Malayalam,1200 CE - present (disputed)
ആദ്യവസാനം,അവസാനം,Malayalam,1200 CE - present (disputed)
സാമൂഹികമായ,സാമൂഹികം,Malayalam,1200 CE - present (disputed)
സാമൂഹികമായ,-ആയ,Malayalam,1200 CE - present (disputed)
ആവർത്തിക്കുക,ആവൃത്തി,Malayalam,1200 CE - present (disputed)
ആവർത്തിക്കുക,-ക്കുക,Malayalam,1200 CE - present (disputed)
ആവർത്തിക്കുക,आवृत्ति,Sanskrit,1500 BCE - present (liturgical/classical)
തീപിടിത്തം,തീ,Malayalam,1200 CE - present (disputed)
തീപിടിത്തം,പിടിത്തം,Malayalam,1200 CE - present (disputed)
തീപിടിക്കുക,തീ,Malayalam,1200 CE - present (disputed)
തീപിടിക്കുക,പിടിക്കുക,Malayalam,1200 CE - present (disputed)
മീൻപിടിത്തം,മീൻ,Malayalam,1200 CE - present (disputed)
മീൻപിടിത്തം,പിടിത്തം,Malayalam,1200 CE - present (disputed)
കൊള്ളക്കാരി,കൊള്ള,Malayalam,1200 CE - present (disputed)
കൊള്ളക്കാരി,കാരി,Malayalam,1200 CE - present (disputed)
മത്സ്യബന്ധനം,മത്സ്യ,Malayalam,1200 CE - present (disputed)
മത്സ്യബന്ധനം,ബന്ധനം,Malayalam,1200 CE - present (disputed)
ചുമപ്പ്,*kem,Proto-Dravidian,3000 BCE - 1500 BCE (disputed)
ചെം,*kem,Proto-Dravidian,3000 BCE - 1500 BCE (disputed)
കറിവേപ്പില,കറി,Malayalam,1200 CE - present (disputed)
കറിവേപ്പില,വേപ്പില,Malayalam,1200 CE - present (disputed)
കറിവേപ്പ്,കറി,Malayalam,1200 CE - present (disputed)
കറിവേപ്പ്,വേപ്പ്,Malayalam,1200 CE - present (disputed)
സാഹിത്യ വിമർശനം,സാഹിത്യ,Malayalam,1200 CE - present (disputed)
സാഹിത്യ വിമർശനം,വിമർശനം,Malayalam,1200 CE - present (disputed)
ഛിന്നഗ്രഹം,ഛിന്ന,Malayalam,1200 CE - present (disputed)
ഛിന്നഗ്രഹം,ഗ്രഹം,Malayalam,1200 CE - present (disputed)
ചെറുപയർ,ചെറു,Malayalam,1200 CE - present (disputed)
ചെറുപയർ,പയർ,Malayalam,1200 CE - present (disputed)
വാളൻപുളി,വാളൻ,Malayalam,1200 CE - present (disputed)
വാളൻപുളി,പുളി,Malayalam,1200 CE - present (disputed)
വെണ്ടക്കായ്,വെണ്ട,Malayalam,1200 CE - present (disputed)
വെണ്ടക്കായ്,കായ്,Malayalam,1200 CE - present (disputed)
മഞ്ഞപ്പൊടി,മഞ്ഞൾ,Malayalam,1200 CE - present (disputed)
മഞ്ഞപ്പൊടി,പൊടി,Malayalam,1200 CE - present (disputed)
ചുവന്നുള്ളി,ചുവന്ന്,Malayalam,1200 CE - present (disputed)
ചുവന്നുള്ളി,ഉള്ളി,Malayalam,1200 CE - present (disputed)
മധുരനാരങ്ങ,മധുര,Malayalam,1200 CE - present (disputed)
മധുരനാരങ്ങ,നാരങ്ങ,Malayalam,1200 CE - present (disputed)
പെരുംജീരകം,പെരും,Malayalam,1200 CE - present (disputed)
പെരുംജീരകം,ജീരകം,Malayalam,1200 CE - present (disputed)
പച്ചമുളക്,പച്ച,Malayalam,1200 CE - present (disputed)
പച്ചമുളക്,മുളക്,Malayalam,1200 CE - present (disputed)
ഉണക്കമുന്തിരി,ഉണക്ക,Malayalam,1200 CE - present (disputed)
ഉണക്കമുന്തിരി,മുന്തിരി,Malayalam,1200 CE - present (disputed)
തച്ചൻ,तक्ष,Sanskrit,1500 BCE - present (liturgical/classical)
കാക്കക്കണ്ണ്,കാക്ക,Malayalam,1200 CE - present (disputed)
കാക്കക്കണ്ണ്,കണ്ണ്,Malayalam,1200 CE - present (disputed)
കോങ്കണ്ണ്,കോൺ,Malayalam,1200 CE - present (disputed)
കോങ്കണ്ണ്,കണ്ണ്,Malayalam,1200 CE - present (disputed)
തൈലക്കാരന്‍,തൈലം,Malayalam,1200 CE - present (disputed)
തൈലക്കാരന്‍,-കാരൻ,Malayalam,1200 CE - present (disputed)
അധിക,अधिक,Sanskrit,1500 BCE - present (liturgical/classical)
ആശാൻ,आचार्य,Sanskrit,1500 BCE - present (liturgical/classical)
ഉന്നതതല,ഉന്നത,Malayalam,1200 CE - present (disputed)
ഉന്നതതല,തല,Malayalam,1200 CE - present (disputed)
അരുണൻ,अरुण,Sanskrit,1500 BCE - present (liturgical/classical)
കശുമാവ്,കശു,Malayalam,1200 CE - present (disputed)
കശുമാവ്,മാവ്,Malayalam,1200 CE - present (disputed)
കശുമാങ്ങ,കശു,Malayalam,1200 CE - present (disputed)
കശുമാങ്ങ,മാങ്ങ,Malayalam,1200 CE - present (disputed)
മേൽനോട്ടം,മേൽ,Malayalam,1200 CE - present (disputed)
മേൽനോട്ടം,നോട്ടം,Malayalam,1200 CE - present (disputed)
ഗംഭീരമായ,ഗംഭീരം,Malayalam,1200 CE - present (disputed)
ഗംഭീരമായ,-ആയ,Malayalam,1200 CE - present (disputed)
കറിയുപ്പ്,കറി,Malayalam,1200 CE - present (disputed)
കറിയുപ്പ്,ഉപ്പ്,Malayalam,1200 CE - present (disputed)
ശബ്ദാനുകരണം,ശബ്ദ,Malayalam,1200 CE - present (disputed)
ശബ്ദാനുകരണം,അനുകരണം,Malayalam,1200 CE - present (disputed)
നൈജീരിയ,Nigeria,English,1550 CE - present
കോമളം,कोमल,Sanskrit,1500 BCE - present (liturgical/classical)
അവധിക്കാലം,അവധി,Malayalam,1200 CE - present (disputed)
അവധിക്കാലം,കാലം,Malayalam,1200 CE - present (disputed)
തീപ്പെട്ടിക്കൊള്ളി,തീ,Malayalam,1200 CE - present (disputed)
തീപ്പെട്ടിക്കൊള്ളി,പെട്ടി,Malayalam,1200 CE - present (disputed)
തീപ്പെട്ടിക്കൊള്ളി,കൊള്ളി,Malayalam,1200 CE - present (disputed)
പായമീൻ,പായ,Malayalam,1200 CE - present (disputed)
പായമീൻ,മീൻ,Malayalam,1200 CE - present (disputed)
ഓലമീൻ,ഓല,Malayalam,1200 CE - present (disputed)
ഓലമീൻ,മീൻ,Malayalam,1200 CE - present (disputed)
മുയൽച്ചെവിയൻ,മുയൽ,Malayalam,1200 CE - present (disputed)
മുയൽച്ചെവിയൻ,ചെവിയൻ,Malayalam,1200 CE - present (disputed)
ഒറ്റപ്പെട്ട,ഒറ്റ,Malayalam,1200 CE - present (disputed)
ഒറ്റപ്പെട്ട,പെട്ട,Malayalam,1200 CE - present (disputed)
സീതപ്പഴം,സീത,Malayalam,1200 CE - present (disputed)
സീതപ്പഴം,പഴം,Malayalam,1200 CE - present (disputed)
മാതളനാരങ്ങ,മാതള,Malayalam,1200 CE - present (disputed)
മാതളനാരങ്ങ,നാരങ്ങ,Malayalam,1200 CE - present (disputed)
ഉപ്പളം,ഉപ്പ്,Malayalam,1200 CE - present (disputed)
ഉപ്പളം,അളം,Malayalam,1200 CE - present (disputed)
ഞാണൊലി,ഞാൺ,Malayalam,1200 CE - present (disputed)
ഞാണൊലി,ഒലി,Malayalam,1200 CE - present (disputed)
കുഴിയാന,കുഴി,Malayalam,1200 CE - present (disputed)
കുഴിയാന,ആന,Malayalam,1200 CE - present (disputed)
ശലഭപ്പുഴു,ശലഭ,Malayalam,1200 CE - present (disputed)
ശലഭപ്പുഴു,പുഴു,Malayalam,1200 CE - present (disputed)
കമ്പിളിപ്പുഴു,കമ്പിളി,Malayalam,1200 CE - present (disputed)
കമ്പിളിപ്പുഴു,പുഴു,Malayalam,1200 CE - present (disputed)
പങ്കെടുക്കുക,പങ്ക്,Malayalam,1200 CE - present (disputed)
പങ്കെടുക്കുക,എടുക്കുക,Malayalam,1200 CE - present (disputed)
മരമഞ്ഞൾ,മര,Malayalam,1200 CE - present (disputed)
മരമഞ്ഞൾ,മഞ്ഞൾ,Malayalam,1200 CE - present (disputed)
കാഴ്ചബംഗ്ലാവ്,കാഴ്ച,Malayalam,1200 CE - present (disputed)
കാഴ്ചബംഗ്ലാവ്,ബംഗ്ലാവ്,Malayalam,1200 CE - present (disputed)
നടപ്പാലം,നട,Malayalam,1200 CE - present (disputed)
നടപ്പാലം,പാലം,Malayalam,1200 CE - present (disputed)
മൃഗശാല,മൃഗ,Malayalam,1200 CE - present (disputed)
മൃഗശാല,ശാല,Malayalam,1200 CE - present (disputed)
आर्य,*Áryas,Proto-Indo-Aryan,2000 BCE - 1500 BCE
आर्य,*Áryas,Proto-Indo-Iranian,2200 BCE - 1800 BCE
रात्रि,*HráHtriH,Proto-Indo-Aryan,2000 BCE - 1500 BCE
रात्रि,*HráHtriH,Proto-Indo-Iranian,2200 BCE - 1800 BCE
रात्रि,*Hréh₁trih₂,Proto-Indo-European,4500 BCE - 2500 BCE
पुस्तक,*pōstaka,Proto-Indo-Aryan,2000 BCE - 1500 BCE
गृह,*gʰr̥dʰás,Proto-Indo-Iranian,2200 BCE - 1800 BCE
हिम,*źʰimás,Proto-Indo-Aryan,2000 BCE - 1500 BCE
हिम,*ȷ́ʰimás,Proto-Indo-Iranian,2200 BCE - 1800 BCE
हिम,*ǵʰéyōm,Proto-Indo-European,4500 BCE - 2500 BCE
पक्ष,*pakšás,Proto-Indo-Iranian,2200 BCE - 1800 BCE
पक्ष,*peg-,Proto-Indo-European,4500 BCE - 2500 BCE
coffee,koffie,Dutch,1500 CE - present
coffee,caffè,Italian,1400 CE - present
coffee,قهوه,Ottoman Turkish,not available
coffee,قَهْوَة,Arabic,600 CE - present
संचार,*samčāras,Proto-Indo-Iranian,2200 BCE - 1800 BCE
जल,*ȷ́alám,Proto-Indo-Aryan,2000 BCE - 1500 BCE
पशु,*páću,Proto-Indo-Iranian,2200 BCE - 1800 BCE
पशु,*péḱu,Proto-Indo-European,4500 BCE - 2500 BCE
भाषा,*bʰáHṣaH,Proto-Indo-Aryan,2000 BCE - 1500 BCE
भाषा,*bʰáHšaH,Proto-Indo-Iranian,2200 BCE - 1800 BCE
भाषा,*bʰeh₂-,Proto-Indo-European,4500 BCE - 2500 BCE
राजन्,*h₃rḗǵs,Proto-Indo-European,4500 BCE - 2500 BCE
मास,*mā́Has,Proto-Indo-Iranian,2200 BCE - 1800 BCE
मास,*mḗh₁n̥s,Proto-Indo-European,4500 BCE - 2500 BCE
mesa,mesa,Old Portuguese,870 CE - 1400 CE
mesa,mēsa,Vulgar Latin,100 BCE - 600 CE
mesa,mēnsa,Latin,700 BCE - 500 CE
हृदय,*źʰŕ̥dayam,Proto-Indo-Aryan,2000 BCE - 1500 BCE
हृदय,*ȷ́ʰŕ̥dayam,Proto-Indo-Iranian,2200 BCE - 1800 BCE
हृदय,*ḱr̥d-,Proto-Indo-European,4500 BCE - 2500 BCE
मांस,*māmsám,Proto-Indo-Iranian,2200 BCE - 1800 BCE
मत्स्य,*mátsyas,Proto-Indo-Iranian,2200 BCE - 1800 BCE
स्त्री,*stríH,Proto-Indo-Iranian,2200 BCE - 1800 BCE
सिंह,*sinźʰás,Proto-Indo-Aryan,2000 BCE - 1500 BCE
सिंह,*sinȷ́ʰás,Proto-Indo-Iranian,2200 BCE - 1800 BCE
सिंह,*sinǵʰo-,Proto-Indo-European,4500 BCE - 2500 BCE
ישוע,יְהוֹשֻׁעַ,Biblical Hebrew,1000 BCE - 500 BCE
class,classe,Middle French,1340 CE - 1610 CE
class,classis,Latin,700 BCE - 500 CE
class,*kelh₁-,Proto-Indo-European,4500 BCE - 2500 BCE
शब्दकोश,शब्द,Sanskrit,1500 BCE - present (liturgical/classical)
शब्दकोश,कोश,Sanskrit,1500 BCE - present (liturgical/classical)
नाग,𒀭𒈾,Sumerian,not available
नाग,*negʷ-,Proto-Indo-European,4500 BCE - 2500 BCE
इन्द्र,*índras,Proto-Indo-Aryan,2000 BCE - 1500 BCE
इन्द्र,*índras,Proto-Indo-Iranian,2200 BCE - 1800 BCE
इन्द्र,*h₃eyd-,Proto-Indo-European,4500 BCE - 2500 BCE
इन्द्र,*yənə-ø-ra,cau-cir,not available
क्रियाविशेषण,क्रिया,Sanskrit,1500 BCE - present (liturgical/classical)
क्रियाविशेषण,विशेषण,Sanskrit,1500 BCE - present (liturgical/classical)
पर्वत,*párwatas,Proto-Indo-Iranian,2200 BCE - 1800 BCE
काल,*kār,Proto-Dravidian,3000 BCE - 1500 BCE (disputed)
शक्ति,*ḱak-,Proto-Indo-European,4500 BCE - 2500 BCE
वन,*wán-,Proto-Indo-Iranian,2200 BCE - 1800 BCE
देश,*dayśás,Proto-Indo-Aryan,2000 BCE - 1500 BCE
देश,*dayćás,Proto-Indo-Iranian,2200 BCE - 1800 BCE
देश,*deyḱ-,Proto-Indo-European,4500 BCE - 2500 BCE
सस्य,*sasás,Proto-Indo-Iranian,2200 BCE - 1800 BCE
सस्य,*(s)h₁es-,Proto-Indo-European,4500 BCE - 2500 BCE
धान्य,*dʰeh₁(y)-,Proto-Indo-European,4500 BCE - 2500 BCE
fridge,refrigerator,English,1550 CE - present
वृक्ष,*wr̥ćšás,Proto-Indo-Iranian,2200 BCE - 1800 BCE
दिन,*dinám,Proto-Indo-Aryan,2000 BCE - 1500 BCE
दिन,*dinám,Proto-Indo-Iranian,2200 BCE - 1800 BCE
दिन,*dyew-,Proto-Indo-European,4500 BCE - 2500 BCE
तारा,*Hstar-,Proto-Indo-Iranian,2200 BCE - 1800 BCE
तारा,*h₂stḗr,Proto-Indo-European,4500 BCE - 2500 BCE
जय,*gʷey-,Proto-Indo-European,4500 BCE - 2500 BCE
सहस्र,*saźʰásram,Proto-Indo-Aryan,2000 BCE - 1500 BCE
सहस्र,*saȷ́ʰásram,Proto-Indo-Iranian,2200 BCE - 1800 BCE
पाप,*pāpás,Proto-Indo-Iranian,2200 BCE - 1800 BCE
मोह,*máwǰʰas,Proto-Indo-Iranian,2200 BCE - 1800 BCE
नील,*neyH-,Proto-Indo-European,4500 BCE - 2500 BCE
orange,orenge,Middle English,1150 CE - 1500 CE
orange,pome orenge,Old French,800 CE - 1400 CE
orange,auranja,Old Occitan,not available
orange,melarancio,Old Italian,not available
orange,نَارَنْج,Arabic,600 CE - present
orange,نارنگ,Persian,1000 CE - present
orange,नारङ्ग,Sanskrit,1500 BCE - present (liturgical/classical)
मृग,*mr̥gás,Proto-Indo-Iranian,2200 BCE - 1800 BCE
उष्ट्र,*úštras,Proto-Indo-Iranian,2200 BCE - 1800 BCE
भार,*bʰārás,Proto-Indo-Aryan,2000 BCE - 1500 BCE
भार,*bʰārás,Proto-Indo-Iranian,2200 BCE - 1800 BCE
भार,*bʰorós,Proto-Indo-European,4500 BCE - 2500 BCE
लोह,*Hrawdʰás,Proto-Indo-Iranian,2200 BCE - 1800 BCE
लोह,*h₁rowdʰós,Proto-Indo-European,4500 BCE - 2500 BCE
कन्या,*kanyáH,Proto-Indo-Iranian,2200 BCE - 1800 BCE
कन्या,*ken-,Proto-Indo-European,4500 BCE - 2500 BCE
वृश्चिक,σκορπῐ́ος,Ancient Greek,1500 BCE - 300 BCE
मेष,*mayšás,Proto-Indo-Iranian,2200 BCE - 1800 BCE
मेष,*moysós,Proto-Indo-European,4500 BCE - 2500 BCE
कुम्भ,*kumbʰás,Proto-Indo-Aryan,2000 BCE - 1500 BCE
कुम्भ,*kʰumbʰás,Proto-Indo-Iranian,2200 BCE - 1800 BCE
लोक,*lawkás,Proto-Indo-Aryan,2000 BCE - 1500 BCE
नख,*Hnā́kš,Proto-Indo-Iranian,2200 BCE - 1800 BCE
नख,*h₃nogʰ-,Proto-Indo-European,4500 BCE - 2500 BCE
भ्रू,*HbʰrúHs,Proto-Indo-Iranian,2200 BCE - 1800 BCE
भ्रू,*h₃bʰrúHs,Proto-Indo-European,4500 BCE - 2500 BCE
शत्रु,*śátruṣ,Proto-Indo-Aryan,2000 BCE - 1500 BCE
शत्रु,*ćátruš,Proto-Indo-Iranian,2200 BCE - 1800 BCE
China,China,Portuguese,1516 CE - present
China,Chin,Old French,800 CE - 1400 CE
China,چین,Persian,1000 CE - present
China,𐭰𐭩𐭭,Middle Persian,300 BCE - 651 CE
China,चीन,Sanskrit,1500 BCE - present (liturgical/classical)
China,秦,Chinese,not available
office,office,Middle English,1150 CE - 1500 CE
office,office,Old French,800 CE - 1400 CE
office,officium,Latin,700 BCE - 500 CE
चन्द्र,*(s)ćandrás,Proto-Indo-Aryan,2000 BCE - 1500 BCE
चन्द्र,*(s)čandrás,Proto-Indo-Iranian,2200 BCE - 1800 BCE
चन्द्र,*(s)kand-,Proto-Indo-European,4500 BCE - 2500 BCE
map,mappemounde,Middle English,1150 CE - 1500 CE
map,mapamonde,Old French,800 CE - 1400 CE
map,mappa mundī,Medieval Latin,600 CE - 1400 CE
map,mappa,Latin,700 BCE - 500 CE
गर्भ,*gárbʰas,Proto-Indo-Iranian,2200 BCE - 1800 BCE
भक्ति,*bʰaktíṣ,Proto-Indo-Aryan,2000 BCE - 1500 BCE
भक्ति,*bʰaktíš,Proto-Indo-Iranian,2200 BCE - 1800 BCE
भक्ति,*bʰeh₂g-,Proto-Indo-European,4500 BCE - 2500 BCE
स्व,*swá,Proto-Indo-Aryan,2000 BCE - 1500 BCE
स्व,*swá,Proto-Indo-Iranian,2200 BCE - 1800 BCE
स्व,*swé,Proto-Indo-European,4500 BCE - 2500 BCE
दूत,*duHtás,Proto-Indo-Iranian,2200 BCE - 1800 BCE
दूत,*dweh₂-,Proto-Indo-European,4500 BCE - 2500 BCE
दीर्घ,*dr̥Hgʰás,Proto-Indo-Iranian,2200 BCE - 1800 BCE
दीर्घ,*dl̥h₁gʰós,Proto-Indo-European,4500 BCE - 2500 BCE
भाग,*bʰāgás,Proto-Indo-Aryan,2000 BCE - 1500 BCE
भाग,*bʰāgás,Proto-Indo-Iranian,2200 BCE - 1800 BCE
भाग,*bʰeh₂g-,Proto-Indo-European,4500 BCE - 2500 BCE
स्थान,*stáHnam,Proto-Indo-Iranian,2200 BCE - 1800 BCE
वाल,*wālás,Proto-Indo-Aryan,2000 BCE - 1500 BCE
वाल,*wālás,Proto-Indo-Iranian,2200 BCE - 1800 BCE
वाल,*welH-,Proto-Indo-European,4500 BCE - 2500 BCE
विसर्ग,*selǵ-,Proto-Indo-European,4500 BCE - 2500 BCE
ध्वज,*dʰwōg-,Proto-Indo-European,4500 BCE - 2500 BCE
शास्त्र,*śāstra,Proto-Indo-Aryan,2000 BCE - 1500 BCE
शास्त्र,*ḱeh₁s-,Proto-Indo-European,4500 BCE - 2500 BCE
मन्त्र,*mántram,Proto-Indo-Aryan,2000 BCE - 1500 BCE
मन्त्र,*mántram,Proto-Indo-Iranian,2200 BCE - 1800 BCE
मनस्,*mánas,Proto-Indo-Iranian,2200 BCE - 1800 BCE
मनस्,*ménos,Proto-Indo-European,4500 BCE - 2500 BCE
वधू,*wadʰúHs,Proto-Indo-Aryan,2000 BCE - 1500 BCE
वधू,*wadʰúHs,Proto-Indo-Iranian,2200 BCE - 1800 BCE
दन्त,*Hdánts,Proto-Indo-Iranian,2200 BCE - 1800 BCE
दन्त,*h₃dónts,Proto-Indo-European,4500 BCE - 2500 BCE
दोष,*dáwṣas,Proto-Indo-Aryan,2000 BCE - 1500 BCE
दोष,*dáwšas,Proto-Indo-Iranian,2200 BCE - 1800 BCE
दोष,*dew-,Proto-Indo-European,4500 BCE - 2500 BCE
कर्मन्,*kárma,Proto-Indo-Aryan,2000 BCE - 1500 BCE
कर्मन्,*kárma,Proto-Indo-Iranian,2200 BCE - 1800 BCE
कर्मन्,*kʷer-,Proto-Indo-European,4500 BCE - 2500 BCE
श्रद्धा,*ćradᶻdʰáH,Proto-Indo-Iranian,2200 BCE - 1800 BCE
तर्क,*tarkás,Proto-Indo-Aryan,2000 BCE - 1500 BCE
तर्क,*tarkás,Proto-Indo-Iranian,2200 BCE - 1800 BCE
तर्क,*telkʷ-,Proto-Indo-European,4500 BCE - 2500 BCE
तर्क,*terkʷ-,Proto-Indo-European,4500 BCE - 2500 BCE
प्रश्न,*praśnás,Proto-Indo-Aryan,2000 BCE - 1500 BCE
प्रश्न,*praćnás,Proto-Indo-Iranian,2200 BCE - 1800 BCE
मोक्ष,*(s)mewk-,Proto-Indo-European,4500 BCE - 2500 BCE
देह,*dʰáyȷ́ʰas,Proto-Indo-Iranian,2200 BCE - 1800 BCE
शोक,*śṓcati,Proto-Indo-Iranian,2200 BCE - 1800 BCE
शोक,*ḱewk-,Proto-Indo-European,4500 BCE - 2500 BCE
कपट,*kh₂emp-,Proto-Indo-European,4500 BCE - 2500 BCE
वृद्ध,*wr̥dᶻdʰás,Proto-Indo-Iranian,2200 BCE - 1800 BCE
vaccine,vaccīnus,Latin,700 BCE - 500 CE
सत्य,*Hsatyás,Proto-Indo-Iranian,2200 BCE - 1800 BCE
समुद्र,*wódr̥,Proto-Indo-European,4500 BCE - 2500 BCE
स्वप्न,*swápnas,Proto-Indo-Iranian,2200 BCE - 1800 BCE
स्वप्न,*swépnos,Proto-Indo-European,4500 BCE - 2500 BCE
تماشا,مَشَى,Arabic,600 CE - present
تماشا,تَمَشَّى,Arabic,600 CE - present
पद,*padám,Proto-Indo-Aryan,2000 BCE - 1500 BCE
पद,*padám,Proto-Indo-Iranian,2200 BCE - 1800 BCE
पद,*ped-,Proto-Indo-European,4500 BCE - 2500 BCE
विष्णु,*weys-,Proto-Indo-European,4500 BCE - 2500 BCE
शिव,*ḱey-,Proto-Indo-European,4500 BCE - 2500 BCE
शिव,*ḱewh₁-,Proto-Indo-European,4500 BCE - 2500 BCE
रहस्य,*raȷ́ʰ-,Proto-Indo-Iranian,2200 BCE - 1800 BCE
गीत,*giHtás,Proto-Indo-Iranian,2200 BCE - 1800 BCE
स्वर,*swer-,Proto-Indo-European,4500 BCE - 2500 BCE
चक्र,*ćakrám,Proto-Indo-Aryan,2000 BCE - 1500 BCE
चक्र,*čakrám,Proto-Indo-Iranian,2200 BCE - 1800 BCE
चक्र,*kʷékʷlos,Proto-Indo-European,4500 BCE - 2500 BCE
بابا,pāpa,Latin,700 BCE - 500 CE
अस्थि,*Hástʰi,Proto-Indo-Iranian,2200 BCE - 1800 BCE
रोमन्,*Hráwma,Proto-Indo-Aryan,2000 BCE - 1500 BCE
रोमन्,*Hráwma,Proto-Indo-Iranian,2200 BCE - 1800 BCE
أب,*ʔabw-,Proto-Semitic,not available
कृमि,*kŕ̥miṣ,Proto-Indo-Aryan,2000 BCE - 1500 BCE
कृमि,*kŕ̥miš,Proto-Indo-Iranian,2200 BCE - 1800 BCE
कृमि,*kʷŕ̥mis,Proto-Indo-European,4500 BCE - 2500 BCE
गूढ,*gʰuẓḍʰás,Proto-Indo-Aryan,2000 BCE - 1500 BCE
गूढ,*gʰuždʰás,Proto-Indo-Iranian,2200 BCE - 1800 BCE
मूत्र,*múHtrom,Proto-Indo-European,4500 BCE - 2500 BCE
श्मश्रु,*smoḱru,Proto-Indo-European,4500 BCE - 2500 BCE
madam,madame,Middle English,1150 CE - 1500 CE
madam,madame,Old French,800 CE - 1400 CE
madam, ,Latin,700 BCE - 500 CE
जाति,*ȷ́aHtíṣ,Proto-Indo-Aryan,2000 BCE - 1500 BCE
जाति,*ȷ́áHtiš,Proto-Indo-Iranian,2200 BCE - 1800 BCE
जाति,*ǵénh₁tis,Proto-Indo-European,4500 BCE - 2500 BCE
ऋषि,*ŕ̥ṣiṣ,Proto-Indo-Aryan,2000 BCE - 1500 BCE
ऋषि,*r̥šíš,Proto-Indo-Iranian,2200 BCE - 1800 BCE
town,toun,Middle English,1150 CE - 1500 CE
town,tūn,Old English,450 CE - 1150 CE
town,*tūną,Proto-Germanic,500 BCE - 500 CE
town,dunom,Gaulish,not available
town,*dūnom,Proto-Celtic,1000 BCE - 500 BCE (disputed)
town,*dewh₂-,Proto-Indo-European,4500 BCE - 2500 BCE
धन,*dʰanH-,Proto-Indo-Iranian,2200 BCE - 1800 BCE
धन,*dʰenh₂-,Proto-Indo-European,4500 BCE - 2500 BCE
कॢप्त,*kl̥ptás,Proto-Indo-Iranian,2200 BCE - 1800 BCE
wire,wir,Middle English,1150 CE - 1500 CE
wire,wīr,Old English,450 CE - 1150 CE
wire,*wīraz,Proto-Germanic,500 BCE - 500 CE
wire,*weh₁iros,Proto-Indo-European,4500 BCE - 2500 BCE
balloon,ballon,Middle French,1340 CE - 1610 CE
balloon,pallone,Italian,1400 CE - present
balloon,*palla,Lombardic,not available
balloon,balle,Old French,800 CE - 1400 CE
balloon,*ballu,Frankish,not available
balloon,*ballô,Proto-Germanic,500 BCE - 500 CE
balloon,*bʰoln-,Proto-Indo-European,4500 BCE - 2500 BCE
balloon,*bʰel-,Proto-Indo-European,4500 BCE - 2500 BCE
मधु,*mádʰu,Proto-Indo-Iranian,2200 BCE - 1800 BCE
मधु,*médʰu,Proto-Indo-European,4500 BCE - 2500 BCE
apple,appel,Middle English,1150 CE - 1500 CE
apple,æppel,Old English,450 CE - 1150 CE
apple,*applu,Proto-West Germanic,before 500 CE (unconfirmed)
apple,*aplaz,Proto-Germanic,500 BCE - 500 CE
apple,*h₂ébōl,Proto-Indo-European,4500 BCE - 2500 BCE
current,curraunt,Middle English,1150 CE - 1500 CE
current,curant,Old French,800 CE - 1400 CE
current,currere,Latin,700 BCE - 500 CE
platinum,platina,Spanish,1600 CE - present
Delhi,دہلی,Urdu,not available
Delhi,دهلی,Classical Persian,800 CE - 1900 CE
Delhi,Дэлхий,Mongolian,not available
पठति,*pártʰati,Proto-Indo-Aryan,2000 BCE - 1500 BCE
plastic,plasticus,Latin,700 BCE - 500 CE
plastic,πλαστικός,Ancient Greek,1500 BCE - 300 BCE
America,America,New Latin,not available
America,ap Meurig,Welsh,not available
Japan,Japão,Portuguese,1516 CE - present
Japan,Japan,Dutch,1500 CE - present
Japan,Jepang,Malay,not available
Egypt,Egipt,Middle English,1150 CE - 1500 CE
Egypt,Egypte,Middle French,1340 CE - 1610 CE
Egypt,Aegyptus,Latin,700 BCE - 500 CE
Egypt,Αἴγυπτος,Ancient Greek,1500 BCE - 300 BCE
Egypt,ḥwt-kꜣ-ptḥ,Egyptian,not available
Britain,Breteyn,Middle English,1150 CE - 1500 CE
Britain,Bretaigne,Anglo-Norman,not available
Britain,Brittannia,Latin,700 BCE - 500 CE
Britain,Britannia,Latin,700 BCE - 500 CE
Britain,*Prɨdėn,Proto-Brythonic,not available
Brazil,Brasil,Portuguese,1516 CE - present
Brazil,*brasō,Proto-Germanic,500 BCE - 500 CE
Brazil,-īlis,Latin,700 BCE - 500 CE
Brazil,Ó Breasail,Irish,not available
रोग,*lewg-,Proto-Indo-European,4500 BCE - 2500 BCE
दूर,*duHrás,Proto-Indo-Iranian,2200 BCE - 1800 BCE
मित्र,*mitrás,Proto-Indo-Aryan,2000 BCE - 1500 BCE
मित्र,*mitrás,Proto-Indo-Iranian,2200 BCE - 1800 BCE
मित्र,*mey-,Proto-Indo-European,4500 BCE - 2500 BCE
carrot,karette,Middle English,1150 CE - 1500 CE
carrot,carotte,Middle French,1340 CE - 1610 CE
carrot,carōta,Latin,700 BCE - 500 CE
carrot,καρῶτον,Ancient Greek,1500 BCE - 300 BCE
वृक्क,*wr̥tkás,Proto-Indo-Iranian,2200 BCE - 1800 BCE
petrol,(essence de) ,French,1600 CE - present
petrol,petroleum,Medieval Latin,600 CE - 1400 CE
petrol,πετρέλαιον,Ancient Greek,1500 BCE - 300 BCE
diesel,Diesel,German,750 CE - present
pencil,pincil,Old French,800 CE - 1400 CE
pencil,pēnicillum,Latin,700 BCE - 500 CE
इतिहास,इति,Sanskrit,1500 BCE - present (liturgical/classical)
इतिहास,ह,Sanskrit,1500 BCE - present (liturgical/classical)
इतिहास,आस,Sanskrit,1500 BCE - present (liturgical/classical)
janela,janella,Old Portuguese,870 CE - 1400 CE
janela,*ianuella,Vulgar Latin,100 BCE - 600 CE
janela,iānua,Latin,700 BCE - 500 CE
janela,*h₁ey-,Proto-Indo-European,4500 BCE - 2500 BCE
armário,armārium,Latin,700 BCE - 500 CE
janella,*ianuella,Vulgar Latin,100 BCE - 600 CE
janella,iānua,Latin,700 BCE - 500 CE
janella,*h₁ey-,Proto-Indo-European,4500 BCE - 2500 BCE
master,maister,Middle English,1150 CE - 1500 CE
master,mǣster,Old English,450 CE - 1150 CE
master,magister,Latin,700 BCE - 500 CE
master,magester,Old Latin,not available
master,*méǵh₂s,Proto-Indo-European,4500 BCE - 2500 BCE
master,maistre,Old French,800 CE - 1400 CE
द्वार,*dwā́ram,Proto-Indo-Aryan,2000 BCE - 1500 BCE
द्वार,*dʰwā́ram,Proto-Indo-Iranian,2200 BCE - 1800 BCE
द्वार,*dʰworom,Proto-Indo-European,4500 BCE - 2500 BCE
नदी,*nadíH,Proto-Indo-Iranian,2200 BCE - 1800 BCE
शिष्य,शास्,Sanskrit,1500 BCE - present (liturgical/classical)
अक्षि,*Hákṣi,Proto-Indo-Aryan,2000 BCE - 1500 BCE
अक्षि,*Hákši,Proto-Indo-Iranian,2200 BCE - 1800 BCE
अक्षि,*h₃ókʷs,Proto-Indo-European,4500 BCE - 2500 BCE
लोचन,*lewk-,Proto-Indo-European,4500 BCE - 2500 BCE
जननी,*ǵenh₁-,Proto-Indo-European,4500 BCE - 2500 BCE
आलय,*sley-,Proto-Indo-European,4500 BCE - 2500 BCE
क्षेत्र,*ṭṣáytram,Proto-Indo-Aryan,2000 BCE - 1500 BCE
क्षेत्र,*ćšáytram,Proto-Indo-Iranian,2200 BCE - 1800 BCE
क्षेत्र,*tḱey-,Proto-Indo-European,4500 BCE - 2500 BCE
ಕನ್ನಡ,ಕಱೆ,Kannada,450 CE - present
ಕನ್ನಡ,ನಾಡು,Kannada,450 CE - present
తెలుగు,*teṉ,Proto-Dravidian,3000 BCE - 1500 BCE (disputed)
తెలుగు,*ceḷ,Proto-Dravidian,3000 BCE - 1500 BCE (disputed)
Spanish,Spainish,Middle English,1150 CE - 1500 CE
दक्षिण,*dáćšinas,Proto-Indo-Iranian,2200 BCE - 1800 BCE
लज्जा,*lazȷ́-,Proto-Indo-Aryan,2000 BCE - 1500 BCE
चर्मन्,*čárma,Proto-Indo-Iranian,2200 BCE - 1800 BCE
चर्मन्,*(s)ker-,Proto-Indo-European,4500 BCE - 2500 BCE
शेष,*śayṣ-,Proto-Indo-Aryan,2000 BCE - 1500 BCE
नाश,*nāśás,Proto-Indo-Aryan,2000 BCE - 1500 BCE
नाश,*nāćás,Proto-Indo-Iranian,2200 BCE - 1800 BCE
batalhão,battaglione,Italian,1400 CE - present
test,test,Middle English,1150 CE - 1500 CE
test,test,Old French,800 CE - 1400 CE
test,testum,Latin,700 BCE - 500 CE
test,teste,Middle English,1150 CE - 1500 CE
test,teste,Old French,800 CE - 1400 CE
test,testis,Latin,700 BCE - 500 CE
test,testosterone,English,1550 CE - present
उग्र,*Hugrás,Proto-Indo-Iranian,2200 BCE - 1800 BCE
ज़िला,ضِلْع,Arabic,600 CE - present
गुहा,*gʰawȷ́ʰ-,Proto-Indo-Iranian,2200 BCE - 1800 BCE
ombudsman,ombudsman,Swedish,not available
ombudsman,umboðsmaðr,Old Norse,700 CE - 1350 CE
शिक्षा,*ćikš-,Proto-Indo-Iranian,2200 BCE - 1800 BCE
न्यून,नि,Sanskrit,1500 BCE - present (liturgical/classical)
न्यून,ऊन,Sanskrit,1500 BCE - present (liturgical/classical)
arbitration,arbitracion,Middle English,1150 CE - 1500 CE
arbitration,arbitration,Old French,800 CE - 1400 CE
arbitration,arbitratio,Latin,700 BCE - 500 CE
रेखा,*h₁reh₁-,Proto-Indo-European,4500 BCE - 2500 BCE
खर,*kh₂er-,Proto-Indo-European,4500 BCE - 2500 BCE
खर,*kʰáras,Proto-Indo-Iranian,2200 BCE - 1800 BCE
छाया,*śćaHyáH,Proto-Indo-Iranian,2200 BCE - 1800 BCE
छाया,*(s)ḱeh₃ih₂,Proto-Indo-European,4500 BCE - 2500 BCE
द्रविड,தமிழ்,Tamil,300 BCE - present
उत्तम,*uttamás,Proto-Indo-Aryan,2000 BCE - 1500 BCE
उत्तम,*utˢtamás,Proto-Indo-Iranian,2200 BCE - 1800 BCE
उत्तम,*udtm̥mós,Proto-Indo-European,4500 BCE - 2500 BCE
tap,tappe,Middle English,1150 CE - 1500 CE
tap,tæppa,Old English,450 CE - 1150 CE
tap,*tappô,Proto-Germanic,500 BCE - 500 CE
tap,tappen,Middle English,1150 CE - 1500 CE
tap,tæppian,Old English,450 CE - 1150 CE
tap,*tappōną,Proto-Germanic,500 BCE - 500 CE
tap,tapper,Old French,800 CE - 1400 CE
tap,*tappōn,Frankish,not available
tap,tappen,Middle Low German,1200 CE - 1600 CE
tap,*dab-,Proto-Germanic,500 BCE - 500 CE
tap,*dʰAbʰ-,Proto-Indo-European,4500 BCE - 2500 BCE
tap,ताप,Sanskrit,1500 BCE - present (liturgical/classical)
bulb,bulb,Middle English,1150 CE - 1500 CE
bulb,bulbus,Latin,700 BCE - 500 CE
bulb,βολβός,Ancient Greek,1500 BCE - 300 BCE
shirt,sherte,Middle English,1150 CE - 1500 CE
shirt,sċyrte,Old English,450 CE - 1150 CE
shirt,*skurtijā,Proto-West Germanic,before 500 CE (unconfirmed)
shirt,*skurtijǭ,Proto-Germanic,500 BCE - 500 CE
shirt,sherten,Middle English,1150 CE - 1500 CE
अधर,*Hadʰáras,Proto-Indo-Aryan,2000 BCE - 1500 BCE
अधर,*Hadʰáras,Proto-Indo-Iranian,2200 BCE - 1800 BCE
ओष्ठ,*Háwštʰas,Proto-Indo-Iranian,2200 BCE - 1800 BCE
ओष्ठ,*h₃éh₁os,Proto-Indo-European,4500 BCE - 2500 BCE
अन्त,*h₂ent-,Proto-Indo-European,4500 BCE - 2500 BCE
अमृत,*amŕ̥tas,Proto-Indo-Iranian,2200 BCE - 1800 BCE
अमृत,*n̥mr̥tós,Proto-Indo-European,4500 BCE - 2500 BCE
विष,*wiṣás,Proto-Indo-Aryan,2000 BCE - 1500 BCE
विष,*wišás,Proto-Indo-Iranian,2200 BCE - 1800 BCE
विष,*wisós,Proto-Indo-European,4500 BCE - 2500 BCE
अरण्य,*h₂el-,Proto-Indo-European,4500 BCE - 2500 BCE
हंस,*ȷ́ʰansás,Proto-Indo-Iranian,2200 BCE - 1800 BCE
हंस,*ǵʰh₂éns,Proto-Indo-European,4500 BCE - 2500 BCE
अर्थ,*Hártʰam,Proto-Indo-Iranian,2200 BCE - 1800 BCE
अर्थ,*h₁ert-,Proto-Indo-European,4500 BCE - 2500 BCE
अहंकार,अहं,Sanskrit,1500 BCE - present (liturgical/classical)
अहंकार,-कार,Sanskrit,1500 BCE - present (liturgical/classical)
आशा,*ā́śā,Proto-Indo-Aryan,2000 BCE - 1500 BCE
आशा,*ā́ćā,Proto-Indo-Iranian,2200 BCE - 1800 BCE
सर्प,*sarpás,Proto-Indo-Aryan,2000 BCE - 1500 BCE
सर्प,*sarpás,Proto-Indo-Iranian,2200 BCE - 1800 BCE
सर्प,*serp-,Proto-Indo-European,4500 BCE - 2500 BCE
कवि,*káwHiš,Proto-Indo-Iranian,2200 BCE - 1800 BCE
शत,*śatám,Proto-Indo-Aryan,2000 BCE - 1500 BCE
शत,*ćatám,Proto-Indo-Iranian,2200 BCE - 1800 BCE
शत,*ḱm̥tóm,Proto-Indo-European,4500 BCE - 2500 BCE
rank,rank,Middle English,1150 CE - 1500 CE
rank,ranc,Old English,450 CE - 1150 CE
rank,*rank,Proto-West Germanic,before 500 CE (unconfirmed)
rank,*rankaz,Proto-Germanic,500 BCE - 500 CE
rank,*h₃reǵ-,Proto-Indo-European,4500 BCE - 2500 BCE
rank,ranc,Old French,800 CE - 1400 CE
rank,*hring,Frankish,not available
rank,*hringaz,Proto-Germanic,500 BCE - 500 CE
sheet,schete,Middle English,1150 CE - 1500 CE
sheet,sċīete,Old English,450 CE - 1150 CE
sheet,sċēata,Old English,450 CE - 1150 CE
sheet,sċēat,Old English,450 CE - 1150 CE
sheet,*skautijǭ,Proto-Germanic,500 BCE - 500 CE
sheet,*(s)kewd-,Proto-Indo-European,4500 BCE - 2500 BCE
trophy,trophée,Middle French,1340 CE - 1610 CE
trophy,trophaeum,Latin,700 BCE - 500 CE
trophy,τρόπαιον,Ancient Greek,1500 BCE - 300 BCE
पुरुष,*pŕ̥Hṣas,Proto-Indo-Aryan,2000 BCE - 1500 BCE
पुरुष,*perh₃-,Proto-Indo-European,4500 BCE - 2500 BCE
मेघ,*Hmaygʰás,Proto-Indo-Iranian,2200 BCE - 1800 BCE
श्रेष्ठ,*ćráyHištʰas,Proto-Indo-Iranian,2200 BCE - 1800 BCE
दशा,*daćā-,Proto-Indo-Iranian,2200 BCE - 1800 BCE
अंश,*Hánćas,Proto-Indo-Iranian,2200 BCE - 1800 BCE
अंश,*h₁ónḱos,Proto-Indo-European,4500 BCE - 2500 BCE
vinho,vinno,Old Portuguese,870 CE - 1400 CE
vinho,vīnum,Latin,700 BCE - 500 CE
vinho,*wīnom,Proto-Italic,1000 BCE - 700 BCE (disputed)
vinho,*wóyh₁nom,Proto-Indo-European,4500 BCE - 2500 BCE
zak,sac,Middle Dutch,1150 CE - 1500 CE
zak,sac,Old Dutch,600 CE - 1200 CE
zak,*sakku,Proto-West Germanic,before 500 CE (unconfirmed)
zak,*sakkuz,Proto-Germanic,500 BCE - 500 CE
zak,saccus,Latin,700 BCE - 500 CE
zak,sack,English,1550 CE - present
तन्त्र,*tántram,Proto-Indo-Aryan,2000 BCE - 1500 BCE
तन्त्र,*tántram,Proto-Indo-Iranian,2200 BCE - 1800 BCE
तन्त्र,*téntlom,Proto-Indo-European,4500 BCE - 2500 BCE
beer,bere,Middle English,1150 CE - 1500 CE
beer,bēor,Old English,450 CE - 1150 CE
beer,*beuʀ,Proto-West Germanic,before 500 CE (unconfirmed)
beer,*beuzą,Proto-Germanic,500 BCE - 500 CE
beer,beere,Middle English,1150 CE - 1500 CE
पत्नी,*pátniH,Proto-Indo-Iranian,2200 BCE - 1800 BCE
पत्नी,*pótnih₂,Proto-Indo-European,4500 BCE - 2500 BCE
chimney,chymeney,Middle English,1150 CE - 1500 CE
chimney,cheminee,Old French,800 CE - 1400 CE
chimney,camīnāta,Late Latin,200 CE - 600 CE
chimney,camīnus,Latin,700 BCE - 500 CE
chimney,κάμῑνος,Ancient Greek,1500 BCE - 300 BCE
मरति,*márati,Proto-Indo-Aryan,2000 BCE - 1500 BCE
मरति,*márti,Proto-Indo-Iranian,2200 BCE - 1800 BCE
मरति,*mer-,Proto-Indo-European,4500 BCE - 2500 BCE
मण्डल,*melnd-,Proto-Indo-European,4500 BCE - 2500 BCE
judge,juge,Middle English,1150 CE - 1500 CE
judge,juge,Old French,800 CE - 1400 CE
judge,iūdex,Latin,700 BCE - 500 CE
judge,jugen,Middle English,1150 CE - 1500 CE
judge,juger,Anglo-Norman,not available
judge,jugier,Old French,800 CE - 1400 CE
judge,iūdicō,Latin,700 BCE - 500 CE
चित्र,*čitrás,Proto-Indo-Iranian,2200 BCE - 1800 BCE
नष्ट,*naṣṭás,Proto-Indo-Aryan,2000 BCE - 1500 BCE
नष्ट,*naštás,Proto-Indo-Iranian,2200 BCE - 1800 BCE
लिपि,𐨡𐨁𐨤𐨁,Ashokan Prakrit,300 BCE - 100 BCE
लिपि,𐎮𐎡𐎱𐎡,Old Persian,600 BCE - 300 BCE
लिपि,𒁾,Elamite,not available
लिपि,𒁾,Akkadian,not available
लिपि,𒁾,Sumerian,not available
Amazon,Ἀμαζών,Ancient Greek,1500 BCE - 300 BCE
Amazon,*hamazan-,Old Persian,600 BCE - 300 BCE
Korea,Core,Dutch,1500 CE - present
cake,cake,Middle English,1150 CE - 1500 CE
cake,kaka,Old Norse,700 CE - 1350 CE
cake,*kakǭ,Proto-Germanic,500 BCE - 500 CE
cake,*gog-,Proto-Indo-European,4500 BCE - 2500 BCE
भगवद्गीता,भगवत्,Sanskrit,1500 BCE - present (liturgical/classical)
भगवद्गीता,गीता,Sanskrit,1500 BCE - present (liturgical/classical)
Bible,bible,Middle English,1150 CE - 1500 CE
Bible,biblia,Medieval Latin,600 CE - 1400 CE
Bible,βιβλία,Ancient Greek,1500 BCE - 300 BCE
रामायण,राम,Sanskrit,1500 BCE - present (liturgical/classical)
रामायण,अयन,Sanskrit,1500 BCE - present (liturgical/classical)
off,of,Middle English,1150 CE - 1500 CE
off,of,Old English,450 CE - 1150 CE
off,*ab,Proto-West Germanic,before 500 CE (unconfirmed)
off,*ab,Proto-Germanic,500 BCE - 500 CE
off,*h₂epo,Proto-Indo-European,4500 BCE - 2500 BCE
pilot,pilot,Middle French,1340 CE - 1610 CE
pilot,pilota,Italian,1400 CE - present
pilot,*πηδώτης,Byzantine Greek,not available
pilot,πηδόν,Ancient Greek,1500 BCE - 300 BCE
corona,corōna,Latin,700 BCE - 500 CE
corona,κορώνη,Ancient Greek,1500 BCE - 300 BCE
corona,*(s)ker-,Proto-Indo-European,4500 BCE - 2500 BCE
corona,corōnae,Latin,700 BCE - 500 CE
corona,coronavirus,English,1550 CE - present
corona,corona,Italian,1400 CE - present
corona,La Corona,Spanish,1600 CE - present
पात्र,*páHtram,Proto-Indo-Aryan,2000 BCE - 1500 BCE
पात्र,*páHtram,Proto-Indo-Iranian,2200 BCE - 1800 BCE
रण,*ran-,Proto-Indo-Iranian,2200 BCE - 1800 BCE
रण,*ránam,Proto-Indo-Iranian,2200 BCE - 1800 BCE
राज्ञी,*h₃rḗǵnih₂,Proto-Indo-European,4500 BCE - 2500 BCE
लघु,*Hlagʰúṣ,Proto-Indo-Aryan,2000 BCE - 1500 BCE
लघु,*Hlagʰúš,Proto-Indo-Iranian,2200 BCE - 1800 BCE
लघु,*h₁léngʰus,Proto-Indo-European,4500 BCE - 2500 BCE
मृदु,*mr̥dúṣ,Proto-Indo-Aryan,2000 BCE - 1500 BCE
मृदु,*mr̥dúš,Proto-Indo-Iranian,2200 BCE - 1800 BCE
मृदु,*ml̥dus,Proto-Indo-European,4500 BCE - 2500 BCE
पूर्ण,*pr̥Hnás,Proto-Indo-Iranian,2200 BCE - 1800 BCE
पूर्ण,*pl̥h₁nós,Proto-Indo-European,4500 BCE - 2500 BCE
car,carre,Anglo-Norman,not available
car,carra,Latin,700 BCE - 500 CE
car,*karros,Gaulish,not available
car,*karros,Proto-Celtic,1000 BCE - 500 BCE (disputed)
car,*karzijaną,Proto-Germanic,500 BCE - 500 CE
car,*gers-,Proto-Indo-European,4500 BCE - 2500 BCE
sugar,sugre,Middle English,1150 CE - 1500 CE
sugar,sucre,Middle French,1340 CE - 1610 CE
sugar,çucre,Old French,800 CE - 1400 CE
sugar,zucchero,Old Italian,not available
sugar,sucre,Old Catalan,not available
sugar,سُكَّر,Arabic,600 CE - present
sugar,شکر,Persian,1000 CE - present
sugar,शर्करा,Sanskrit,1500 BCE - present (liturgical/classical)
company,companye,Middle English,1150 CE - 1500 CE
company,compaignie,Old French,800 CE - 1400 CE
शाला,*ḱel-eh₂,Proto-Indo-European,4500 BCE - 2500 BCE
शिष्ट,*śiṣṭás,Proto-Indo-Aryan,2000 BCE - 1500 BCE
page,pagina,Latin,700 BCE - 500 CE
page,*peh₂ǵ-,Proto-Indo-European,4500 BCE - 2500 BCE
page,page,Old French,800 CE - 1400 CE
page,paggio,Italian,1400 CE - present
page,pagius,Late Latin,200 CE - 600 CE
page,παιδίον,Ancient Greek,1500 BCE - 300 BCE
page,pagus,Latin,700 BCE - 500 CE
ink,ynke,Middle English,1150 CE - 1500 CE
ink,enque,Old French,800 CE - 1400 CE
ink,encaustum,Latin,700 BCE - 500 CE
ink,ἔγκαυστον,Ancient Greek,1500 BCE - 300 BCE
अन्ध,*andʰás,Proto-Indo-Iranian,2200 BCE - 1800 BCE
शून्य,*ḱówH-,Proto-Indo-European,4500 BCE - 2500 BCE
क्रूर,*kruHrás,Proto-Indo-Aryan,2000 BCE - 1500 BCE
क्रूर,*kruHrás,Proto-Indo-Iranian,2200 BCE - 1800 BCE
क्रूर,*kruh₂rós,Proto-Indo-European,4500 BCE - 2500 BCE
राम,*raHmás,Proto-Indo-Iranian,2200 BCE - 1800 BCE
राम,*reh₁mós,Proto-Indo-European,4500 BCE - 2500 BCE
tax,taxe,Middle English,1150 CE - 1500 CE
tax,taxe,Middle French,1340 CE - 1610 CE
tax,taxa,Medieval Latin,600 CE - 1400 CE
tax,taxen,Middle English,1150 CE - 1500 CE
tax,taxer,Anglo-Norman,not available
tax,taxāre,Latin,700 BCE - 500 CE
हस्त,*ȷ́ʰástas,Proto-Indo-Iranian,2200 BCE - 1800 BCE
हस्त,*ǵʰes-,Proto-Indo-European,4500 BCE - 2500 BCE
vote,vōtum,Latin,700 BCE - 500 CE
vote,*h₁wegʷʰ-,Proto-Indo-European,4500 BCE - 2500 BCE
loba,lupa,Latin,700 BCE - 500 CE
Nguyen,Nguyễn,Vietnamese,not available
Thai,ไทย,Thai,not available
जनक,*ǵenh₁-,Proto-Indo-European,4500 BCE - 2500 BCE
जन्तु,*ĵantúṣ,Proto-Indo-Aryan,2000 BCE - 1500 BCE
जन्तु,*ȷ́antúš,Proto-Indo-Iranian,2200 BCE - 1800 BCE
जन्तु,*ǵenh₁-,Proto-Indo-European,4500 BCE - 2500 BCE
श्वास,*ćwāsás,Proto-Indo-Iranian,2200 BCE - 1800 BCE
second,secunde,Middle English,1150 CE - 1500 CE
second,second,Old French,800 CE - 1400 CE
second,secundus,Latin,700 BCE - 500 CE
second,*sekʷ-,Proto-Indo-European,4500 BCE - 2500 BCE
second,seconde,Old French,800 CE - 1400 CE
second,secunda,Medieval Latin,600 CE - 1400 CE
second,seconder,Middle French,1340 CE - 1610 CE
second,secundō,Latin,700 BCE - 500 CE
minute,mynute,Middle English,1150 CE - 1500 CE
minute,minute,Old French,800 CE - 1400 CE
minute,minūta,Medieval Latin,600 CE - 1400 CE
minute,minūtus,Latin,700 BCE - 500 CE
एक,*Háykas,Proto-Indo-Aryan,2000 BCE - 1500 BCE
एक,*Háykas,Proto-Indo-Iranian,2200 BCE - 1800 BCE
एक,*óynos,Proto-Indo-European,4500 BCE - 2500 BCE
कृष्ण,*kr̥šnás,Proto-Indo-Iranian,2200 BCE - 1800 BCE
कृष्ण,*kr̥snós,Proto-Indo-European,4500 BCE - 2500 BCE
ice,is,Middle English,1150 CE - 1500 CE
ice,īs,Old English,450 CE - 1150 CE
ice,*īs,Proto-West Germanic,before 500 CE (unconfirmed)
ice,*īsą,Proto-Germanic,500 BCE - 500 CE
ice,*h₁eyH-,Proto-Indo-European,4500 BCE - 2500 BCE
communism,Kommunismus,German,750 CE - present
communism,communisme,French,1600 CE - present
communism,commūnis,Latin,700 BCE - 500 CE
युद्ध,*Hyawdʰ-,Proto-Indo-Iranian,2200 BCE - 1800 BCE
युद्ध,*Hyewdʰ-,Proto-Indo-European,4500 BCE - 2500 BCE
युग,*yugám,Proto-Indo-Iranian,2200 BCE - 1800 BCE
युग,*yugóm,Proto-Indo-European,4500 BCE - 2500 BCE
Neptune,Neptune,Middle English,1150 CE - 1500 CE
Neptune,Neptūnus,Latin,700 BCE - 500 CE
Neptune,*nebʰ-,Proto-Indo-European,4500 BCE - 2500 BCE
Uranus,Ūranus,Latin,700 BCE - 500 CE
Uranus,Οὐρανός,Ancient Greek,1500 BCE - 300 BCE
अर्जुन,*Hárȷ́unas,Proto-Indo-Aryan,2000 BCE - 1500 BCE
अर्जुन,*Hárȷ́unas,Proto-Indo-Iranian,2200 BCE - 1800 BCE
अर्जुन,*h₂erǵ-,Proto-Indo-European,4500 BCE - 2500 BCE
video,videō,Latin,700 BCE - 500 CE
chemistry,alchimista,Latin,700 BCE - 500 CE
chemistry,كيمياء,Arabic,600 CE - present
chemistry,χυμεία,Ancient Greek,1500 BCE - 300 BCE
cinema,cinéma,French,1600 CE - present
cinema,κίνημα,Ancient Greek,1500 BCE - 300 BCE
bus,omnibus,English,1550 CE - present
guard,*wardēn,Frankish,not available
guard,*wardāną,Proto-Germanic,500 BCE - 500 CE
guard,garde,Middle English,1150 CE - 1500 CE
guard,guarde,Old French,800 CE - 1400 CE
general,general,Middle English,1150 CE - 1500 CE
general,general,Anglo-Norman,not available
general,general,Middle French,1340 CE - 1610 CE
general,generālis,Latin,700 BCE - 500 CE
jail,gayole,Middle English,1150 CE - 1500 CE
jail,gaiole,Old French,800 CE - 1400 CE
jail,gabiola,Medieval Latin,600 CE - 1400 CE
jail,*caveola,Vulgar Latin,100 BCE - 600 CE
jail,cavea,Latin,700 BCE - 500 CE
thimble,thymbyll,Middle English,1150 CE - 1500 CE
thimble,þȳmel,Old English,450 CE - 1150 CE
thimble,þūma,Old English,450 CE - 1150 CE
thimble,*tewh₂-,Proto-Indo-European,4500 BCE - 2500 BCE
thimble,*þūmilaz,Proto-Germanic,500 BCE - 500 CE
pocket,pocket,Middle English,1150 CE - 1500 CE
pocket,fro,Anglo-Norman,not available
pocket,poquet,Old Northern French,not available
pocket,*pokō,Frankish,not available
pocket,*pukkô,Proto-Germanic,500 BCE - 500 CE
pocket,*bew-,Proto-Indo-European,4500 BCE - 2500 BCE
wait,waiten,Middle English,1150 CE - 1500 CE
wait,waiter,Old Northern French,not available
wait,*wahtwēn,Frankish,not available
wait,*wahtu,Frankish,not available
wait,*wahtwō,Proto-Germanic,500 BCE - 500 CE
wait,*weǵ-,Proto-Indo-European,4500 BCE - 2500 BCE
doctor,doctour,Anglo-Norman,not available
doctor,doctor,Latin,700 BCE - 500 CE
brother-in-law,brother-in-lawe,Middle English,1150 CE - 1500 CE
work,work,Middle English,1150 CE - 1500 CE
work,weorc,Old English,450 CE - 1150 CE
work,*werką,Proto-Germanic,500 BCE - 500 CE
work,*wérǵom,Proto-Indo-European,4500 BCE - 2500 BCE
work,werken,Middle English,1150 CE - 1500 CE
work,wyrċan,Old English,450 CE - 1150 CE
work,*wurkijaną,Proto-Germanic,500 BCE - 500 CE
work,*werǵ-,Proto-Indo-European,4500 BCE - 2500 BCE
form,forme,Middle English,1150 CE - 1500 CE
form,forme,Old French,800 CE - 1400 CE
form,fōrma,Latin,700 BCE - 500 CE
red,red,Middle English,1150 CE - 1500 CE
red,rēad,Old English,450 CE - 1150 CE
red,*raud,Proto-West Germanic,before 500 CE (unconfirmed)
red,*raudaz,Proto-Germanic,500 BCE - 500 CE
red,*h₁rowdʰós,Proto-Indo-European,4500 BCE - 2500 BCE
yellow,yelow,Middle English,1150 CE - 1500 CE
yellow,ġeolwe,Old English,450 CE - 1150 CE
yellow,ġeolu,Old English,450 CE - 1150 CE
yellow,*gelu,Proto-West Germanic,before 500 CE (unconfirmed)
yellow,*gelwaz,Proto-Germanic,500 BCE - 500 CE
yellow,*ǵʰelh₃wos,Proto-Indo-European,4500 BCE - 2500 BCE
yellow,ġeolwian,Old English,450 CE - 1150 CE
violet,violet,Middle English,1150 CE - 1500 CE
violet,violette,Old French,800 CE - 1400 CE
violet,viola,Latin,700 BCE - 500 CE
pink,pincke,Middle Dutch,1150 CE - 1500 CE
pink,pingelen,Dutch,1500 CE - present
pink,pinken,Dutch,1500 CE - present
purple,purple,Middle English,1150 CE - 1500 CE
purple,purple,Old English,450 CE - 1150 CE
purple,purpura,Latin,700 BCE - 500 CE
purple,πορφύρα,Ancient Greek,1500 BCE - 300 BCE
boss,baas,Dutch,1500 CE - present
boss,baes,Middle Dutch,1150 CE - 1500 CE
boss,*baso,Old Dutch,600 CE - 1200 CE
boss,*baswô,Proto-Germanic,500 BCE - 500 CE
boss,*baswǭ,Proto-Germanic,500 BCE - 500 CE
boss,ボス,Japanese,not available
boss,bos,Middle English,1150 CE - 1500 CE
boss,boce,Old French,800 CE - 1400 CE
boss,*bottja,Frankish,not available
boss,*bautaną,Proto-Germanic,500 BCE - 500 CE
सेवि,*cáywaH,Proto-Iranian,not available
drink,drynken,Middle English,1150 CE - 1500 CE
drink,drincan,Old English,450 CE - 1150 CE
drink,*drinkan,Proto-West Germanic,before 500 CE (unconfirmed)
drink,*drinkaną,Proto-Germanic,500 BCE - 500 CE
drink,*dʰrenǵ-,Proto-Indo-European,4500 BCE - 2500 BCE
drink,drink,Middle English,1150 CE - 1500 CE
drink,drynċ,Old English,450 CE - 1150 CE
drink,*drunkiz,Proto-Germanic,500 BCE - 500 CE
switch,swijch,Middle Dutch,1150 CE - 1500 CE
callipygian,καλλίπυγος,Ancient Greek,1500 BCE - 300 BCE
party,party,Middle English,1150 CE - 1500 CE
party,partie,Anglo-Norman,not available
party,partīta,Medieval Latin,600 CE - 1400 CE
party,partīta,Latin,700 BCE - 500 CE
party,parti,Old French,800 CE - 1400 CE
party,partītus,Latin,700 BCE - 500 CE
water,water,Middle English,1150 CE - 1500 CE
water,wæter,Old English,450 CE - 1150 CE
water,*watar,Proto-West Germanic,before 500 CE (unconfirmed)
water,*watōr,Proto-Germanic,500 BCE - 500 CE
water,*wódr̥,Proto-Indo-European,4500 BCE - 2500 BCE
water,wateren,Middle English,1150 CE - 1500 CE
water,wæterian,Old English,450 CE - 1150 CE
water,*watrōną,Proto-Germanic,500 BCE - 500 CE
experience,experience,Middle English,1150 CE - 1500 CE
experience,experientia,Latin,700 BCE - 500 CE
round,round,Middle English,1150 CE - 1500 CE
round,röunt,Old Northern French,not available
round,ront,Old French,800 CE - 1400 CE
round,rotundus,Latin,700 BCE - 500 CE
round,rounen,Middle English,1150 CE - 1500 CE
round,rūnian,Old English,450 CE - 1150 CE
round,*rūnōną,Proto-Germanic,500 BCE - 500 CE
round,*(e)rewə-,Proto-Indo-European,4500 BCE - 2500 BCE
round,roun,Middle English,1150 CE - 1500 CE
round,rūn,Old English,450 CE - 1150 CE
round,*rūnō,Proto-Germanic,500 BCE - 500 CE
connection,conneccioun,Middle English,1150 CE - 1500 CE
connection,connexionem,Latin,700 BCE - 500 CE
photo,photograph,English,1550 CE - present
happy,happy,Middle English,1150 CE - 1500 CE
happy,happyn,Middle English,1150 CE - 1500 CE
happy,heppinn,Old Norse,700 CE - 1350 CE
help,help,Middle English,1150 CE - 1500 CE
help,help,Old English,450 CE - 1150 CE
help,*helpō,Proto-Germanic,500 BCE - 500 CE
help,*ḱelb-,Proto-Indo-European,4500 BCE - 2500 BCE
help,helpen,Middle English,1150 CE - 1500 CE
help,helpan,Old English,450 CE - 1150 CE
help,*helpan,Proto-West Germanic,before 500 CE (unconfirmed)
help,*helpaną,Proto-Germanic,500 BCE - 500 CE
run,runnen,Middle English,1150 CE - 1500 CE
run,rinnan,Old English,450 CE - 1150 CE
run,rinna,Old Norse,700 CE - 1350 CE
run,*rinnaną,Proto-Germanic,500 BCE - 500 CE
run,*h₃reyH-,Proto-Indo-European,4500 BCE - 2500 BCE
plate,plate,Old French,800 CE - 1400 CE
plate,plata,Medieval Latin,600 CE - 1400 CE
plate,*plattus,Vulgar Latin,100 BCE - 600 CE
plate,πλατύς,Ancient Greek,1500 BCE - 300 BCE
plate,plata,Latin,700 BCE - 500 CE
plate,*platta,Vulgar Latin,100 BCE - 600 CE
plate,*plattus,Latin,700 BCE - 500 CE
plate,plata,Spanish,1600 CE - present
cousin,cosyn,Middle English,1150 CE - 1500 CE
cousin,cosin,Old French,800 CE - 1400 CE
cousin,cōnsōbrīnus,Latin,700 BCE - 500 CE
ready,redy,Middle English,1150 CE - 1500 CE
ready,rǣde,Old English,450 CE - 1150 CE
ready,*garaidijaz,Proto-Germanic,500 BCE - 500 CE
ready,*rēydʰ-,Proto-Indo-European,4500 BCE - 2500 BCE
ready,*reydʰ-,Proto-Indo-European,4500 BCE - 2500 BCE
phone,telephone,English,1550 CE - present
phone,φωνή,Ancient Greek,1500 BCE - 300 BCE
sir,sir,Middle English,1150 CE - 1500 CE
sir,sire,Old French,800 CE - 1400 CE
sir,senior,Latin,700 BCE - 500 CE
عالم,עָלְמָא,Aramaic,not available
عالم,עוֹלָם,Hebrew,900 BCE - 500 CE
عالم,𒂖𒆷𒈬𒌋𒀀,Akkadian,not available
أخ,*ʾaḫ-,Proto-Semitic,not available
أخت,*ʔaḫwat-,Proto-Semitic,not available
स्तन,*pstánas,Proto-Indo-Iranian,2200 BCE - 1800 BCE
स्तन,*pstḗn,Proto-Indo-European,4500 BCE - 2500 BCE
तेजस्,*táyǰas,Proto-Indo-Iranian,2200 BCE - 1800 BCE
तेजस्,"*(s)teyg-
",Proto-Indo-European,4500 BCE - 2500 BCE
स्फटिक,*(s)pʰel-,Proto-Indo-European,4500 BCE - 2500 BCE
मल,*málas,Proto-Indo-Aryan,2000 BCE - 1500 BCE
मल,*málas,Proto-Indo-Iranian,2200 BCE - 1800 BCE
दास,*dásyuš-,Proto-Indo-Iranian,2200 BCE - 1800 BCE
दास,*des-,Proto-Indo-European,4500 BCE - 2500 BCE
राशि,*rāśíṣ,Proto-Indo-Aryan,2000 BCE - 1500 BCE
राशि,*rāćíš,Proto-Indo-Iranian,2200 BCE - 1800 BCE
post,post,Old English,450 CE - 1150 CE
post,postis,Latin,700 BCE - 500 CE
post,poste,Middle French,1340 CE - 1610 CE
post,posta,Italian,1400 CE - present
post,poste,French,1600 CE - present
post,post,Latin,700 BCE - 500 CE
post,post-production,English,1550 CE - present
post,post mortem,English,1550 CE - present
गणपति,गण,Sanskrit,1500 BCE - present (liturgical/classical)
गणपति,पति,Sanskrit,1500 BCE - present (liturgical/classical)
قبر,*qabr-,Proto-Semitic,not available
कर्पूर,*kapur,Proto-Malayic,not available
कर्पूर,*qapuʀ,Proto-Malayo-Polynesian,not available
कर्पूर,*qapuʀ,Proto-Austronesian,not available
द्रोह,*dʰráwgʰas,Proto-Indo-Iranian,2200 BCE - 1800 BCE
द्रोह,*dʰrówgʰos,Proto-Indo-European,4500 BCE - 2500 BCE
योनि,*yawni,Proto-Indo-Iranian,2200 BCE - 1800 BCE
जन,*ȷ́ánHas,Proto-Indo-Aryan,2000 BCE - 1500 BCE
जन,*ȷ́ánHas,Proto-Indo-Iranian,2200 BCE - 1800 BCE
जन,*ǵénh₁os,Proto-Indo-European,4500 BCE - 2500 BCE
bund,Bund,German,750 CE - present
bund,بند,Urdu,not available
bund,बंद,Hindi,not available
bund,بند,Persian,1000 CE - present
bund,बंध,Hindi,not available
मुक्त,*muktás,Proto-Indo-Iranian,2200 BCE - 1800 BCE
मध्य,*mádʰyas,Proto-Indo-Iranian,2200 BCE - 1800 BCE
मध्य,*médʰyos,Proto-Indo-European,4500 BCE - 2500 BCE
socialism,socialisme,French,1600 CE - present
तल,*tálas,Proto-Indo-Aryan,2000 BCE - 1500 BCE
तल,*tálas,Proto-Indo-Iranian,2200 BCE - 1800 BCE
तल,*telh₂-,Proto-Indo-European,4500 BCE - 2500 BCE
त्वच्,*twek-,Proto-Indo-European,4500 BCE - 2500 BCE
दश,*dáśa,Proto-Indo-Aryan,2000 BCE - 1500 BCE
दश,*dáća,Proto-Indo-Iranian,2200 BCE - 1800 BCE
दश,*déḱm̥,Proto-Indo-European,4500 BCE - 2500 BCE
स्नान,*(s)neh₂-,Proto-Indo-European,4500 BCE - 2500 BCE
billion,billion,French,1600 CE - present
million,milione,Italian,1400 CE - present
million,mille,Latin,700 BCE - 500 CE
trillion,trillion,French,1600 CE - present
gudang,கிடங்கு,Tamil,300 BCE - present
חלווה,حَلْوَى,Arabic,600 CE - present
court,court,Middle English,1150 CE - 1500 CE
court,cort,Old French,800 CE - 1400 CE
court,cōrtem,Latin,700 BCE - 500 CE
corte,cortar,Portuguese,1516 CE - present
corte,corte,Old Portuguese,870 CE - 1400 CE
corte,cōrtem,Latin,700 BCE - 500 CE
corte,cohors,Latin,700 BCE - 500 CE
स्पर्धा,*sperdʰ-,Proto-Indo-European,4500 BCE - 2500 BCE
मुख,*múkʰam,Proto-Indo-Aryan,2000 BCE - 1500 BCE
मुख,*múkʰam,Proto-Indo-Iranian,2200 BCE - 1800 BCE
ॐ,*ām,Proto-Dravidian,3000 BCE - 1500 BCE (disputed)
ॐ,*au,Proto-Indo-European,4500 BCE - 2500 BCE
कक्ष,*káćšas,Proto-Indo-Iranian,2200 BCE - 1800 BCE
कक्ष,*kagʰ-,Proto-Indo-European,4500 BCE - 2500 BCE
प्रतिमा,प्रति,Sanskrit,1500 BCE - present (liturgical/classical)
प्रतिमा,मा,Sanskrit,1500 BCE - present (liturgical/classical)
धर्म,*dʰármas,Proto-Indo-Aryan,2000 BCE - 1500 BCE
khaki,ख़ाकी,Urdu,not available
khaki,خاکی,Persian,1000 CE - present
sloth,slouthe,Middle English,1150 CE - 1500 CE
sloth,slǣwþ,Old English,450 CE - 1150 CE
sloth,*slaiwiþō,Proto-Germanic,500 BCE - 500 CE
meerkat,meerkat,Afrikaans,not available
meerkat,meerkat,Dutch,1500 CE - present
meerkat,meercatte,Middle Dutch,1150 CE - 1500 CE
-त्व,*-twam,Proto-Indo-Aryan,2000 BCE - 1500 BCE
-त्व,*-twam,Proto-Indo-Iranian,2200 BCE - 1800 BCE
-ता,*-tā,Proto-Indo-Iranian,2200 BCE - 1800 BCE
-ता,*-teh₂,Proto-Indo-European,4500 BCE - 2500 BCE
दिव्य,*diwyás,Proto-Indo-Aryan,2000 BCE - 1500 BCE
दिव्य,*diwyás,Proto-Indo-Iranian,2200 BCE - 1800 BCE
दिव्य,*diwyós,Proto-Indo-European,4500 BCE - 2500 BCE
तानपूरा,تنبور,Persian,1000 CE - present
तानपूरा,तान,Hindi,not available
तानपूरा,पूरा,Hindi,not available
تنبور,"tmbwl, tnbwl",Middle Persian,300 BCE - 651 CE
تنبور,πανδοῦρα,Ancient Greek,1500 BCE - 300 BCE
प्रतिरोध,प्रति-,Sanskrit,1500 BCE - present (liturgical/classical)
प्रतिरोध,रोध,Sanskrit,1500 BCE - present (liturgical/classical)
मध्याह्न,मध्य,Sanskrit,1500 BCE - present (liturgical/classical)
मध्याह्न,अहन्,Sanskrit,1500 BCE - present (liturgical/classical)
द्वेष,*dwáyšas,Proto-Indo-Iranian,2200 BCE - 1800 BCE
योग,*yáwgas,Proto-Indo-Aryan,2000 BCE - 1500 BCE
योग,*yáwgas,Proto-Indo-Iranian,2200 BCE - 1800 BCE
सरस्वती,*SáraswatiH,Proto-Indo-Aryan,2000 BCE - 1500 BCE
सरस्वती,*SáraswatiH,Proto-Indo-Iranian,2200 BCE - 1800 BCE
सरस्वती,*séles-wn̥t-ih₂,Proto-Indo-European,4500 BCE - 2500 BCE
बन्धन,*bʰendʰ-,Proto-Indo-European,4500 BCE - 2500 BCE
मूढ,*muẓḍʰás,Proto-Indo-Aryan,2000 BCE - 1500 BCE
मूढ,*muždʰás,Proto-Indo-Iranian,2200 BCE - 1800 BCE
प्राण,*h₂enh₁-,Proto-Indo-European,4500 BCE - 2500 BCE
ध्वनि,*dʰwaníṣ,Proto-Indo-Aryan,2000 BCE - 1500 BCE
ध्वनि,*dʰwaníš,Proto-Indo-Iranian,2200 BCE - 1800 BCE
ध्वनि,*dʰwen-,Proto-Indo-European,4500 BCE - 2500 BCE
रेतस्,*h₃reyH-,Proto-Indo-European,4500 BCE - 2500 BCE
त्याग,*tyāgás,Proto-Indo-Iranian,2200 BCE - 1800 BCE
त्याग,*tyegʷ-,Proto-Indo-European,4500 BCE - 2500 BCE
koffie,caffè,Italian,1400 CE - present
koffie,قهوه,Ottoman Turkish,not available
koffie,قَهْوَة,Arabic,600 CE - present
caffè,قهوه,Ottoman Turkish,not available
caffè,قَهْوَة,Arabic,600 CE - present
قهوه,قَهْوَة,Arabic,600 CE - present
classis,*klāssis,Proto-Italic,1000 BCE - 700 BCE (disputed)
classis,*kelh₁-,Proto-Indo-European,4500 BCE - 2500 BCE
orenge,orenge,Old French,800 CE - 1400 CE
orenge,auranja,Old Occitan,not available
orenge,نَارَنْج,Arabic,600 CE - present
auranja,نَارَنْج,Arabic,600 CE - present
نارنگ,नारङ्ग,Sanskrit,1500 BCE - present (liturgical/classical)
چین,𐨕𐨁𐨣,Gandhari,not available
چین,चीन,Sanskrit,1500 BCE - present (liturgical/classical)
चीन,秦,Old Chinese,not available
office,office,Old French,800 CE - 1400 CE
office,officium,Latin,700 BCE - 500 CE
office,officier,Old French,800 CE - 1400 CE
officium,*opifakjom,Proto-Italic,1000 BCE - 700 BCE (disputed)
mapamonde,mappa mundi,Medieval Latin,600 CE - 1400 CE
mapamonde,mappa,Latin,700 BCE - 500 CE
mappa,𐤌𐤀𐤐,Phoenician,not available
mappa,*manpay,Proto-Semitic,not available
madame,madame,Old French,800 CE - 1400 CE
toun,tūn,Old English,450 CE - 1150 CE
toun,*tūn,Proto-West Germanic,before 500 CE (unconfirmed)
toun,*tūną,Proto-Germanic,500 BCE - 500 CE
toun,dunon,Gaulish,not available
toun,*dūnom,Proto-Celtic,1000 BCE - 500 BCE (disputed)
toun,*dʰewh₂-,Proto-Indo-European,4500 BCE - 2500 BCE
ballon,balone,Italian,1400 CE - present
appel,æppel,Old English,450 CE - 1150 CE
appel,*applu,Proto-West Germanic,before 500 CE (unconfirmed)
appel,*aplaz,Proto-Germanic,500 BCE - 500 CE
appel,*h₂ébōl,Proto-Indo-European,4500 BCE - 2500 BCE
æppel,*applu,Proto-West Germanic,before 500 CE (unconfirmed)
æppel,*apluz,Proto-Germanic,500 BCE - 500 CE
platina,platine,French,1600 CE - present
plasticus,πλαστικός,Ancient Greek,1500 BCE - 300 BCE
Japan,Jepang,Malay,not available
Japan,日本,Chinese,not available
Jepang,日本,Min Nan,not available
Egypte,Egypte,Old French,800 CE - 1400 CE
Egypte,Aegyptus,Latin,700 BCE - 500 CE
Egypte,Αἴγυπτος,Ancient Greek,1500 BCE - 300 BCE
Aegyptus,Αἴγυπτος,Ancient Greek,1500 BCE - 300 BCE
Aegyptus,ḥwt-kꜣ-ptḥ,Egyptian,not available
Αἴγυπτος,ḥwt-kꜣ-ptḥ,Egyptian,not available
ḥwt-kꜣ-ptḥ,ḥwt,Egyptian,not available
ḥwt-kꜣ-ptḥ,kꜣ,Egyptian,not available
ḥwt-kꜣ-ptḥ,ptḥ,Egyptian,not available
Breteyn,Britannia,Latin,700 BCE - 500 CE
Britannia,Βρεττανία,Ancient Greek,1500 BCE - 300 BCE
Britannia,*Kʷritanī,Proto-Celtic,1000 BCE - 500 BCE (disputed)
Britannia,*kʷer-,Proto-Indo-European,4500 BCE - 2500 BCE
karette,carōta,Latin,700 BCE - 500 CE
carotte,carota,Latin,700 BCE - 500 CE
इति,*éy,Proto-Indo-European,4500 BCE - 2500 BCE
ह,*gʷʰen-,Proto-Indo-European,4500 BCE - 2500 BCE
ह,*ǵʰeh₁-,Proto-Indo-European,4500 BCE - 2500 BCE
आस,*HáHsas,Proto-Indo-Aryan,2000 BCE - 1500 BCE
आस,*HáHsas,Proto-Indo-Iranian,2200 BCE - 1800 BCE
आस,*h₂eHs-,Proto-Indo-European,4500 BCE - 2500 BCE
आस,*Hā́sa,Proto-Indo-Aryan,2000 BCE - 1500 BCE
आस,*Hā́sa,Proto-Indo-Iranian,2200 BCE - 1800 BCE
आस,*h₁ós-m̥,Proto-Indo-European,4500 BCE - 2500 BCE
maister,maistre,Old French,800 CE - 1400 CE
maister,mǣġester,Old English,450 CE - 1150 CE
maister,magister,Latin,700 BCE - 500 CE
magister,*magisteros,Proto-Italic,1000 BCE - 700 BCE (disputed)
magister,*-teros,Proto-Indo-European,4500 BCE - 2500 BCE
maistre,magister,Latin,700 BCE - 500 CE
शास्,*ḱeh₁s-,Proto-Indo-European,4500 BCE - 2500 BCE
ನಾಡು,ನಾಟ,Old Kannada,450 CE - 1200 CE
ನಾಡು,*nāṭu,Proto-Dravidian,3000 BCE - 1500 BCE (disputed)
test,testum,Latin,700 BCE - 500 CE
teste,testa,Latin,700 BCE - 500 CE
testis,*tristis,Proto-Italic,1000 BCE - 700 BCE (disputed)
testis,*tristh₂s,Proto-Indo-European,4500 BCE - 2500 BCE
ombudsman,ombud,Swedish,not available
ombudsman,man,Swedish,not available
ombudsman,umboðsmaðr,Old Norse,700 CE - 1350 CE
umboðsmaðr,umboð,Old Norse,700 CE - 1350 CE
umboðsmaðr,maðr,Old Norse,700 CE - 1350 CE
नि,*ní,Proto-Indo-Aryan,2000 BCE - 1500 BCE
नि,*ní,Proto-Indo-Iranian,2200 BCE - 1800 BCE
नि,*(h₁)ni,Proto-Indo-European,4500 BCE - 2500 BCE
नि,*h₁én,Proto-Indo-European,4500 BCE - 2500 BCE
ऊन,*HuHnás,Proto-Indo-Iranian,2200 BCE - 1800 BCE
tappe,tæppa,Old English,450 CE - 1150 CE
tappe,*tappō,Proto-West Germanic,before 500 CE (unconfirmed)
tappe,*tappô,Proto-Germanic,500 BCE - 500 CE
tappe,tappen,Middle English,1150 CE - 1500 CE
tæppa,*tappô,Proto-Germanic,500 BCE - 500 CE
tappen,tæppian,Old English,450 CE - 1150 CE
tappen,*tappōną,Proto-Germanic,500 BCE - 500 CE
tappen,tapper,Old French,800 CE - 1400 CE
bulbus,βολβός,Ancient Greek,1500 BCE - 300 BCE
sherte,sċyrte,Old English,450 CE - 1150 CE
ranc,*rankaz,Proto-Germanic,500 BCE - 500 CE
trophée,trophaeum,Latin,700 BCE - 500 CE
trophée,τρόπαιον,Ancient Greek,1500 BCE - 300 BCE
sac,sac,Old Dutch,600 CE - 1200 CE
sac,*sakkuz,Proto-Germanic,500 BCE - 500 CE
sac,saccus,Latin,700 BCE - 500 CE
saccus,σᾰ́κκος,Ancient Greek,1500 BCE - 300 BCE
sack,sak,Middle English,1150 CE - 1500 CE
sack,sacc,Old English,450 CE - 1150 CE
sack,*sakku,Proto-West Germanic,before 500 CE (unconfirmed)
sack,*sakkuz,Proto-Germanic,500 BCE - 500 CE
sack,saccus,Latin,700 BCE - 500 CE
sack,σάκκος,Ancient Greek,1500 BCE - 300 BCE
sack,sac,Middle French,1340 CE - 1610 CE
sack,sacco,Italian,1400 CE - present
sack,siccus,Latin,700 BCE - 500 CE
bere,bera,Old English,450 CE - 1150 CE
bere,*berō,Proto-West Germanic,before 500 CE (unconfirmed)
bere,*berô,Proto-Germanic,500 BCE - 500 CE
chymeney,cheminee,Old French,800 CE - 1400 CE
chymeney,camināta,Late Latin,200 CE - 600 CE
cheminee,camināta,Late Latin,200 CE - 600 CE
cheminee,camīnus,Latin,700 BCE - 500 CE
cheminee,κάμῑνος,Ancient Greek,1500 BCE - 300 BCE
juge,juge,Old French,800 CE - 1400 CE
juge,iudex,Latin,700 BCE - 500 CE
juge,iūdicem,Latin,700 BCE - 500 CE
jugen,jugier,Old French,800 CE - 1400 CE
𐨡𐨁𐨤𐨁,𐎮𐎡𐎱𐎡,Old Persian,600 BCE - 300 BCE
𐨡𐨁𐨤𐨁,𒁾,Elamite,not available
𐨡𐨁𐨤𐨁,ṭuppum,Akkadian,not available
𐨡𐨁𐨤𐨁,𒁾,Sumerian,not available
𒁾,𒁾,Sumerian,not available
Ἀμαζών,*mon-,Proto-Indo-European,4500 BCE - 2500 BCE
cake,kaka,Old Norse,700 CE - 1350 CE
cake,*kakǭ,Proto-Germanic,500 BCE - 500 CE
kaka,*kakǭ,Proto-Germanic,500 BCE - 500 CE
bible,bible,Old French,800 CE - 1400 CE
bible,biblia,Medieval Latin,600 CE - 1400 CE
bible,βιβλία,Ancient Greek,1500 BCE - 300 BCE
of,of,Old English,450 CE - 1150 CE
of,*ab,Proto-West Germanic,before 500 CE (unconfirmed)
of,*ab,Proto-Germanic,500 BCE - 500 CE
of,æf,Old English,450 CE - 1150 CE
of,oþ,Old English,450 CE - 1150 CE
of,þēah,Old English,450 CE - 1150 CE
pilota,πηδόν,Ancient Greek,1500 BCE - 300 BCE
πηδόν,*pēd-ó-,Proto-Indo-European,4500 BCE - 2500 BCE
κορώνη,*(s)ker-,Proto-Indo-European,4500 BCE - 2500 BCE
coronavirus,corona,English,1550 CE - present
coronavirus,virus,English,1550 CE - present
coronavirus,corōna,Latin,700 BCE - 500 CE
coronavirus,κορώνη,Ancient Greek,1500 BCE - 300 BCE
coronavirus,*(s)ker-,Proto-Indo-European,4500 BCE - 2500 BCE
corona,corōna,Latin,700 BCE - 500 CE
corona,κορώνη,Ancient Greek,1500 BCE - 300 BCE
sugre,çucre,Old French,800 CE - 1400 CE
sugre,zuccaro,Old Italian,not available
sugre,سُكَّر,Arabic,600 CE - present
sugre,شکر,Persian,1000 CE - present
sugre,škl,Middle Persian,300 BCE - 651 CE
sugre,शर्करा,Sanskrit,1500 BCE - present (liturgical/classical)
çucre,sucre,Old Catalan,not available
çucre,سُكَّر,Arabic,600 CE - present
çucre,شکر,Persian,1000 CE - present
çucre,शर्करा,Sanskrit,1500 BCE - present (liturgical/classical)
شکر,𐭱𐭪𐭥,Middle Persian,300 BCE - 651 CE
شکر,𐨭𐨐𐨪,Gandhari,not available
شکر,शर्करा,Sanskrit,1500 BCE - present (liturgical/classical)
शर्करा,*śárkaraH,Proto-Indo-Aryan,2000 BCE - 1500 BCE
शर्करा,*ćárkaraH,Proto-Indo-Iranian,2200 BCE - 1800 BCE
शर्करा,*ḱorkeh₂,Proto-Indo-European,4500 BCE - 2500 BCE
companye,compaignie,Old French,800 CE - 1400 CE
pagina,*peh₂ǵ-,Proto-Indo-European,4500 BCE - 2500 BCE
page,pāgina,Latin,700 BCE - 500 CE
paggio,page,Old French,800 CE - 1400 CE
paggio,pagius,Late Latin,200 CE - 600 CE
paggio,παιδίον,Ancient Greek,1500 BCE - 300 BCE
paggio,pagus,Latin,700 BCE - 500 CE
pagus,*pāgos,Proto-Italic,1000 BCE - 700 BCE (disputed)
pagus,*peh₂ǵ-,Proto-Indo-European,4500 BCE - 2500 BCE
ynke,enque,Old French,800 CE - 1400 CE
ynke,encaustum,Latin,700 BCE - 500 CE
ynke,ἔγκαυστον,Ancient Greek,1500 BCE - 300 BCE
encaustum,ἔγκαυστον,Ancient Greek,1500 BCE - 300 BCE
taxe,taxen,Middle English,1150 CE - 1500 CE
taxe,taxe,Middle French,1340 CE - 1610 CE
taxen,taxer,Old French,800 CE - 1400 CE
taxen,taxō,Latin,700 BCE - 500 CE
ไทย,deyya,Pali,500 BCE - 1 CE
secunde,second,Old French,800 CE - 1400 CE
secunde,secundus,Latin,700 BCE - 500 CE
secunde,seconde,Old French,800 CE - 1400 CE
secunde,secunda,Medieval Latin,600 CE - 1400 CE
second,secundus,Latin,700 BCE - 500 CE
secundus,*sekʷontinos,Proto-Italic,1000 BCE - 700 BCE (disputed)
mynute,minute,Old French,800 CE - 1400 CE
mynute,minūta,Medieval Latin,600 CE - 1400 CE
minute,minūta,Medieval Latin,600 CE - 1400 CE
is,īs,Old English,450 CE - 1150 CE
is,*īs,Proto-West Germanic,before 500 CE (unconfirmed)
is,is,Old English,450 CE - 1150 CE
is,*isti,Proto-Germanic,500 BCE - 500 CE
is,*h₁ésti,Proto-Indo-European,4500 BCE - 2500 BCE
Kommunismus,communisme,French,1600 CE - present
Kommunismus,commūnis,Latin,700 BCE - 500 CE
كيمياء,χημεία,Ancient Greek,1500 BCE - 300 BCE
cinéma,cinématographe,French,1600 CE - present
omnibus,omnibus,French,1600 CE - present
omnibus,omnibus,Latin,700 BCE - 500 CE
garde,guarde,Old French,800 CE - 1400 CE
guarde,*wardēn,Frankish,not available
general,general,Anglo-Norman,not available
general,general,Middle French,1340 CE - 1610 CE
general,generālis,Latin,700 BCE - 500 CE
gaiole,*caveola,Vulgar Latin,100 BCE - 600 CE
gaiole,cavea,Latin,700 BCE - 500 CE
thymbyll,þȳmel,Old English,450 CE - 1150 CE
thymbyll,*þūmilaz,Proto-Germanic,500 BCE - 500 CE
weorc,*werką,Proto-Germanic,500 BCE - 500 CE
weorc,*wérǵom,Proto-Indo-European,4500 BCE - 2500 BCE
werken,wyrċan,Old English,450 CE - 1150 CE
werken,*wurkijan,Proto-West Germanic,before 500 CE (unconfirmed)
werken,*wurkijaną,Proto-Germanic,500 BCE - 500 CE
red,rǣd,Old English,450 CE - 1150 CE
red,*rād,Proto-West Germanic,before 500 CE (unconfirmed)
red,*rēdaz,Proto-Germanic,500 BCE - 500 CE
red,hrēod,Old English,450 CE - 1150 CE
red,*hreud,Proto-West Germanic,before 500 CE (unconfirmed)
red,rēad,Old English,450 CE - 1150 CE
red,*raud,Proto-West Germanic,before 500 CE (unconfirmed)
red,*raudaz,Proto-Germanic,500 BCE - 500 CE
red,*h₁rowdʰós,Proto-Indo-European,4500 BCE - 2500 BCE
yelow,ġeolu,Old English,450 CE - 1150 CE
yelow,*gelwaz,Proto-Germanic,500 BCE - 500 CE
yelow,*ǵʰelh₃wós,Proto-Indo-European,4500 BCE - 2500 BCE
violet,violette,Old French,800 CE - 1400 CE
violet,viola,Latin,700 BCE - 500 CE
pingelen,pingel,West Frisian,not available
baas,baes,Middle Dutch,1150 CE - 1500 CE
baas,*baso,Old Dutch,600 CE - 1200 CE
baas,*baswô,Proto-Germanic,500 BCE - 500 CE
ボス,boss,English,1550 CE - present
boce,*bottia,Vulgar Latin,100 BCE - 600 CE
boce,*bottja,Frankish,not available
boce,*bautan,Proto-West Germanic,before 500 CE (unconfirmed)
drynken,drincan,Old English,450 CE - 1150 CE
drynken,*drinkan,Proto-West Germanic,before 500 CE (unconfirmed)
drincan,*drinkan,Proto-West Germanic,before 500 CE (unconfirmed)
water,wæter,Old English,450 CE - 1150 CE
water,*watar,Proto-West Germanic,before 500 CE (unconfirmed)
water,*watōr,Proto-Germanic,500 BCE - 500 CE
wæter,*watar,Proto-West Germanic,before 500 CE (unconfirmed)
wæter,*watōr,Proto-Germanic,500 BCE - 500 CE
wæter,*wédōr,Proto-Indo-European,4500 BCE - 2500 BCE
wæterian,*watrōn,Proto-West Germanic,before 500 CE (unconfirmed)
wæterian,*watar,Proto-West Germanic,before 500 CE (unconfirmed)
help,*helpu,Proto-West Germanic,before 500 CE (unconfirmed)
help,*helpō,Proto-Germanic,500 BCE - 500 CE
helpen,helpan,Old English,450 CE - 1150 CE
helpen,*helpan,Proto-West Germanic,before 500 CE (unconfirmed)
helpen,*helpaną,Proto-Germanic,500 BCE - 500 CE
helpan,*helpaną,Proto-Germanic,500 BCE - 500 CE
rinnan,*rinnan,Proto-West Germanic,before 500 CE (unconfirmed)
rinna,*rinnaną,Proto-Germanic,500 BCE - 500 CE
plate,plata,Medieval Latin,600 CE - 1400 CE
plate,*platta,Vulgar Latin,100 BCE - 600 CE
πλατύς,*plətús,Proto-Hellenic,2200 BCE - 1800 BCE
πλατύς,*pléth₂us,Proto-Indo-European,4500 BCE - 2500 BCE
plata,*platta,Vulgar Latin,100 BCE - 600 CE
plata,πλατύς,Ancient Greek,1500 BCE - 300 BCE
cosyn,cosin,Old French,800 CE - 1400 CE
cosyn,cōnsōbrīnus,Latin,700 BCE - 500 CE
cosin,cōnsōbrīnus,Latin,700 BCE - 500 CE
telephone,téléphone,French,1600 CE - present
telephone,τῆλε,Ancient Greek,1500 BCE - 300 BCE
post,postis,Latin,700 BCE - 500 CE
posta,posita,Latin,700 BCE - 500 CE
poste,posta,Italian,1400 CE - present
poste,posto,Italian,1400 CE - present
post,*posti,Proto-Italic,1000 BCE - 700 BCE (disputed)
post,*pósti,Proto-Indo-European,4500 BCE - 2500 BCE
post mortem,post,Latin,700 BCE - 500 CE
गण,*h₂ger-,Proto-Indo-European,4500 BCE - 2500 BCE
पति,*pátiš,Proto-Indo-Iranian,2200 BCE - 1800 BCE
पति,*pótis,Proto-Indo-European,4500 BCE - 2500 BCE
بند,*bʰendʰ-,Proto-Indo-European,4500 BCE - 2500 BCE
mille,*smīɣeslī,Proto-Italic,1000 BCE - 700 BCE (disputed)
mille,*ǵʰéslom,Proto-Indo-European,4500 BCE - 2500 BCE
court,cōrs,Latin,700 BCE - 500 CE
cort,cors,Latin,700 BCE - 500 CE
cort,cohors,Latin,700 BCE - 500 CE
cortar,cortar,Old Portuguese,870 CE - 1400 CE
cortar,curtāre,Latin,700 BCE - 500 CE
प्रति,*per-,Proto-Indo-European,4500 BCE - 2500 BCE
मा,*maH,Proto-Indo-Aryan,2000 BCE - 1500 BCE
मा,*maH,Proto-Indo-Iranian,2200 BCE - 1800 BCE
मा,*meh₁,Proto-Indo-European,4500 BCE - 2500 BCE
मा,*máHm,Proto-Indo-Aryan,2000 BCE - 1500 BCE
मा,*máHm,Proto-Indo-Iranian,2200 BCE - 1800 BCE
मा,*meh₁-,Proto-Indo-European,4500 BCE - 2500 BCE
meerkat,meerkat,Dutch,1500 CE - present
meerkat,meercatte,Middle Dutch,1150 CE - 1500 CE
meerkat,meercatte,Middle Dutch,1150 CE - 1500 CE
meerkat,*merikatta,Old Dutch,600 CE - 1200 CE
meerkat,meer,Dutch,1500 CE - present
meerkat,kat,Dutch,1500 CE - present
तान,तान,Sanskrit,1500 BCE - present (liturgical/classical)
पूरा,*pl̥h₁nós,Proto-Indo-European,4500 BCE - 2500 BCE
रोध,*(H)rawdʰ-,Proto-Indo-Iranian,2200 BCE - 1800 BCE
officier,officiārius,Latin,700 BCE - 500 CE
dunon,*dūnom,Proto-Celtic,1000 BCE - 500 BCE (disputed)
dunon,*dʰuHnom,Proto-Indo-European,4500 BCE - 2500 BCE
platine,platina,Spanish,1600 CE - present
Egypte,Aegyptus,Latin,700 BCE - 500 CE
Egypte,Αἴγυπτος,Ancient Greek,1500 BCE - 300 BCE
carota,κᾰρῶτον,Ancient Greek,1500 BCE - 300 BCE
ನಾಟ,*nāṭu,Proto-Dravidian,3000 BCE - 1500 BCE (disputed)
testa,*tₔtḱ-t-,Proto-Indo-European,4500 BCE - 2500 BCE
ombud,umbuþ,Old Swedish,not available
ombud,umboð,Old Norse,700 CE - 1350 CE
ombud,om,Swedish,not available
ombud,bud,Swedish,not available
man,maþer,Old Swedish,not available
man,maðr,Old Norse,700 CE - 1350 CE
man,*mann-,Proto-Germanic,500 BCE - 500 CE
man,man,Old Swedish,not available
man,mǫn,Old Norse,700 CE - 1350 CE
man,*manō,Proto-Germanic,500 BCE - 500 CE
umboð,um,Old Norse,700 CE - 1350 CE
umboð,boð,Old Norse,700 CE - 1350 CE
maðr,*mann-,Proto-Germanic,500 BCE - 500 CE
sak,sacc,Old English,450 CE - 1150 CE
sak,*sakku,Proto-West Germanic,before 500 CE (unconfirmed)
sak,*sakkuz,Proto-Germanic,500 BCE - 500 CE
sak,saccus,Latin,700 BCE - 500 CE
sak,σάκκος,Ancient Greek,1500 BCE - 300 BCE
sacco,saccus,Latin,700 BCE - 500 CE
sacco,σάκκος,Ancient Greek,1500 BCE - 300 BCE
siccus,*seyk-,Proto-Indo-European,4500 BCE - 2500 BCE
bera,*berô,Proto-Germanic,500 BCE - 500 CE
iudex,*jowozdiks,Proto-Italic,1000 BCE - 700 BCE (disputed)
ṭuppum,𒁾,Sumerian,not available
æf,*ab,Proto-Germanic,500 BCE - 500 CE
virus,virus,Middle English,1150 CE - 1500 CE
virus,vīrus,Latin,700 BCE - 500 CE
virus,*weizos,Proto-Italic,1000 BCE - 700 BCE (disputed)
virus,*wisós,Proto-Indo-European,4500 BCE - 2500 BCE
škl,𐨭𐨐𐨪,Gandhari,not available
škl,शर्करा,Sanskrit,1500 BCE - present (liturgical/classical)
taxer,taxāre,Latin,700 BCE - 500 CE
is,*īsą,Proto-Germanic,500 BCE - 500 CE
is,*h₁eyH-,Proto-Indo-European,4500 BCE - 2500 BCE
cinématographe,κίνημα,Ancient Greek,1500 BCE - 300 BCE
τῆλε,*kʷel-,Proto-Indo-European,4500 BCE - 2500 BCE
posto,postus,Latin,700 BCE - 500 CE
meer,mēre,Middle Dutch,1150 CE - 1500 CE
meer,meri,Old Dutch,600 CE - 1200 CE
meer,*mari,Proto-West Germanic,before 500 CE (unconfirmed)
meer,*mari,Proto-Germanic,500 BCE - 500 CE
meer,*móri,Proto-Indo-European,4500 BCE - 2500 BCE
meer,mêre,Middle Dutch,1150 CE - 1500 CE
meer,*mēro,Old Dutch,600 CE - 1200 CE
meer,*maizô,Proto-Germanic,500 BCE - 500 CE
meer,mêer,Middle Dutch,1150 CE - 1500 CE
meer,mēr,Old Dutch,600 CE - 1200 CE
kat,catte,Middle Dutch,1150 CE - 1500 CE
kat,*katta,Old Dutch,600 CE - 1200 CE
kat,*kattā,Proto-West Germanic,before 500 CE (unconfirmed)
kat,catta,Latin,700 BCE - 500 CE
तान,*tā́nas,Proto-Indo-Aryan,2000 BCE - 1500 BCE
तान,*tā́nas,Proto-Indo-Iranian,2200 BCE - 1800 BCE
तान,*tónos,Proto-Indo-European,4500 BCE - 2500 BCE
om,um,Old Norse,700 CE - 1350 CE
om,*umbi,Proto-Germanic,500 BCE - 500 CE
om,*h₂m̥bʰi,Proto-Indo-European,4500 BCE - 2500 BCE
om,*jabai,Proto-Germanic,500 BCE - 500 CE
bud,buþ,Old Swedish,not available
bud,buð,Old East Norse,not available
bud,*budą,Proto-Germanic,500 BCE - 500 CE
maþer,maðr,Old Norse,700 CE - 1350 CE
maþer,*mann-,Proto-Germanic,500 BCE - 500 CE
mǫn,*manō,Proto-Germanic,500 BCE - 500 CE
um,*umbi,Proto-Germanic,500 BCE - 500 CE
boð,*budą,Proto-Germanic,500 BCE - 500 CE
catte,*katta,Old Dutch,600 CE - 1200 CE
catte,*kattā,Proto-West Germanic,before 500 CE (unconfirmed)
catte,*kattǭ,Proto-Germanic,500 BCE - 500 CE
