Term,Stamm,Sprache,Zeitraum
विश्व,*wíśwas,Proto-Indo-Aryan,2000 BCE - 1500 BCE
विश्व,*wíćwas,Proto-Indo-Iranian,2200 BCE - 1800 BCE
विश्व,*(h₁)wiḱ-wo-s,Proto-Indo-European,4500 BCE - 2500 BCE
आ,*HáH,Proto-Indo-Iranian,2200 BCE - 1800 BCE
आ,*h₂éd,Proto-Indo-European,4500 BCE - 2500 BCE
इ,*Hay-,Proto-Indo-Aryan,2000 BCE - 1500 BCE
इ,*Hay-,Proto-Indo-Iranian,2200 BCE - 1800 BCE
इ,*h₁ey-,Proto-Indo-European,4500 BCE - 2500 BCE
ऋ,*h₃er-,Proto-Indo-European,4500 BCE - 2500 BCE
घ,*gʰe,Proto-Indo-European,4500 BCE - 2500 BCE
क,*kás,Proto-Indo-Aryan,2000 BCE - 1500 BCE
क,*kás,Proto-Indo-Iranian,2200 BCE - 1800 BCE
क,*kʷós,Proto-Indo-European,4500 BCE - 2500 BCE
ग,*gás,Proto-Indo-Iranian,2200 BCE - 1800 BCE
ज,*ȷ́ás,Proto-Indo-Aryan,2000 BCE - 1500 BCE
ज,*ȷ́ás,Proto-Indo-Iranian,2200 BCE - 1800 BCE
ज,*ǵenh₁-,Proto-Indo-European,4500 BCE - 2500 BCE
च,*-ća,Proto-Indo-Aryan,2000 BCE - 1500 BCE
च,*-ča,Proto-Indo-Iranian,2200 BCE - 1800 BCE
च,*-kʷe,Proto-Indo-European,4500 BCE - 2500 BCE
न,*ná,Proto-Indo-Aryan,2000 BCE - 1500 BCE
न,*ná,Proto-Indo-Iranian,2200 BCE - 1800 BCE
न,*ne,Proto-Indo-European,4500 BCE - 2500 BCE
साम्य,*somHós,Proto-Indo-European,4500 BCE - 2500 BCE
बुद्ध,*buddʰás,Proto-Indo-Aryan,2000 BCE - 1500 BCE
बुद्ध,*bʰudᶻdʰás,Proto-Indo-Iranian,2200 BCE - 1800 BCE
बुद्ध,*bʰudʰtós,Proto-Indo-European,4500 BCE - 2500 BCE
वृक्ष,*wr̥ćšás,Proto-Indo-Iranian,2200 BCE - 1800 BCE
तृण,*tŕ̥nam,Proto-Indo-Aryan,2000 BCE - 1500 BCE
तृण,*tŕ̥nam,Proto-Indo-Iranian,2200 BCE - 1800 BCE
तृण,*tr̥nós,Proto-Indo-European,4500 BCE - 2500 BCE
स्निह्,*sneygʷʰ-,Proto-Indo-European,4500 BCE - 2500 BCE
वच्,*wekʷ-,Proto-Indo-European,4500 BCE - 2500 BCE
आसन,*Hā́stay,Proto-Indo-Aryan,2000 BCE - 1500 BCE
आसन,*Hā́stay,Proto-Indo-Iranian,2200 BCE - 1800 BCE
आसन,*h₁ḗsti,Proto-Indo-European,4500 BCE - 2500 BCE
अहम्,*aźʰám,Proto-Indo-Aryan,2000 BCE - 1500 BCE
अहम्,*aȷ́ʰám,Proto-Indo-Iranian,2200 BCE - 1800 BCE
अहम्,*éǵh₂,Proto-Indo-European,4500 BCE - 2500 BCE
समुद्र,*wódr̥,Proto-Indo-European,4500 BCE - 2500 BCE
ॐ,*ām,Proto-Dravidian,3000 BCE - 1500 BCE (disputed)
ॐ,*au,Proto-Indo-European,4500 BCE - 2500 BCE
वन,*wán-,Proto-Indo-Iranian,2200 BCE - 1800 BCE
तुष्,*tus-,Proto-Indo-European,4500 BCE - 2500 BCE
यदि,*Hyádi,Proto-Indo-Iranian,2200 BCE - 1800 BCE
गृह,*gʰr̥dʰás,Proto-Indo-Iranian,2200 BCE - 1800 BCE
मेघ,*Hmaygʰás,Proto-Indo-Iranian,2200 BCE - 1800 BCE
सह,*sm̥-gʰé,Proto-Indo-European,4500 BCE - 2500 BCE
शब्दकोश,शब्द,Sanskrit,1500 BCE - present (liturgical/classical)
शब्दकोश,कोश,Sanskrit,1500 BCE - present (liturgical/classical)
सूनु,*suHnúṣ,Proto-Indo-Aryan,2000 BCE - 1500 BCE
सूनु,*suHnúš,Proto-Indo-Iranian,2200 BCE - 1800 BCE
सूनु,*suHnús,Proto-Indo-European,4500 BCE - 2500 BCE
सूनु,*sewH-,Proto-Indo-European,4500 BCE - 2500 BCE
फल,*paẓam,Proto-Dravidian,3000 BCE - 1500 BCE (disputed)
फल,*bʰel-,Proto-Indo-European,4500 BCE - 2500 BCE
एक,*Háykas,Proto-Indo-Aryan,2000 BCE - 1500 BCE
एक,*Háykas,Proto-Indo-Iranian,2200 BCE - 1800 BCE
एक,*óynos,Proto-Indo-European,4500 BCE - 2500 BCE
पर,*per-,Proto-Indo-European,4500 BCE - 2500 BCE
कृष्ण,*kr̥šnás,Proto-Indo-Iranian,2200 BCE - 1800 BCE
कृष्ण,*kr̥snós,Proto-Indo-European,4500 BCE - 2500 BCE
श्वेत,*ćwaytás,Proto-Indo-Iranian,2200 BCE - 1800 BCE
मातृ,*máHtā,Proto-Indo-Iranian,2200 BCE - 1800 BCE
मातृ,*méh₂tēr,Proto-Indo-European,4500 BCE - 2500 BCE
अग्नि,*Hagníṣ,Proto-Indo-Aryan,2000 BCE - 1500 BCE
अग्नि,*Hagnís,Proto-Indo-Iranian,2200 BCE - 1800 BCE
अग्नि,*h₁n̥gʷnís,Proto-Indo-European,4500 BCE - 2500 BCE
कपोत,*kapáwtas,Proto-Indo-Iranian,2200 BCE - 1800 BCE
रयि,*raHíṣ,Proto-Indo-Aryan,2000 BCE - 1500 BCE
रयि,*raHíš,Proto-Indo-Iranian,2200 BCE - 1800 BCE
रयि,*reh₁ís,Proto-Indo-European,4500 BCE - 2500 BCE
दर्पण,*derp-,Proto-Indo-European,4500 BCE - 2500 BCE
घृणा,*gʰr̥náH,Proto-Indo-Aryan,2000 BCE - 1500 BCE
घृणा,*gʰr̥náH,Proto-Indo-Iranian,2200 BCE - 1800 BCE
भाषा,*bʰáHṣaH,Proto-Indo-Aryan,2000 BCE - 1500 BCE
भाषा,*bʰáHšaH,Proto-Indo-Iranian,2200 BCE - 1800 BCE
भाषा,*bʰeh₂-,Proto-Indo-European,4500 BCE - 2500 BCE
गणपति,गण,Sanskrit,1500 BCE - present (liturgical/classical)
गणपति,पति,Sanskrit,1500 BCE - present (liturgical/classical)
बीज,*bíHȷ́am,Proto-Indo-Iranian,2200 BCE - 1800 BCE
अस्मद्,*n̥smé,Proto-Indo-European,4500 BCE - 2500 BCE
युष्मद्,*yū́,Proto-Indo-European,4500 BCE - 2500 BCE
नृप,नृ,Sanskrit,1500 BCE - present (liturgical/classical)
नृप,प,Sanskrit,1500 BCE - present (liturgical/classical)
जन,*ȷ́ánHas,Proto-Indo-Aryan,2000 BCE - 1500 BCE
जन,*ȷ́ánHas,Proto-Indo-Iranian,2200 BCE - 1800 BCE
जन,*ǵénh₁os,Proto-Indo-European,4500 BCE - 2500 BCE
सर्व,*sárwas,Proto-Indo-Aryan,2000 BCE - 1500 BCE
सर्व,*sárwas,Proto-Indo-Iranian,2200 BCE - 1800 BCE
सर्व,*sólh₂wos,Proto-Indo-European,4500 BCE - 2500 BCE
दिव्,*dyew-,Proto-Indo-European,4500 BCE - 2500 BCE
देश,*dayśás,Proto-Indo-Aryan,2000 BCE - 1500 BCE
देश,*dayćás,Proto-Indo-Iranian,2200 BCE - 1800 BCE
देश,*deyḱ-,Proto-Indo-European,4500 BCE - 2500 BCE
इच्छति,*Hiśćáti,Proto-Indo-Aryan,2000 BCE - 1500 BCE
इच्छति,*Hišćáti,Proto-Indo-Iranian,2200 BCE - 1800 BCE
क्षालयति,*kʷsel-,Proto-Indo-European,4500 BCE - 2500 BCE
खादति,*kʰā́dati,Proto-Indo-Iranian,2200 BCE - 1800 BCE
तद्,*tád,Proto-Indo-Aryan,2000 BCE - 1500 BCE
तद्,*tád,Proto-Indo-Iranian,2200 BCE - 1800 BCE
तद्,*tód,Proto-Indo-European,4500 BCE - 2500 BCE
मत्स्य,*mátsyas,Proto-Indo-Iranian,2200 BCE - 1800 BCE
अश्व,*Háśwas,Proto-Indo-Aryan,2000 BCE - 1500 BCE
अश्व,*Háćwas,Proto-Indo-Iranian,2200 BCE - 1800 BCE
अश्व,*h₁éḱwos,Proto-Indo-European,4500 BCE - 2500 BCE
नेपाल,ने,Sanskrit,1500 BCE - present (liturgical/classical)
नेपाल,पाल,Sanskrit,1500 BCE - present (liturgical/classical)
आराम,आ-,Sanskrit,1500 BCE - present (liturgical/classical)
आराम,रम्,Sanskrit,1500 BCE - present (liturgical/classical)
आराम,*Hram-,Proto-Indo-Iranian,2200 BCE - 1800 BCE
आराम,*h₁rem-,Proto-Indo-European,4500 BCE - 2500 BCE
प्राण,*h₂enh₁-,Proto-Indo-European,4500 BCE - 2500 BCE
कश्चित्,*kʷos,Proto-Indo-European,4500 BCE - 2500 BCE
नित्य,*nítyos,Proto-Indo-European,4500 BCE - 2500 BCE
आढ्य,*h₃erdʰ-,Proto-Indo-European,4500 BCE - 2500 BCE
पावक,*pawHākás,Proto-Indo-Iranian,2200 BCE - 1800 BCE
पावक,*pewH-,Proto-Indo-European,4500 BCE - 2500 BCE
अमृत,*amŕ̥tas,Proto-Indo-Iranian,2200 BCE - 1800 BCE
अमृत,*n̥mr̥tós,Proto-Indo-European,4500 BCE - 2500 BCE
प्रिय,*priHás,Proto-Indo-Iranian,2200 BCE - 1800 BCE
प्रिय,*priHós,Proto-Indo-European,4500 BCE - 2500 BCE
देह,*dʰáyȷ́ʰas,Proto-Indo-Iranian,2200 BCE - 1800 BCE
द्वेष,*dwáyšas,Proto-Indo-Iranian,2200 BCE - 1800 BCE
द्वार,*dwā́ram,Proto-Indo-Aryan,2000 BCE - 1500 BCE
द्वार,*dʰwā́ram,Proto-Indo-Iranian,2200 BCE - 1800 BCE
द्वार,*dʰworom,Proto-Indo-European,4500 BCE - 2500 BCE
सूर्य,*súHar,Proto-Indo-Iranian,2200 BCE - 1800 BCE
सूर्य,*sóh₂wl̥,Proto-Indo-European,4500 BCE - 2500 BCE
बुद्धि,*bʰúddʰiṣ,Proto-Indo-Aryan,2000 BCE - 1500 BCE
बुद्धि,*bʰúdᶻdʰiš,Proto-Indo-Iranian,2200 BCE - 1800 BCE
धृत,*dʰr̥tás,Proto-Indo-Aryan,2000 BCE - 1500 BCE
धृत,*dʰr̥tás,Proto-Indo-Iranian,2200 BCE - 1800 BCE
दोष,*dáwṣas,Proto-Indo-Aryan,2000 BCE - 1500 BCE
दोष,*dáwšas,Proto-Indo-Iranian,2200 BCE - 1800 BCE
दोष,*dew-,Proto-Indo-European,4500 BCE - 2500 BCE
कार्य,*kā́ryas,Proto-Indo-Iranian,2200 BCE - 1800 BCE
अभ्र,*abʰrás,Proto-Indo-Iranian,2200 BCE - 1800 BCE
अभ्र,*n̥bʰrós,Proto-Indo-European,4500 BCE - 2500 BCE
क्षेत्र,*ṭṣáytram,Proto-Indo-Aryan,2000 BCE - 1500 BCE
क्षेत्र,*ćšáytram,Proto-Indo-Iranian,2200 BCE - 1800 BCE
क्षेत्र,*tḱey-,Proto-Indo-European,4500 BCE - 2500 BCE
यम,*yámHas,Proto-Indo-Aryan,2000 BCE - 1500 BCE
यम,*yámHas,Proto-Indo-Iranian,2200 BCE - 1800 BCE
यम,*yémHos,Proto-Indo-European,4500 BCE - 2500 BCE
यम,*Yámas,Proto-Indo-Aryan,2000 BCE - 1500 BCE
यम,*Yámas,Proto-Indo-Iranian,2200 BCE - 1800 BCE
मान,*meh₁-,Proto-Indo-European,4500 BCE - 2500 BCE
स्नेह,*snáyźʰas,Proto-Indo-Aryan,2000 BCE - 1500 BCE
स्नेह,*snáyǰʰas,Proto-Indo-Iranian,2200 BCE - 1800 BCE
स्नेह,*snóygʷʰos,Proto-Indo-European,4500 BCE - 2500 BCE
ध्यान,*dʰayHanā-,Proto-Indo-Iranian,2200 BCE - 1800 BCE
देव,*daywás,Proto-Indo-Aryan,2000 BCE - 1500 BCE
देव,*daywás,Proto-Indo-Iranian,2200 BCE - 1800 BCE
देव,*deywós,Proto-Indo-European,4500 BCE - 2500 BCE
अपि,*Hápi,Proto-Indo-Aryan,2000 BCE - 1500 BCE
अपि,*Hápi,Proto-Indo-Iranian,2200 BCE - 1800 BCE
अपि,*h₁epi,Proto-Indo-European,4500 BCE - 2500 BCE
नमस्ते,*némos,Proto-Indo-European,4500 BCE - 2500 BCE
दूत,*duHtás,Proto-Indo-Iranian,2200 BCE - 1800 BCE
दूत,*dweh₂-,Proto-Indo-European,4500 BCE - 2500 BCE
ह,*gʷʰen-,Proto-Indo-European,4500 BCE - 2500 BCE
ह,*ǵʰeh₁-,Proto-Indo-European,4500 BCE - 2500 BCE
स,*sá,Proto-Indo-Aryan,2000 BCE - 1500 BCE
स,*sá,Proto-Indo-Iranian,2200 BCE - 1800 BCE
स,*só,Proto-Indo-European,4500 BCE - 2500 BCE
स,*sm̥-,Proto-Indo-European,4500 BCE - 2500 BCE
भूगोल,भू,Sanskrit,1500 BCE - present (liturgical/classical)
भूगोल,गोल,Sanskrit,1500 BCE - present (liturgical/classical)
आम,*HaHmás,Proto-Indo-Aryan,2000 BCE - 1500 BCE
आम,*HaHmás,Proto-Indo-Iranian,2200 BCE - 1800 BCE
आम,*h₂eh₃mós,Proto-Indo-European,4500 BCE - 2500 BCE
मूत्र,*múHtrom,Proto-Indo-European,4500 BCE - 2500 BCE
डकार,ड,Sanskrit,1500 BCE - present (liturgical/classical)
डकार,कार,Sanskrit,1500 BCE - present (liturgical/classical)
स्त्री,*stríH,Proto-Indo-Iranian,2200 BCE - 1800 BCE
पुरुष,*pŕ̥Hṣas,Proto-Indo-Aryan,2000 BCE - 1500 BCE
पुरुष,*perh₃-,Proto-Indo-European,4500 BCE - 2500 BCE
पशु,*páću,Proto-Indo-Iranian,2200 BCE - 1800 BCE
पशु,*péḱu,Proto-Indo-European,4500 BCE - 2500 BCE
इच्छा,*h₂eys-,Proto-Indo-European,4500 BCE - 2500 BCE
रोटी,रोटी,Hindi,not available
सत्य,*Hsatyás,Proto-Indo-Iranian,2200 BCE - 1800 BCE
पत्नी,*pátniH,Proto-Indo-Iranian,2200 BCE - 1800 BCE
पत्नी,*pótnih₂,Proto-Indo-European,4500 BCE - 2500 BCE
मनुष्य,*manuṣyás,Proto-Indo-Aryan,2000 BCE - 1500 BCE
मनुष्य,*manušyás,Proto-Indo-Iranian,2200 BCE - 1800 BCE
मनुष्य,*mon-,Proto-Indo-European,4500 BCE - 2500 BCE
यूरोप,Europe,English,1550 CE - present
नदी,*nadíH,Proto-Indo-Iranian,2200 BCE - 1800 BCE
पति,*pátiš,Proto-Indo-Iranian,2200 BCE - 1800 BCE
पति,*pótis,Proto-Indo-European,4500 BCE - 2500 BCE
पर्वत,*párwatas,Proto-Indo-Iranian,2200 BCE - 1800 BCE
इतिहास,इति,Sanskrit,1500 BCE - present (liturgical/classical)
इतिहास,ह,Sanskrit,1500 BCE - present (liturgical/classical)
इतिहास,आस,Sanskrit,1500 BCE - present (liturgical/classical)
नौ,*náHuṣ,Proto-Indo-Aryan,2000 BCE - 1500 BCE
नौ,*náHuš,Proto-Indo-Iranian,2200 BCE - 1800 BCE
नौ,*néh₂us,Proto-Indo-European,4500 BCE - 2500 BCE
युग,*yugám,Proto-Indo-Iranian,2200 BCE - 1800 BCE
युग,*yugóm,Proto-Indo-European,4500 BCE - 2500 BCE
दण्ड,*taṇṭa,Proto-Dravidian,3000 BCE - 1500 BCE (disputed)
धर्म,*dʰármas,Proto-Indo-Aryan,2000 BCE - 1500 BCE
कवि,*káwHiš,Proto-Indo-Iranian,2200 BCE - 1800 BCE
युद्ध,*Hyawdʰ-,Proto-Indo-Iranian,2200 BCE - 1800 BCE
युद्ध,*Hyewdʰ-,Proto-Indo-European,4500 BCE - 2500 BCE
बल,*bálas,Proto-Indo-Aryan,2000 BCE - 1500 BCE
बल,*bálas,Proto-Indo-Iranian,2200 BCE - 1800 BCE
बल,*bel-,Proto-Indo-European,4500 BCE - 2500 BCE
गति,*gátiš,Proto-Indo-Iranian,2200 BCE - 1800 BCE
गति,*gʷémtis,Proto-Indo-European,4500 BCE - 2500 BCE
पृथ्वी,*pr̥tHwíH,Proto-Indo-Iranian,2200 BCE - 1800 BCE
पृथ्वी,*pl̥th₂éwih₂,Proto-Indo-European,4500 BCE - 2500 BCE
सर्प,*sarpás,Proto-Indo-Aryan,2000 BCE - 1500 BCE
सर्प,*sarpás,Proto-Indo-Iranian,2200 BCE - 1800 BCE
सर्प,*serp-,Proto-Indo-European,4500 BCE - 2500 BCE
गुरु,*gr̥Húṣ,Proto-Indo-Aryan,2000 BCE - 1500 BCE
गुरु,*gr̥Húš,Proto-Indo-Iranian,2200 BCE - 1800 BCE
गुरु,*gʷréh₂us,Proto-Indo-European,4500 BCE - 2500 BCE
शुक्र,*śukrás,Proto-Indo-Aryan,2000 BCE - 1500 BCE
शुक्र,*ćukrás,Proto-Indo-Iranian,2200 BCE - 1800 BCE
शुक्र,*ḱuk-ró-s,Proto-Indo-European,4500 BCE - 2500 BCE
पाल,*peh₂-,Proto-Indo-European,4500 BCE - 2500 BCE
चक्र,*ćakrám,Proto-Indo-Aryan,2000 BCE - 1500 BCE
चक्र,*čakrám,Proto-Indo-Iranian,2200 BCE - 1800 BCE
चक्र,*kʷékʷlos,Proto-Indo-European,4500 BCE - 2500 BCE
हिम,*źʰimás,Proto-Indo-Aryan,2000 BCE - 1500 BCE
हिम,*ȷ́ʰimás,Proto-Indo-Iranian,2200 BCE - 1800 BCE
हिम,*ǵʰéyōm,Proto-Indo-European,4500 BCE - 2500 BCE
बाढ,*baẓḍʰás,Proto-Indo-Aryan,2000 BCE - 1500 BCE
बाढ,*bʰaždʰás,Proto-Indo-Iranian,2200 BCE - 1800 BCE
अणु,*Harnuṣ,Proto-Indo-Aryan,2000 BCE - 1500 BCE
सिंह,*sinźʰás,Proto-Indo-Aryan,2000 BCE - 1500 BCE
सिंह,*sinȷ́ʰás,Proto-Indo-Iranian,2200 BCE - 1800 BCE
सिंह,*sinǵʰo-,Proto-Indo-European,4500 BCE - 2500 BCE
दूरभाष,telephone,English,1550 CE - present
दूरदर्शन,दूर,Sanskrit,1500 BCE - present (liturgical/classical)
दूरदर्शन,दर्शन,Sanskrit,1500 BCE - present (liturgical/classical)
गण,*h₂ger-,Proto-Indo-European,4500 BCE - 2500 BCE
शिश्न,*ćnatʰ-,Proto-Indo-Iranian,2200 BCE - 1800 BCE
योनि,*yawni,Proto-Indo-Iranian,2200 BCE - 1800 BCE
स्तन,*pstánas,Proto-Indo-Iranian,2200 BCE - 1800 BCE
स्तन,*pstḗn,Proto-Indo-European,4500 BCE - 2500 BCE
हृदय,*źʰŕ̥dayam,Proto-Indo-Aryan,2000 BCE - 1500 BCE
हृदय,*ȷ́ʰŕ̥dayam,Proto-Indo-Iranian,2200 BCE - 1800 BCE
हृदय,*ḱr̥d-,Proto-Indo-European,4500 BCE - 2500 BCE
अंश,*Hánćas,Proto-Indo-Iranian,2200 BCE - 1800 BCE
अंश,*h₁ónḱos,Proto-Indo-European,4500 BCE - 2500 BCE
दूर,*duHrás,Proto-Indo-Iranian,2200 BCE - 1800 BCE
शीघ्र,*śiHgʰrás,Proto-Indo-Aryan,2000 BCE - 1500 BCE
शीघ्र,*ćiHgʰrás,Proto-Indo-Iranian,2200 BCE - 1800 BCE
शीघ्र,*ḱeygʰ-,Proto-Indo-European,4500 BCE - 2500 BCE
काम,*káHmas,Proto-Indo-Iranian,2200 BCE - 1800 BCE
गन्ध,*g(ʰ)andʰ-,Proto-Indo-Iranian,2200 BCE - 1800 BCE
रस,*Hrásas,Proto-Indo-Aryan,2000 BCE - 1500 BCE
रस,*Hrásas,Proto-Indo-Iranian,2200 BCE - 1800 BCE
रस,*Hros-,Proto-Indo-European,4500 BCE - 2500 BCE
अन्तर,*Hántaras,Proto-Indo-Aryan,2000 BCE - 1500 BCE
अन्तर,*Hántaras,Proto-Indo-Iranian,2200 BCE - 1800 BCE
अर्थ,*Hártʰam,Proto-Indo-Iranian,2200 BCE - 1800 BCE
अर्थ,*h₁ert-,Proto-Indo-European,4500 BCE - 2500 BCE
आयु,*Hā́yu,Proto-Indo-Aryan,2000 BCE - 1500 BCE
आयु,*Hā́yu,Proto-Indo-Iranian,2200 BCE - 1800 BCE
आयु,*h₂óyu,Proto-Indo-European,4500 BCE - 2500 BCE
आशा,*ā́śā,Proto-Indo-Aryan,2000 BCE - 1500 BCE
आशा,*ā́ćā,Proto-Indo-Iranian,2200 BCE - 1800 BCE
उत्तर,*útˢtaras,Proto-Indo-Iranian,2200 BCE - 1800 BCE
उत्तर,*údteros,Proto-Indo-European,4500 BCE - 2500 BCE
दिन,*dinám,Proto-Indo-Aryan,2000 BCE - 1500 BCE
दिन,*dinám,Proto-Indo-Iranian,2200 BCE - 1800 BCE
दिन,*dyew-,Proto-Indo-European,4500 BCE - 2500 BCE
गर्भ,*gárbʰas,Proto-Indo-Iranian,2200 BCE - 1800 BCE
गीत,*giHtás,Proto-Indo-Iranian,2200 BCE - 1800 BCE
केश,*káyśas,Proto-Indo-Aryan,2000 BCE - 1500 BCE
केश,*káyćas ~ gáyćas,Proto-Indo-Iranian,2200 BCE - 1800 BCE
पुस्तक,*pōstaka,Proto-Indo-Aryan,2000 BCE - 1500 BCE
मित्र,*mitrás,Proto-Indo-Aryan,2000 BCE - 1500 BCE
मित्र,*mitrás,Proto-Indo-Iranian,2200 BCE - 1800 BCE
मित्र,*mey-,Proto-Indo-European,4500 BCE - 2500 BCE
स्वप्न,*swápnas,Proto-Indo-Iranian,2200 BCE - 1800 BCE
स्वप्न,*swépnos,Proto-Indo-European,4500 BCE - 2500 BCE
शक्ति,*ḱak-,Proto-Indo-European,4500 BCE - 2500 BCE
ऋतु,*Hr̥túš,Proto-Indo-Iranian,2200 BCE - 1800 BCE
मनस्,*mánas,Proto-Indo-Iranian,2200 BCE - 1800 BCE
मनस्,*ménos,Proto-Indo-European,4500 BCE - 2500 BCE
जगन्नाथ,जगन्,Sanskrit,1500 BCE - present (liturgical/classical)
जगन्नाथ,नाथ,Sanskrit,1500 BCE - present (liturgical/classical)
नाथ,*HnaHtʰás,Proto-Indo-Aryan,2000 BCE - 1500 BCE
नाथ,*HnaHtʰás,Proto-Indo-Iranian,2200 BCE - 1800 BCE
नाथ,*h₃neh₂-,Proto-Indo-European,4500 BCE - 2500 BCE
चन्द्र,*(s)ćandrás,Proto-Indo-Aryan,2000 BCE - 1500 BCE
चन्द्र,*(s)čandrás,Proto-Indo-Iranian,2200 BCE - 1800 BCE
चन्द्र,*(s)kand-,Proto-Indo-European,4500 BCE - 2500 BCE
उदर,*udáram,Proto-Indo-Aryan,2000 BCE - 1500 BCE
उदर,*udáras,Proto-Indo-Iranian,2200 BCE - 1800 BCE
उदर,*úderos,Proto-Indo-European,4500 BCE - 2500 BCE
पागल,*paggala,Proto-Indo-Aryan,2000 BCE - 1500 BCE
मन्त्रिन्,*mantrī́,Proto-Indo-Aryan,2000 BCE - 1500 BCE
मन्त्रिन्,*mantrī́,Proto-Indo-Iranian,2200 BCE - 1800 BCE
मन्त्रिन्,*men-,Proto-Indo-European,4500 BCE - 2500 BCE
उचित,*Hućitás,Proto-Indo-Aryan,2000 BCE - 1500 BCE
उचित,*Hučitás,Proto-Indo-Iranian,2200 BCE - 1800 BCE
कमर,*keh₂-#Derived terms,Proto-Indo-European,4500 BCE - 2500 BCE
कन्या,*kanyáH,Proto-Indo-Iranian,2200 BCE - 1800 BCE
कन्या,*ken-,Proto-Indo-European,4500 BCE - 2500 BCE
हल,*źʰHalás,Proto-Indo-Aryan,2000 BCE - 1500 BCE
हल,*ȷ́ʰHalás,Proto-Indo-Iranian,2200 BCE - 1800 BCE
हल,*ǵʰh₁ol-,Proto-Indo-European,4500 BCE - 2500 BCE
मृग,*mr̥gás,Proto-Indo-Iranian,2200 BCE - 1800 BCE
इव,*éy,Proto-Indo-European,4500 BCE - 2500 BCE
अवतार,*h₂ew,Proto-Indo-European,4500 BCE - 2500 BCE
मेष,*mayšás,Proto-Indo-Iranian,2200 BCE - 1800 BCE
मेष,*moysós,Proto-Indo-European,4500 BCE - 2500 BCE
परुष,*parHušás,Proto-Indo-Iranian,2200 BCE - 1800 BCE
परशु,*paraśúṣ,Proto-Indo-Aryan,2000 BCE - 1500 BCE
परशु,*paraćúš,Proto-Indo-Iranian,2200 BCE - 1800 BCE
परशु,𒁄,Akkadian,not available
परशु,𒁄,Sumerian,not available
घर्म,*gʰarmás,Proto-Indo-Iranian,2200 BCE - 1800 BCE
आलु,*HaHlu,Proto-Indo-Aryan,2000 BCE - 1500 BCE
आलु,*HaHlu,Proto-Indo-Iranian,2200 BCE - 1800 BCE
आलु,*h₂eHlu,Proto-Indo-European,4500 BCE - 2500 BCE
इन्द्र,*índras,Proto-Indo-Aryan,2000 BCE - 1500 BCE
इन्द्र,*índras,Proto-Indo-Iranian,2200 BCE - 1800 BCE
इन्द्र,*h₃eyd-,Proto-Indo-European,4500 BCE - 2500 BCE
इन्द्र,*yənə-ø-ra,cau-cir,not available
तारा,*Hstar-,Proto-Indo-Iranian,2200 BCE - 1800 BCE
तारा,*h₂stḗr,Proto-Indo-European,4500 BCE - 2500 BCE
पूर्ण,*pr̥Hnás,Proto-Indo-Iranian,2200 BCE - 1800 BCE
पूर्ण,*pl̥h₁nós,Proto-Indo-European,4500 BCE - 2500 BCE
दम,*dámas,Proto-Indo-Aryan,2000 BCE - 1500 BCE
दम,*dáma,Proto-Indo-Iranian,2200 BCE - 1800 BCE
दम,*dṓm,Proto-Indo-European,4500 BCE - 2500 BCE
दम,*demh₂-,Proto-Indo-European,4500 BCE - 2500 BCE
सप्ताह,सप्त,Sanskrit,1500 BCE - present (liturgical/classical)
सप्ताह,अहर्,Sanskrit,1500 BCE - present (liturgical/classical)
मधु,*mádʰu,Proto-Indo-Iranian,2200 BCE - 1800 BCE
मधु,*médʰu,Proto-Indo-European,4500 BCE - 2500 BCE
उत्तम,*uttamás,Proto-Indo-Aryan,2000 BCE - 1500 BCE
उत्तम,*utˢtamás,Proto-Indo-Iranian,2200 BCE - 1800 BCE
उत्तम,*udtm̥mós,Proto-Indo-European,4500 BCE - 2500 BCE
पद,*padám,Proto-Indo-Aryan,2000 BCE - 1500 BCE
पद,*padám,Proto-Indo-Iranian,2200 BCE - 1800 BCE
पद,*ped-,Proto-Indo-European,4500 BCE - 2500 BCE
नाक,न,Sanskrit,1500 BCE - present (liturgical/classical)
नाक,अक,Sanskrit,1500 BCE - present (liturgical/classical)
भय,*bʰeyh₂-,Proto-Indo-European,4500 BCE - 2500 BCE
भोजन,*bʰewg-,Proto-Indo-European,4500 BCE - 2500 BCE
नक्ति,*nókʷts,Proto-Indo-European,4500 BCE - 2500 BCE
स्रवति,*sráwati,Proto-Indo-Aryan,2000 BCE - 1500 BCE
स्रवति,*sráwati,Proto-Indo-Iranian,2200 BCE - 1800 BCE
स्वसृ,*swásā,Proto-Indo-Iranian,2200 BCE - 1800 BCE
स्वसृ,*swésōr,Proto-Indo-European,4500 BCE - 2500 BCE
वयति,*wáHyati,Proto-Indo-Aryan,2000 BCE - 1500 BCE
वयति,*wáHyati,Proto-Indo-Iranian,2200 BCE - 1800 BCE
चर्मन्,*čárma,Proto-Indo-Iranian,2200 BCE - 1800 BCE
चर्मन्,*(s)ker-,Proto-Indo-European,4500 BCE - 2500 BCE
भर्ग,*bʰárgas,Proto-Indo-Aryan,2000 BCE - 1500 BCE
भर्ग,*bʰárgas,Proto-Indo-Iranian,2200 BCE - 1800 BCE
भाति,*bʰáHti,Proto-Indo-Aryan,2000 BCE - 1500 BCE
भाति,*bʰáHti,Proto-Indo-Iranian,2200 BCE - 1800 BCE
भुरति,*bʰer-,Proto-Indo-European,4500 BCE - 2500 BCE
भरति,*bʰárati,Proto-Indo-Iranian,2200 BCE - 1800 BCE
भरति,*bʰéreti,Proto-Indo-European,4500 BCE - 2500 BCE
बहु,*baźʰúṣ,Proto-Indo-Aryan,2000 BCE - 1500 BCE
बहु,*bʰaȷ́ʰúš,Proto-Indo-Iranian,2200 BCE - 1800 BCE
बहु,*bʰénǵʰus,Proto-Indo-European,4500 BCE - 2500 BCE
बर्हयति,*barźʰáyati,Proto-Indo-Aryan,2000 BCE - 1500 BCE
बर्हयति,*barȷ́ʰáyati,Proto-Indo-Iranian,2200 BCE - 1800 BCE
बोधति,*báwdʰati,Proto-Indo-Aryan,2000 BCE - 1500 BCE
बोधति,*bʰáwdʰati,Proto-Indo-Iranian,2200 BCE - 1800 BCE
बोधति,*bʰéwdʰeti,Proto-Indo-European,4500 BCE - 2500 BCE
भ्रू,*HbʰrúHs,Proto-Indo-Iranian,2200 BCE - 1800 BCE
भ्रू,*h₃bʰrúHs,Proto-Indo-European,4500 BCE - 2500 BCE
भवति,*bʰáwHati,Proto-Indo-Iranian,2200 BCE - 1800 BCE
बुध्न,*bʰudʰnás,Proto-Indo-Iranian,2200 BCE - 1800 BCE
बुध्न,*bʰudʰmḗn,Proto-Indo-European,4500 BCE - 2500 BCE
भ्रातृ,*bʰráHtā,Proto-Indo-Iranian,2200 BCE - 1800 BCE
भ्रातृ,*bʰréh₂tēr,Proto-Indo-European,4500 BCE - 2500 BCE
पितृ,*pHtā́,Proto-Indo-Iranian,2200 BCE - 1800 BCE
पितृ,*ph₂tḗr,Proto-Indo-European,4500 BCE - 2500 BCE
भूर्ज,*bʰerHǵós,Proto-Indo-European,4500 BCE - 2500 BCE
दाम्यति,*dā́myati,Proto-Indo-Aryan,2000 BCE - 1500 BCE
दाम्यति,*dā́myati,Proto-Indo-Iranian,2200 BCE - 1800 BCE
दाम्यति,*demh₂-,Proto-Indo-European,4500 BCE - 2500 BCE
ह्यस्,*ȷ́ʰyás,Proto-Indo-Iranian,2200 BCE - 1800 BCE
ह्यस्,*dʰǵʰyés,Proto-Indo-European,4500 BCE - 2500 BCE
ददाति,*dádaHti,Proto-Indo-Aryan,2000 BCE - 1500 BCE
ददाति,*dádaHti,Proto-Indo-Iranian,2200 BCE - 1800 BCE
ददाति,*dédeh₃ti,Proto-Indo-European,4500 BCE - 2500 BCE
दोस्,*dáwṣ,Proto-Indo-Aryan,2000 BCE - 1500 BCE
दोस्,*dáwš,Proto-Indo-Iranian,2200 BCE - 1800 BCE
दोस्,*dóws,Proto-Indo-European,4500 BCE - 2500 BCE
दक्षिण,*dáćšinas,Proto-Indo-Iranian,2200 BCE - 1800 BCE
दीर्घ,*dr̥Hgʰás,Proto-Indo-Iranian,2200 BCE - 1800 BCE
दीर्घ,*dl̥h₁gʰós,Proto-Indo-European,4500 BCE - 2500 BCE
जिह्वा,*ȷ́iźʰwáH,Proto-Indo-Aryan,2000 BCE - 1500 BCE
जिह्वा,*ȷ́iȷ́ʰwáH,Proto-Indo-Iranian,2200 BCE - 1800 BCE
जिह्वा,*dn̥ǵʰwéh₂s,Proto-Indo-European,4500 BCE - 2500 BCE
देवर,*dayh₂wḗr,Proto-Indo-European,4500 BCE - 2500 BCE
अश्रु,*Háśru,Proto-Indo-Aryan,2000 BCE - 1500 BCE
अश्रु,*Háćru,Proto-Indo-Iranian,2200 BCE - 1800 BCE
अश्रु,*h₂eḱru,Proto-Indo-European,4500 BCE - 2500 BCE
चित्त,*kʷeyt-,Proto-Indo-European,4500 BCE - 2500 BCE
व्रत,*wratám,Proto-Indo-Aryan,2000 BCE - 1500 BCE
व्रत,*wratám,Proto-Indo-Iranian,2200 BCE - 1800 BCE
व्रत,*werh₁-,Proto-Indo-European,4500 BCE - 2500 BCE
योग,*yáwgas,Proto-Indo-Aryan,2000 BCE - 1500 BCE
योग,*yáwgas,Proto-Indo-Iranian,2200 BCE - 1800 BCE
यभति,*Hyábʰati,Proto-Indo-Aryan,2000 BCE - 1500 BCE
यभति,*Hyábʰati,Proto-Indo-Iranian,2200 BCE - 1800 BCE
यभति,*h₃yébʰeti,Proto-Indo-European,4500 BCE - 2500 BCE
सूत्र,*súHtram,Proto-Indo-Aryan,2000 BCE - 1500 BCE
सूत्र,*súHtram,Proto-Indo-Iranian,2200 BCE - 1800 BCE
सूत्र,*súh₁trom,Proto-Indo-European,4500 BCE - 2500 BCE
मृत,*mr̥tás,Proto-Indo-Iranian,2200 BCE - 1800 BCE
मृत,*mr̥tós,Proto-Indo-European,4500 BCE - 2500 BCE
वारि,*weri,Proto-Indo-European,4500 BCE - 2500 BCE
भू,*bʰuH-,Proto-Indo-European,4500 BCE - 2500 BCE
दुष्यति,*dus-,Proto-Indo-European,4500 BCE - 2500 BCE
द्व,*dwáH,Proto-Indo-Aryan,2000 BCE - 1500 BCE
द्व,*dwáH,Proto-Indo-Iranian,2200 BCE - 1800 BCE
द्व,*dwóh₁,Proto-Indo-European,4500 BCE - 2500 BCE
द्राति,*drā́ti,Proto-Indo-Aryan,2000 BCE - 1500 BCE
द्राति,*drā́ti,Proto-Indo-Iranian,2200 BCE - 1800 BCE
द्राति,*drā-,Proto-Indo-European,4500 BCE - 2500 BCE
द्रायति,*drā́yati,Proto-Indo-Aryan,2000 BCE - 1500 BCE
द्रायति,*drā́yati,Proto-Indo-Iranian,2200 BCE - 1800 BCE
द्रायति,*drem-,Proto-Indo-European,4500 BCE - 2500 BCE
द्रायति,*HnidráH,Proto-Indo-Iranian,2200 BCE - 1800 BCE
दारु,*dā́ru,Proto-Indo-Iranian,2200 BCE - 1800 BCE
दारु,*dóru,Proto-Indo-European,4500 BCE - 2500 BCE
धी,*dʰíH,Proto-Indo-Aryan,2000 BCE - 1500 BCE
धी,*dʰíH,Proto-Indo-Iranian,2200 BCE - 1800 BCE
धी,*dʰíh₂,Proto-Indo-European,4500 BCE - 2500 BCE
जाति,*ȷ́aHtíṣ,Proto-Indo-Aryan,2000 BCE - 1500 BCE
जाति,*ȷ́áHtiš,Proto-Indo-Iranian,2200 BCE - 1800 BCE
जाति,*ǵénh₁tis,Proto-Indo-European,4500 BCE - 2500 BCE
दश,*dáśa,Proto-Indo-Aryan,2000 BCE - 1500 BCE
दश,*dáća,Proto-Indo-Iranian,2200 BCE - 1800 BCE
दश,*déḱm̥,Proto-Indo-European,4500 BCE - 2500 BCE
दहति,*dʰáǰʰati,Proto-Indo-Iranian,2200 BCE - 1800 BCE
दहति,*dʰégʷʰeti,Proto-Indo-European,4500 BCE - 2500 BCE
धयति,*dʰáyati,Proto-Indo-Aryan,2000 BCE - 1500 BCE
धयति,*dʰáyati,Proto-Indo-Iranian,2200 BCE - 1800 BCE
दधाति,*dádʰaHti,Proto-Indo-Aryan,2000 BCE - 1500 BCE
दधाति,*dʰádʰaHti,Proto-Indo-Iranian,2200 BCE - 1800 BCE
दधाति,*dʰédʰeh₁ti,Proto-Indo-European,4500 BCE - 2500 BCE
धृष्णोति,*dʰr̥ṣṇáwti,Proto-Indo-Aryan,2000 BCE - 1500 BCE
धृष्णोति,*dʰr̥šnáwti,Proto-Indo-Iranian,2200 BCE - 1800 BCE
दुहितृ,*dʰugʰdʰā,Proto-Indo-Iranian,2200 BCE - 1800 BCE
दुहितृ,*dʰugh₂tḗr,Proto-Indo-European,4500 BCE - 2500 BCE
दातृ,*dáHtā,Proto-Indo-Aryan,2000 BCE - 1500 BCE
दातृ,*dáHtā,Proto-Indo-Iranian,2200 BCE - 1800 BCE
दातृ,*déh₃tōr,Proto-Indo-European,4500 BCE - 2500 BCE
जनि,*ȷ́ánHiṣ,Proto-Indo-Aryan,2000 BCE - 1500 BCE
जनि,*ǰánHs,Proto-Indo-Iranian,2200 BCE - 1800 BCE
जनि,*gʷḗn,Proto-Indo-European,4500 BCE - 2500 BCE
गिरि,*gr̥Híš,Proto-Indo-Iranian,2200 BCE - 1800 BCE
गिरि,*gl̥h₁éys,Proto-Indo-European,4500 BCE - 2500 BCE
ग्ना,*gnáHs,Proto-Indo-Aryan,2000 BCE - 1500 BCE
ग्ना,*gnáHs,Proto-Indo-Iranian,2200 BCE - 1800 BCE
ग्ना,*gʷḗn,Proto-Indo-European,4500 BCE - 2500 BCE
अन,*h₂enh₁-,Proto-Indo-European,4500 BCE - 2500 BCE
आति,*HaHtíṣ,Proto-Indo-Aryan,2000 BCE - 1500 BCE
आति,*HaHtíš,Proto-Indo-Iranian,2200 BCE - 1800 BCE
आति,*h₂énh₂ts,Proto-Indo-European,4500 BCE - 2500 BCE
अर्जुन,*Hárȷ́unas,Proto-Indo-Aryan,2000 BCE - 1500 BCE
अर्जुन,*Hárȷ́unas,Proto-Indo-Iranian,2200 BCE - 1800 BCE
अर्जुन,*h₂erǵ-,Proto-Indo-European,4500 BCE - 2500 BCE
गो,*gā́wš,Proto-Indo-Iranian,2200 BCE - 1800 BCE
गो,*gʷṓws,Proto-Indo-European,4500 BCE - 2500 BCE
अङ्क,*Hankás,Proto-Indo-Aryan,2000 BCE - 1500 BCE
अङ्क,*Hánkas,Proto-Indo-Iranian,2200 BCE - 1800 BCE
अङ्क,*h₂ónkos,Proto-Indo-European,4500 BCE - 2500 BCE
अश्मन्,*Háśmā,Proto-Indo-Aryan,2000 BCE - 1500 BCE
अश्मन्,*Háćmā,Proto-Indo-Iranian,2200 BCE - 1800 BCE
अश्मन्,*h₂éḱmō,Proto-Indo-European,4500 BCE - 2500 BCE
मांस,*māmsám,Proto-Indo-Iranian,2200 BCE - 1800 BCE
ओषति,*Háwṣati,Proto-Indo-Aryan,2000 BCE - 1500 BCE
ओषति,*Háwšati,Proto-Indo-Iranian,2200 BCE - 1800 BCE
शाखा,*śā́kʰaH,Proto-Indo-Aryan,2000 BCE - 1500 BCE
शाखा,*ćā́kʰaH,Proto-Indo-Iranian,2200 BCE - 1800 BCE
शाखा,*ḱókh₂eh₂,Proto-Indo-European,4500 BCE - 2500 BCE
शर्वर,*ḱerberó-,Proto-Indo-European,4500 BCE - 2500 BCE
शिरस्,*śŕ̥Has,Proto-Indo-Aryan,2000 BCE - 1500 BCE
शिरस्,*ćŕ̥Has,Proto-Indo-Iranian,2200 BCE - 1800 BCE
शिशिर,*ḱel-,Proto-Indo-European,4500 BCE - 2500 BCE
अविक,*h₂ówis,Proto-Indo-European,4500 BCE - 2500 BCE
राजन्,*h₃rḗǵs,Proto-Indo-European,4500 BCE - 2500 BCE
अस्थि,*Hástʰi,Proto-Indo-Iranian,2200 BCE - 1800 BCE
अक्षि,*Hákṣi,Proto-Indo-Aryan,2000 BCE - 1500 BCE
अक्षि,*Hákši,Proto-Indo-Iranian,2200 BCE - 1800 BCE
अक्षि,*h₃ókʷs,Proto-Indo-European,4500 BCE - 2500 BCE
नभ्य,*Hnábʰyam,Proto-Indo-Aryan,2000 BCE - 1500 BCE
नभ्य,*Hnábʰyam,Proto-Indo-Iranian,2200 BCE - 1800 BCE
अहर्,*Háźʰr̥,Proto-Indo-Aryan,2000 BCE - 1500 BCE
अहर्,*Háȷ́ʰr̥,Proto-Indo-Iranian,2200 BCE - 1800 BCE
अयस्,*Háyas,Proto-Indo-Iranian,2200 BCE - 1800 BCE
अयस्,*h₂éyos,Proto-Indo-European,4500 BCE - 2500 BCE
द्रुह्यति,*druźʰyáti,Proto-Indo-Aryan,2000 BCE - 1500 BCE
द्रुह्यति,*dʰruǰʰyáti,Proto-Indo-Iranian,2200 BCE - 1800 BCE
द्रुह्यति,*dʰrewgʰ-,Proto-Indo-European,4500 BCE - 2500 BCE
द्वार्,*d(ʰ)wā́r,Proto-Indo-Aryan,2000 BCE - 1500 BCE
द्वार्,*dʰwā́r,Proto-Indo-Iranian,2200 BCE - 1800 BCE
द्वार्,*dʰwṓr,Proto-Indo-European,4500 BCE - 2500 BCE
क्ष,*gẓʰā́s,Proto-Indo-Aryan,2000 BCE - 1500 BCE
क्ष,*ȷ́ʰžā́s,Proto-Indo-Iranian,2200 BCE - 1800 BCE
क्ष,*dʰéǵʰōm,Proto-Indo-European,4500 BCE - 2500 BCE
हनु,*źʰánuṣ,Proto-Indo-Aryan,2000 BCE - 1500 BCE
हनु,*ȷ́ʰánuš,Proto-Indo-Iranian,2200 BCE - 1800 BCE
हनु,*ǵénus,Proto-Indo-European,4500 BCE - 2500 BCE
जानु,*ȷ́ā́nu,Proto-Indo-Iranian,2200 BCE - 1800 BCE
जानु,*ǵónu,Proto-Indo-European,4500 BCE - 2500 BCE
जम्भ,*ȷ́ámbʰas,Proto-Indo-Iranian,2200 BCE - 1800 BCE
जम्भ,*ǵómbʰos,Proto-Indo-European,4500 BCE - 2500 BCE
जानाति,*ȷ́ānáHti,Proto-Indo-Aryan,2000 BCE - 1500 BCE
जानाति,*ȷ́ānáHti,Proto-Indo-Iranian,2200 BCE - 1800 BCE
जानाति,*ǵn̥néh₃ti,Proto-Indo-European,4500 BCE - 2500 BCE
ह्वरति,*ǵʰwel-,Proto-Indo-European,4500 BCE - 2500 BCE
गञ्ज,*gang-,Proto-Indo-European,4500 BCE - 2500 BCE
हेमन्त,*ȷ́ʰaymantás,Proto-Indo-Iranian,2200 BCE - 1800 BCE
हिरण्य,*ȷ́ʰr̥Hanyam,Proto-Indo-Iranian,2200 BCE - 1800 BCE
हंस,*ȷ́ʰansás,Proto-Indo-Iranian,2200 BCE - 1800 BCE
हंस,*ǵʰh₂éns,Proto-Indo-European,4500 BCE - 2500 BCE
घृण,*gʰr̥nás,Proto-Indo-Aryan,2000 BCE - 1500 BCE
घृण,*gʰr̥nás,Proto-Indo-Iranian,2200 BCE - 1800 BCE
घोर,*gʰawrás,Proto-Indo-Aryan,2000 BCE - 1500 BCE
घोर,*gʰawrás,Proto-Indo-Iranian,2200 BCE - 1800 BCE
ईर्म,*h₂r̥-mo-,Proto-Indo-European,4500 BCE - 2500 BCE
ग्रावन्,*gʷréh₂wō,Proto-Indo-European,4500 BCE - 2500 BCE
हरि,*źʰárHiṣ,Proto-Indo-Aryan,2000 BCE - 1500 BCE
हरि,*ȷ́ʰárHiš,Proto-Indo-Iranian,2200 BCE - 1800 BCE
हरि,*ǵʰelh₃-,Proto-Indo-European,4500 BCE - 2500 BCE
दत्,*Hdánts,Proto-Indo-Iranian,2200 BCE - 1800 BCE
दत्,*h₃dónts,Proto-Indo-European,4500 BCE - 2500 BCE
अथर्वन्,*átʰarwā,Proto-Indo-Aryan,2000 BCE - 1500 BCE
अथर्वन्,*átʰarwā,Proto-Indo-Iranian,2200 BCE - 1800 BCE
हन्ति,*źʰánti,Proto-Indo-Aryan,2000 BCE - 1500 BCE
हन्ति,*ǰʰánti,Proto-Indo-Iranian,2200 BCE - 1800 BCE
हन्ति,*gʷʰénti,Proto-Indo-European,4500 BCE - 2500 BCE
अस्ति,*Hásti,Proto-Indo-Iranian,2200 BCE - 1800 BCE
अस्ति,*h₁ésti,Proto-Indo-European,4500 BCE - 2500 BCE
हस्त,*ȷ́ʰástas,Proto-Indo-Iranian,2200 BCE - 1800 BCE
हस्त,*ǵʰes-,Proto-Indo-European,4500 BCE - 2500 BCE
सुवति,*suHáti,Proto-Indo-Iranian,2200 BCE - 1800 BCE
आस्,*HáHs,Proto-Indo-Iranian,2200 BCE - 1800 BCE
आस्,*h₁óh₃s,Proto-Indo-European,4500 BCE - 2500 BCE
आस्,*HaHs-,Proto-Indo-Iranian,2200 BCE - 1800 BCE
आस्,*h₁eh₁s-,Proto-Indo-European,4500 BCE - 2500 BCE
असृज्,*HásHr̥,Proto-Indo-Iranian,2200 BCE - 1800 BCE
असृज्,*h₁ésh₂r̥,Proto-Indo-European,4500 BCE - 2500 BCE
ओष्ठ,*Háwštʰas,Proto-Indo-Iranian,2200 BCE - 1800 BCE
ओष्ठ,*h₃éh₁os,Proto-Indo-European,4500 BCE - 2500 BCE
नामन्,*Hnā́ma,Proto-Indo-Iranian,2200 BCE - 1800 BCE
नामन्,*h₁nómn̥,Proto-Indo-European,4500 BCE - 2500 BCE
अंस,*h₂ṓms,Proto-Indo-European,4500 BCE - 2500 BCE
अन्य,*Hanyás,Proto-Indo-Aryan,2000 BCE - 1500 BCE
अन्य,*Hanyás,Proto-Indo-Iranian,2200 BCE - 1800 BCE
मोह,*máwǰʰas,Proto-Indo-Iranian,2200 BCE - 1800 BCE
असि,*h₂n̥sis,Proto-Indo-European,4500 BCE - 2500 BCE
त्वम्,*túH,Proto-Indo-Iranian,2200 BCE - 1800 BCE
त्वम्,*túh₂,Proto-Indo-European,4500 BCE - 2500 BCE
राजन,*h₃rḗǵs,Proto-Indo-European,4500 BCE - 2500 BCE
एध,*Háydʰas,Proto-Indo-Aryan,2000 BCE - 1500 BCE
एध,*Háydʰas,Proto-Indo-Iranian,2200 BCE - 1800 BCE
अक्ष,*Háṭṣas,Proto-Indo-Aryan,2000 BCE - 1500 BCE
अक्ष,*Háćšas,Proto-Indo-Iranian,2200 BCE - 1800 BCE
अक्ष,*h₂eḱs-,Proto-Indo-European,4500 BCE - 2500 BCE
वाच्,*wā́kš,Proto-Indo-Iranian,2200 BCE - 1800 BCE
वाच्,*wṓkʷs,Proto-Indo-European,4500 BCE - 2500 BCE
अप्,*Hā́ps,Proto-Indo-Iranian,2200 BCE - 1800 BCE
अप्,*h₂ep-,Proto-Indo-European,4500 BCE - 2500 BCE
शङ्ख,*śankʰás,Proto-Indo-Aryan,2000 BCE - 1500 BCE
शङ्ख,*ćankʰás,Proto-Indo-Iranian,2200 BCE - 1800 BCE
क्रविस्,*krawíṣ,Proto-Indo-Aryan,2000 BCE - 1500 BCE
क्रविस्,*krawíš,Proto-Indo-Iranian,2200 BCE - 1800 BCE
क्रविस्,*kréwh₂s,Proto-Indo-European,4500 BCE - 2500 BCE
लघु,*Hlagʰúṣ,Proto-Indo-Aryan,2000 BCE - 1500 BCE
लघु,*Hlagʰúš,Proto-Indo-Iranian,2200 BCE - 1800 BCE
लघु,*h₁léngʰus,Proto-Indo-European,4500 BCE - 2500 BCE
लषति,*las-,Proto-Indo-European,4500 BCE - 2500 BCE
मूष्,*múh₂s,Proto-Indo-European,4500 BCE - 2500 BCE
उद्र,*udrás,Proto-Indo-Iranian,2200 BCE - 1800 BCE
उद्र,*udrós,Proto-Indo-European,4500 BCE - 2500 BCE
धातु,*dʰeh₁-,Proto-Indo-European,4500 BCE - 2500 BCE
स्वर,*swer-,Proto-Indo-European,4500 BCE - 2500 BCE
नगर,नृ,Sanskrit,1500 BCE - present (liturgical/classical)
नगर,*गर,Sanskrit,1500 BCE - present (liturgical/classical)
ह्रस्व,*ȷ́ʰraswás,Proto-Indo-Iranian,2200 BCE - 1800 BCE
ह्रस्व,*ǵʰer-,Proto-Indo-European,4500 BCE - 2500 BCE
नीड,*niẓḍás,Proto-Indo-Aryan,2000 BCE - 1500 BCE
नीड,*niždás,Proto-Indo-Iranian,2200 BCE - 1800 BCE
नीड,*nisdós,Proto-Indo-European,4500 BCE - 2500 BCE
पसस्,*pes-,Proto-Indo-European,4500 BCE - 2500 BCE
यातृ,*HyáHtā,Proto-Indo-Aryan,2000 BCE - 1500 BCE
यातृ,*HyáHtā,Proto-Indo-Iranian,2200 BCE - 1800 BCE
यातृ,*h₁yenh₂tēr,Proto-Indo-European,4500 BCE - 2500 BCE
यकृत्,*Hyákr̥,Proto-Indo-Iranian,2200 BCE - 1800 BCE
यकृत्,*Hyékʷr̥,Proto-Indo-European,4500 BCE - 2500 BCE
वमति,*wámati,Proto-Indo-Aryan,2000 BCE - 1500 BCE
वमति,*wámati,Proto-Indo-Iranian,2200 BCE - 1800 BCE
उरण,*wr̥h₁ḗn,Proto-Indo-European,4500 BCE - 2500 BCE
वि,*wí,Proto-Indo-Aryan,2000 BCE - 1500 BCE
वि,*wí,Proto-Indo-Iranian,2200 BCE - 1800 BCE
वि,*wi,Proto-Indo-European,4500 BCE - 2500 BCE
वि,*Hwíš,Proto-Indo-Iranian,2200 BCE - 1800 BCE
वि,*h₂éwis,Proto-Indo-European,4500 BCE - 2500 BCE
वाज,*wā́ȷ́as,Proto-Indo-Aryan,2000 BCE - 1500 BCE
वाज,*wā́ȷ́as,Proto-Indo-Iranian,2200 BCE - 1800 BCE
वाज,*weǵ-,Proto-Indo-European,4500 BCE - 2500 BCE
वस्ते,*wástay,Proto-Indo-Aryan,2000 BCE - 1500 BCE
वस्ते,*wástay,Proto-Indo-Iranian,2200 BCE - 1800 BCE
वस्ते,*wes-,Proto-Indo-European,4500 BCE - 2500 BCE
वृक,*wŕ̥kas,Proto-Indo-Iranian,2200 BCE - 1800 BCE
वृक,*wĺ̥kʷos,Proto-Indo-European,4500 BCE - 2500 BCE
ऊर्णा,*Hwŕ̥HnaH,Proto-Indo-Iranian,2200 BCE - 1800 BCE
ऊर्णा,*h₂wĺ̥h₁neh₂,Proto-Indo-European,4500 BCE - 2500 BCE
वहति,*wáźʰati,Proto-Indo-Aryan,2000 BCE - 1500 BCE
वहति,*wáȷ́ʰati,Proto-Indo-Iranian,2200 BCE - 1800 BCE
वहति,*weǵʰ-,Proto-Indo-European,4500 BCE - 2500 BCE
वत्स,*watsás,Proto-Indo-Iranian,2200 BCE - 1800 BCE
वत्स,*wet-,Proto-Indo-European,4500 BCE - 2500 BCE
वृणोति,*wr̥náwti,Proto-Indo-Aryan,2000 BCE - 1500 BCE
वृणोति,*wr̥náwti,Proto-Indo-Iranian,2200 BCE - 1800 BCE
वृणोति,*welh₁-,Proto-Indo-European,4500 BCE - 2500 BCE
वृणोति,*wer-,Proto-Indo-European,4500 BCE - 2500 BCE
नारी,*Hnā́riš,Proto-Indo-Iranian,2200 BCE - 1800 BCE
हृद्,*źʰŕ̥d,Proto-Indo-Aryan,2000 BCE - 1500 BCE
हृद्,*ȷ́ʰŕ̥dayam,Proto-Indo-Iranian,2200 BCE - 1800 BCE
हृद्,*ḱr̥d-,Proto-Indo-European,4500 BCE - 2500 BCE
देवृ,*daHiwā́,Proto-Indo-Iranian,2200 BCE - 1800 BCE
देवृ,*dayh₂wḗr,Proto-Indo-European,4500 BCE - 2500 BCE
श्वशुर,*swáśuras,Proto-Indo-Aryan,2000 BCE - 1500 BCE
श्वशुर,*swáćuras,Proto-Indo-Iranian,2200 BCE - 1800 BCE
श्वशुर,*swéḱuros,Proto-Indo-European,4500 BCE - 2500 BCE
जाया,*ǵenh₁-,Proto-Indo-European,4500 BCE - 2500 BCE
जय,*gʷey-,Proto-Indo-European,4500 BCE - 2500 BCE
रथ,*Hrátʰas,Proto-Indo-Iranian,2200 BCE - 1800 BCE
वृश्चिक,σκορπῐ́ος,Ancient Greek,1500 BCE - 300 BCE
वाति,*Hwā́ti,Proto-Indo-Iranian,2200 BCE - 1800 BCE
वाति,*h₂wḗh₁ti,Proto-Indo-European,4500 BCE - 2500 BCE
नवनीत,*nayH-,Proto-Indo-Iranian,2200 BCE - 1800 BCE
क्षीर,*kšiHrám,Proto-Indo-Iranian,2200 BCE - 1800 BCE
नभस्,*nábʰas,Proto-Indo-Iranian,2200 BCE - 1800 BCE
नभस्,*nébʰos,Proto-Indo-European,4500 BCE - 2500 BCE
कृमि,*kŕ̥miṣ,Proto-Indo-Aryan,2000 BCE - 1500 BCE
कृमि,*kŕ̥miš,Proto-Indo-Iranian,2200 BCE - 1800 BCE
कृमि,*kʷŕ̥mis,Proto-Indo-European,4500 BCE - 2500 BCE
शृङ्ग,*śr̥Hngám,Proto-Indo-Aryan,2000 BCE - 1500 BCE
शृङ्ग,*ćr̥Hngám,Proto-Indo-Iranian,2200 BCE - 1800 BCE
भ्रमर,*bʰrem-,Proto-Indo-European,4500 BCE - 2500 BCE
पयस्,*páyHas,Proto-Indo-Iranian,2200 BCE - 1800 BCE
पयस्,*peyH-,Proto-Indo-European,4500 BCE - 2500 BCE
वर्षा,*h₁wers-,Proto-Indo-European,4500 BCE - 2500 BCE
चेतस्,*ćáytas,Proto-Indo-Aryan,2000 BCE - 1500 BCE
चेतस्,*čáytas,Proto-Indo-Iranian,2200 BCE - 1800 BCE
भुज,*bʰúȷ́as,Proto-Indo-Aryan,2000 BCE - 1500 BCE
भुज,*bʰúǰas,Proto-Indo-Iranian,2200 BCE - 1800 BCE
भुज,*bʰewgʰ-,Proto-Indo-European,4500 BCE - 2500 BCE
भा,*bʰeh₂-,Proto-Indo-European,4500 BCE - 2500 BCE
भा,*bʰéh₂,Proto-Indo-European,4500 BCE - 2500 BCE
शिर,*ḱerh₂-,Proto-Indo-European,4500 BCE - 2500 BCE
द्यु,*dyā́wṣ,Proto-Indo-Aryan,2000 BCE - 1500 BCE
द्यु,*dyā́wš,Proto-Indo-Iranian,2200 BCE - 1800 BCE
द्यु,*dyḗws,Proto-Indo-European,4500 BCE - 2500 BCE
वात,*HwáHatas,Proto-Indo-Iranian,2200 BCE - 1800 BCE
वात,*h₂wéh₁n̥ts,Proto-Indo-European,4500 BCE - 2500 BCE
वात,*wáHtas,Proto-Indo-Aryan,2000 BCE - 1500 BCE
वात,*wáHtas,Proto-Indo-Iranian,2200 BCE - 1800 BCE
वात,*weh₂t-,Proto-Indo-European,4500 BCE - 2500 BCE
चतुर्,*ćatwā́ras,Proto-Indo-Aryan,2000 BCE - 1500 BCE
चतुर्,*čatwā́ras,Proto-Indo-Iranian,2200 BCE - 1800 BCE
चतुर्,*kʷetwóres,Proto-Indo-European,4500 BCE - 2500 BCE
पञ्चन्,*pánća,Proto-Indo-Aryan,2000 BCE - 1500 BCE
पञ्चन्,*pánča,Proto-Indo-Iranian,2200 BCE - 1800 BCE
पञ्चन्,*pénkʷe,Proto-Indo-European,4500 BCE - 2500 BCE
मह,*maźʰás,Proto-Indo-Aryan,2000 BCE - 1500 BCE
मह,*maȷ́ʰás,Proto-Indo-Iranian,2200 BCE - 1800 BCE
मह,*méǵh₂s,Proto-Indo-European,4500 BCE - 2500 BCE
बृहत्,*bʰr̥ȷ́ʰáns,Proto-Indo-Iranian,2200 BCE - 1800 BCE
बृहत्,*bʰérǵʰonts,Proto-Indo-European,4500 BCE - 2500 BCE
त्वच्,*twek-,Proto-Indo-European,4500 BCE - 2500 BCE
वल्क,*walkás,Proto-Indo-Aryan,2000 BCE - 1500 BCE
वल्क,*warkás,Proto-Indo-Iranian,2200 BCE - 1800 BCE
श्वन्,*ćwā́,Proto-Indo-Iranian,2200 BCE - 1800 BCE
श्वन्,*ḱwṓ,Proto-Indo-European,4500 BCE - 2500 BCE
पीवस्,*peyH-,Proto-Indo-European,4500 BCE - 2500 BCE
पर्ण,*parnám,Proto-Indo-Iranian,2200 BCE - 1800 BCE
पर्ण,*pornóm,Proto-Indo-European,4500 BCE - 2500 BCE
श्रुति,*śrútiṣ,Proto-Indo-Aryan,2000 BCE - 1500 BCE
श्रुति,*ćrútiš,Proto-Indo-Iranian,2200 BCE - 1800 BCE
पट,*paḷṭas,Proto-Indo-Aryan,2000 BCE - 1500 BCE
पट,*paltas,Proto-Indo-Iranian,2200 BCE - 1800 BCE
अंहस्,*Hánȷ́ʰas,Proto-Indo-Iranian,2200 BCE - 1800 BCE
अकार,अ,Sanskrit,1500 BCE - present (liturgical/classical)
अकार,कार,Sanskrit,1500 BCE - present (liturgical/classical)
अंशु,*Hanśúṣ,Proto-Indo-Aryan,2000 BCE - 1500 BCE
अंशु,*Hanćúš,Proto-Indo-Iranian,2200 BCE - 1800 BCE
सत्,*Hsánt,Proto-Indo-Iranian,2200 BCE - 1800 BCE
सत्,*h₁sónts,Proto-Indo-European,4500 BCE - 2500 BCE
जीवति,*ȷ́íHwati,Proto-Indo-Aryan,2000 BCE - 1500 BCE
जीवति,*ǰíHwati,Proto-Indo-Iranian,2200 BCE - 1800 BCE
जीवति,*gʷíh₃weti,Proto-Indo-European,4500 BCE - 2500 BCE
अक्तु,*aktúṣ,Proto-Indo-Aryan,2000 BCE - 1500 BCE
अक्तु,*aktúš,Proto-Indo-Iranian,2200 BCE - 1800 BCE
अक्तु,*nókʷts,Proto-Indo-European,4500 BCE - 2500 BCE
मन्त्र,*mántram,Proto-Indo-Aryan,2000 BCE - 1500 BCE
मन्त्र,*mántram,Proto-Indo-Iranian,2200 BCE - 1800 BCE
सप्तन्,*saptá,Proto-Indo-Aryan,2000 BCE - 1500 BCE
सप्तन्,*saptá,Proto-Indo-Iranian,2200 BCE - 1800 BCE
सप्तन्,*septḿ̥,Proto-Indo-European,4500 BCE - 2500 BCE
वीर,*wiHrás,Proto-Indo-Iranian,2200 BCE - 1800 BCE
वीर,*wiHrós,Proto-Indo-European,4500 BCE - 2500 BCE
अप-,*Hapá,Proto-Indo-Aryan,2000 BCE - 1500 BCE
अप-,*Hapá,Proto-Indo-Iranian,2200 BCE - 1800 BCE
अप-,*h₂epo,Proto-Indo-European,4500 BCE - 2500 BCE
नर,*Hnáras,Proto-Indo-Aryan,2000 BCE - 1500 BCE
नर,*Hnáras,Proto-Indo-Iranian,2200 BCE - 1800 BCE
नर,*h₂nḗr,Proto-Indo-European,4500 BCE - 2500 BCE
कामसूत्र,काम,Sanskrit,1500 BCE - present (liturgical/classical)
कामसूत्र,सूत्र,Sanskrit,1500 BCE - present (liturgical/classical)
मति,*matíš,Proto-Indo-Iranian,2200 BCE - 1800 BCE
मति,*méntis,Proto-Indo-European,4500 BCE - 2500 BCE
वायु,*HwaHyúš,Proto-Indo-Iranian,2200 BCE - 1800 BCE
रात्रि,*HráHtriH,Proto-Indo-Aryan,2000 BCE - 1500 BCE
रात्रि,*HráHtriH,Proto-Indo-Iranian,2200 BCE - 1800 BCE
रात्रि,*Hréh₁trih₂,Proto-Indo-European,4500 BCE - 2500 BCE
धेनु,*dʰa(H)inúš,Proto-Indo-Iranian,2200 BCE - 1800 BCE
धेनु,*dʰeh₁(y)-,Proto-Indo-European,4500 BCE - 2500 BCE
देवी,*déywih₂,Proto-Indo-European,4500 BCE - 2500 BCE
सेना,*sáynaH,Proto-Indo-Iranian,2200 BCE - 1800 BCE
वधू,*wadʰúHs,Proto-Indo-Aryan,2000 BCE - 1500 BCE
वधू,*wadʰúHs,Proto-Indo-Iranian,2200 BCE - 1800 BCE
तनू,*tanúHs,Proto-Indo-Iranian,2200 BCE - 1800 BCE
तनू,*tenuh₂-,Proto-Indo-European,4500 BCE - 2500 BCE
श्वश्रू,*swaśrúH,Proto-Indo-Aryan,2000 BCE - 1500 BCE
श्वश्रू,*swaćrúH,Proto-Indo-Iranian,2200 BCE - 1800 BCE
श्वश्रू,*sweḱrúh₂,Proto-Indo-European,4500 BCE - 2500 BCE
पाप,*pāpás,Proto-Indo-Iranian,2200 BCE - 1800 BCE
स्तृ,*Hstā́,Proto-Indo-Iranian,2200 BCE - 1800 BCE
स्तृ,*h₂stḗr,Proto-Indo-European,4500 BCE - 2500 BCE
नृ,*Hnā́,Proto-Indo-Aryan,2000 BCE - 1500 BCE
नृ,*Hnā́,Proto-Indo-Iranian,2200 BCE - 1800 BCE
नृ,*h₂nḗr,Proto-Indo-European,4500 BCE - 2500 BCE
उसृ,*aws-,Proto-Indo-European,4500 BCE - 2500 BCE
नप्तृ,*náptā,Proto-Indo-Aryan,2000 BCE - 1500 BCE
नप्तृ,*náptā,Proto-Indo-Iranian,2200 BCE - 1800 BCE
नप्तृ,*népōts,Proto-Indo-European,4500 BCE - 2500 BCE
नप्तृ,*-tḗr,Proto-Indo-European,4500 BCE - 2500 BCE
वृत्रहन्,*wr̥traǰʰā́,Proto-Indo-Iranian,2200 BCE - 1800 BCE
दम्पति,*dáms-patiṣ,Proto-Indo-Aryan,2000 BCE - 1500 BCE
दम्पति,*dáms-patiš,Proto-Indo-Iranian,2200 BCE - 1800 BCE
दम्पति,*déms pótis,Proto-Indo-European,4500 BCE - 2500 BCE
सखि,*sákʰā,Proto-Indo-Iranian,2200 BCE - 1800 BCE
सखि,*sokʷH-,Proto-Indo-European,4500 BCE - 2500 BCE
अथर्ववेद,अथर्वन्,Sanskrit,1500 BCE - present (liturgical/classical)
अथर्ववेद,वेद,Sanskrit,1500 BCE - present (liturgical/classical)
नराशंस,*Hnárāśánsas,Proto-Indo-Aryan,2000 BCE - 1500 BCE
नराशंस,*Hnárāćánsas,Proto-Indo-Iranian,2200 BCE - 1800 BCE
वेद,*weyd-,Proto-Indo-European,4500 BCE - 2500 BCE
वेत्ति,*wáytti,Proto-Indo-Aryan,2000 BCE - 1500 BCE
वेत्ति,*wáytˢti,Proto-Indo-Iranian,2200 BCE - 1800 BCE
वेत्ति,*weyd-,Proto-Indo-European,4500 BCE - 2500 BCE
शर्करा,*śárkaraH,Proto-Indo-Aryan,2000 BCE - 1500 BCE
शर्करा,*ćárkaraH,Proto-Indo-Iranian,2200 BCE - 1800 BCE
शर्करा,*ḱorkeh₂,Proto-Indo-European,4500 BCE - 2500 BCE
भग,*bʰagás,Proto-Indo-Aryan,2000 BCE - 1500 BCE
भग,*bʰagás,Proto-Indo-Iranian,2200 BCE - 1800 BCE
अङ्गार,*Hángāras,Proto-Indo-Aryan,2000 BCE - 1500 BCE
अङ्गार,*Hángāras,Proto-Indo-Iranian,2200 BCE - 1800 BCE
अङ्गार,*h₁óngʷl̥,Proto-Indo-European,4500 BCE - 2500 BCE
आर्य,*Áryas,Proto-Indo-Aryan,2000 BCE - 1500 BCE
आर्य,*Áryas,Proto-Indo-Iranian,2200 BCE - 1800 BCE
अत्ति,*Hátti,Proto-Indo-Aryan,2000 BCE - 1500 BCE
अत्ति,*Hátˢti,Proto-Indo-Iranian,2200 BCE - 1800 BCE
अत्ति,*h₁édti,Proto-Indo-European,4500 BCE - 2500 BCE
अत्ति,*Had-,Proto-Indo-Iranian,2200 BCE - 1800 BCE
अत्ति,*h₁ed-,Proto-Indo-European,4500 BCE - 2500 BCE
अभि,*Habʰí,Proto-Indo-Aryan,2000 BCE - 1500 BCE
अभि,*Habʰí,Proto-Indo-Iranian,2200 BCE - 1800 BCE
अभि,*h₂m̥bʰi,Proto-Indo-European,4500 BCE - 2500 BCE
एति,*Háyti,Proto-Indo-Aryan,2000 BCE - 1500 BCE
एति,*Háyti,Proto-Indo-Iranian,2200 BCE - 1800 BCE
एति,*h₁éyti,Proto-Indo-European,4500 BCE - 2500 BCE
अर्भ,*Hárbʰas,Proto-Indo-Aryan,2000 BCE - 1500 BCE
अर्भ,*Hárbʰas,Proto-Indo-Iranian,2200 BCE - 1800 BCE
अर्भ,*h₃órbʰos,Proto-Indo-European,4500 BCE - 2500 BCE
अंहु,*Hánźʰuṣ,Proto-Indo-Aryan,2000 BCE - 1500 BCE
अंहु,*Hánȷ́ʰuš,Proto-Indo-Iranian,2200 BCE - 1800 BCE
अंहु,*h₂énǵʰus,Proto-Indo-European,4500 BCE - 2500 BCE
अजति,*Háȷ́ati,Proto-Indo-Aryan,2000 BCE - 1500 BCE
अजति,*Háȷ́ati,Proto-Indo-Iranian,2200 BCE - 1800 BCE
अजति,*h₂eǵ-,Proto-Indo-European,4500 BCE - 2500 BCE
पिपर्ति,*píparti,Proto-Indo-Aryan,2000 BCE - 1500 BCE
पिपर्ति,*píparti,Proto-Indo-Iranian,2200 BCE - 1800 BCE
पिपर्ति,*píperti,Proto-Indo-European,4500 BCE - 2500 BCE
पिपर्ति,*pleh₁-,Proto-Indo-European,4500 BCE - 2500 BCE
पुत्र,*putrás,Proto-Indo-Iranian,2200 BCE - 1800 BCE
पुत्र,*peh₂w-,Proto-Indo-European,4500 BCE - 2500 BCE
श्री,*ćriHrás,Proto-Indo-Iranian,2200 BCE - 1800 BCE
मुद्रा,*mudrā,Proto-Iranian,not available
मुद्रा,mušarû,Akkadian,not available
मुद्रा,𒈬𒊬𒊏,Sumerian,not available
नक्त,*nókʷts,Proto-Indo-European,4500 BCE - 2500 BCE
शत,*śatám,Proto-Indo-Aryan,2000 BCE - 1500 BCE
शत,*ćatám,Proto-Indo-Iranian,2200 BCE - 1800 BCE
शत,*ḱm̥tóm,Proto-Indo-European,4500 BCE - 2500 BCE
होतृ,*ȷ́ʰáwtā,Proto-Indo-Iranian,2200 BCE - 1800 BCE
आशु,*HaHśúṣ,Proto-Indo-Aryan,2000 BCE - 1500 BCE
आशु,*HaHćúš,Proto-Indo-Iranian,2200 BCE - 1800 BCE
वृकतात्,*wl̥kʷós,Proto-Indo-European,4500 BCE - 2500 BCE
अवि,*Háwiṣ,Proto-Indo-Aryan,2000 BCE - 1500 BCE
अवि,*Háwiš,Proto-Indo-Iranian,2200 BCE - 1800 BCE
अवि,*h₂ówis,Proto-Indo-European,4500 BCE - 2500 BCE
वरुण,*Hwárunas,Proto-Indo-Aryan,2000 BCE - 1500 BCE
वरुण,*Hwárunas,Proto-Indo-Iranian,2200 BCE - 1800 BCE
ब्रह्मन्,*bʰŕ̥źʰma,Proto-Indo-Aryan,2000 BCE - 1500 BCE
ब्रह्मन्,*bʰŕ̥ȷ́ʰma,Proto-Indo-Iranian,2200 BCE - 1800 BCE
ब्रह्मन्,*bʰerǵʰ-,Proto-Indo-European,4500 BCE - 2500 BCE
तिष्ठति,*(s)tíṣṭaHti,Proto-Indo-Aryan,2000 BCE - 1500 BCE
तिष्ठति,*stíštaHti,Proto-Indo-Iranian,2200 BCE - 1800 BCE
तिष्ठति,*stísteh₂ti,Proto-Indo-European,4500 BCE - 2500 BCE
भाल,*bʰel-,Proto-Indo-European,4500 BCE - 2500 BCE
गभस्ति,*gábʰastiṣ,Proto-Indo-Aryan,2000 BCE - 1500 BCE
गभस्ति,*gʰábʰastiš,Proto-Indo-Iranian,2200 BCE - 1800 BCE
सीदति,*síẓḍati,Proto-Indo-Aryan,2000 BCE - 1500 BCE
सीदति,*síždati,Proto-Indo-Iranian,2200 BCE - 1800 BCE
सीदति,*sísdeti,Proto-Indo-European,4500 BCE - 2500 BCE
अस्मि,*Hásmi,Proto-Indo-Aryan,2000 BCE - 1500 BCE
अस्मि,*Hásmi,Proto-Indo-Iranian,2200 BCE - 1800 BCE
अस्मि,*h₁ésmi,Proto-Indo-European,4500 BCE - 2500 BCE
सचते,*sáćatay,Proto-Indo-Aryan,2000 BCE - 1500 BCE
सचते,*sáčatay,Proto-Indo-Iranian,2200 BCE - 1800 BCE
सचते,*sékʷetor,Proto-Indo-European,4500 BCE - 2500 BCE
नमस्,*námas,Proto-Indo-Iranian,2200 BCE - 1800 BCE
नमस्,*némos,Proto-Indo-European,4500 BCE - 2500 BCE
गच्छति,*gaśćáti,Proto-Indo-Aryan,2000 BCE - 1500 BCE
गच्छति,*gasćáti,Proto-Indo-Iranian,2200 BCE - 1800 BCE
गच्छति,*gʷm̥sḱéti,Proto-Indo-European,4500 BCE - 2500 BCE
द्यति,*dyáti,Proto-Indo-Aryan,2000 BCE - 1500 BCE
द्यति,*dyáti,Proto-Indo-Iranian,2200 BCE - 1800 BCE
देग्धि,*dáygdʰi,Proto-Indo-Aryan,2000 BCE - 1500 BCE
देग्धि,*dʰáygdʰi,Proto-Indo-Iranian,2200 BCE - 1800 BCE
आगस्,*Hā́gas,Proto-Indo-Iranian,2200 BCE - 1800 BCE
द्राक्षा,*dráHgẓʰaH,Proto-Indo-Aryan,2000 BCE - 1500 BCE
द्राक्षा,*dʰráHȷ́žʰaH,Proto-Indo-Iranian,2200 BCE - 1800 BCE
अश्रि,*Háśriṣ,Proto-Indo-Aryan,2000 BCE - 1500 BCE
अश्रि,*Háćriš,Proto-Indo-Iranian,2200 BCE - 1800 BCE
अश्रि,*h₂óḱris,Proto-Indo-European,4500 BCE - 2500 BCE
ऋक्ष,*Hŕ̥ćšas,Proto-Indo-Iranian,2200 BCE - 1800 BCE
ऋक्ष,*h₂ŕ̥tḱos,Proto-Indo-European,4500 BCE - 2500 BCE
ऊधस्,*h₁ówHdʰr̥,Proto-Indo-European,4500 BCE - 2500 BCE
ऊधर्,*h₁ówHdʰr̥,Proto-Indo-European,4500 BCE - 2500 BCE
रोचते,*ráwćatay,Proto-Indo-Aryan,2000 BCE - 1500 BCE
रोचते,*ráwčatay,Proto-Indo-Iranian,2200 BCE - 1800 BCE
रोचते,*lewk-,Proto-Indo-European,4500 BCE - 2500 BCE
चरति,*ćárati,Proto-Indo-Aryan,2000 BCE - 1500 BCE
चरति,*čárati,Proto-Indo-Iranian,2200 BCE - 1800 BCE
तनोति,*tanáwti,Proto-Indo-Aryan,2000 BCE - 1500 BCE
तनोति,*tanáwti,Proto-Indo-Iranian,2200 BCE - 1800 BCE
तनोति,*tn̥néwti,Proto-Indo-European,4500 BCE - 2500 BCE
मन्यते,*mányatay,Proto-Indo-Aryan,2000 BCE - 1500 BCE
मन्यते,*mányatay,Proto-Indo-Iranian,2200 BCE - 1800 BCE
मन्यते,*mn̥yo-,Proto-Indo-European,4500 BCE - 2500 BCE
अज्र,*Háȷ́ras,Proto-Indo-Iranian,2200 BCE - 1800 BCE
अज्र,*h₂éǵros,Proto-Indo-European,4500 BCE - 2500 BCE
नव,*náwas,Proto-Indo-Iranian,2200 BCE - 1800 BCE
नव,*néwos,Proto-Indo-European,4500 BCE - 2500 BCE
पस्त्य,*h₂po-sth₂-yós,Proto-Indo-European,4500 BCE - 2500 BCE
पक्ष,*pakšás,Proto-Indo-Iranian,2200 BCE - 1800 BCE
पक्ष,*peg-,Proto-Indo-European,4500 BCE - 2500 BCE
पाति,*páHti,Proto-Indo-Aryan,2000 BCE - 1500 BCE
पाति,*páHti,Proto-Indo-Iranian,2200 BCE - 1800 BCE
पाति,*peh₂-,Proto-Indo-European,4500 BCE - 2500 BCE
पिबति,*píbati,Proto-Indo-Aryan,2000 BCE - 1500 BCE
पिबति,*píbati,Proto-Indo-Iranian,2200 BCE - 1800 BCE
पिबति,*píbeti,Proto-Indo-European,4500 BCE - 2500 BCE
पचति,*páćati,Proto-Indo-Aryan,2000 BCE - 1500 BCE
पचति,*páčati,Proto-Indo-Iranian,2200 BCE - 1800 BCE
पचति,*pékʷeti,Proto-Indo-European,4500 BCE - 2500 BCE
पथिन्,*pántaHs,Proto-Indo-Aryan,2000 BCE - 1500 BCE
पथिन्,*pántaHs,Proto-Indo-Iranian,2200 BCE - 1800 BCE
पथिन्,*póntoh₁s,Proto-Indo-European,4500 BCE - 2500 BCE
पृथु,*pr̥tʰúṣ,Proto-Indo-Aryan,2000 BCE - 1500 BCE
पृथु,*pr̥tʰúš,Proto-Indo-Iranian,2200 BCE - 1800 BCE
पृथु,*pléth₂us,Proto-Indo-European,4500 BCE - 2500 BCE
पार्ष्णि,*pā́rṣṇiṣ,Proto-Indo-Aryan,2000 BCE - 1500 BCE
पार्ष्णि,*pā́ršniš,Proto-Indo-Iranian,2200 BCE - 1800 BCE
पार्ष्णि,*tpḗrsneh₂,Proto-Indo-European,4500 BCE - 2500 BCE
पृषत्,*pŕ̥ṣants,Proto-Indo-Aryan,2000 BCE - 1500 BCE
पृषत्,*pŕ̥šants,Proto-Indo-Iranian,2200 BCE - 1800 BCE
पर्दते,*párdatay,Proto-Indo-Aryan,2000 BCE - 1500 BCE
पर्दते,*párdatay,Proto-Indo-Iranian,2200 BCE - 1800 BCE
पर्दते,*pérdetor,Proto-Indo-European,4500 BCE - 2500 BCE
पर्शु,*párćuš,Proto-Indo-Iranian,2200 BCE - 1800 BCE
पर्शु,*pérḱus,Proto-Indo-European,4500 BCE - 2500 BCE
क्लोमन्,*pléwmō,Proto-Indo-European,4500 BCE - 2500 BCE
प्लुषि,*plúṣiṣ,Proto-Indo-Aryan,2000 BCE - 1500 BCE
प्लुषि,*plúšiš,Proto-Indo-Iranian,2200 BCE - 1800 BCE
प्लुषि,*plúsis,Proto-Indo-European,4500 BCE - 2500 BCE
पतति,*pátati,Proto-Indo-Aryan,2000 BCE - 1500 BCE
पतति,*pátati,Proto-Indo-Iranian,2200 BCE - 1800 BCE
पतति,*péth₂eti,Proto-Indo-European,4500 BCE - 2500 BCE
प्रीणाति,*prináHti,Proto-Indo-Aryan,2000 BCE - 1500 BCE
प्रीणाति,*prináHti,Proto-Indo-Iranian,2200 BCE - 1800 BCE
प्रवते,*práwatay,Proto-Indo-Aryan,2000 BCE - 1500 BCE
प्रवते,*práwatay,Proto-Indo-Iranian,2200 BCE - 1800 BCE
प्रश्न,*praśnás,Proto-Indo-Aryan,2000 BCE - 1500 BCE
प्रश्न,*praćnás,Proto-Indo-Iranian,2200 BCE - 1800 BCE
पुलक,*pulh₂-,Proto-Indo-European,4500 BCE - 2500 BCE
पृच्छति,*pr̥śćáti,Proto-Indo-Aryan,2000 BCE - 1500 BCE
पृच्छति,*pr̥šćáti,Proto-Indo-Iranian,2200 BCE - 1800 BCE
पृच्छति,*pr̥sḱéti,Proto-Indo-European,4500 BCE - 2500 BCE
प्रथम,*pratʰamás,Proto-Indo-Iranian,2200 BCE - 1800 BCE
प्रथम,*pro-,Proto-Indo-European,4500 BCE - 2500 BCE
ब्राह्मण,*bʰerǵʰ-,Proto-Indo-European,4500 BCE - 2500 BCE
पायु,*pāyúṣ,Proto-Indo-Aryan,2000 BCE - 1500 BCE
पायु,*paHyúṣ,Proto-Indo-Aryan,2000 BCE - 1500 BCE
पायु,*paHyúš,Proto-Indo-Iranian,2200 BCE - 1800 BCE
पायु,*peh₂-,Proto-Indo-European,4500 BCE - 2500 BCE
दान,*dáHnam,Proto-Indo-Iranian,2200 BCE - 1800 BCE
दान,*déh₃nom,Proto-Indo-European,4500 BCE - 2500 BCE
वृत्र,*wr̥trás,Proto-Indo-Aryan,2000 BCE - 1500 BCE
वृत्र,*wr̥trás,Proto-Indo-Iranian,2200 BCE - 1800 BCE
अहि,*Háǰʰiš,Proto-Indo-Iranian,2200 BCE - 1800 BCE
अहि,*h₁ógʷʰis,Proto-Indo-European,4500 BCE - 2500 BCE
दिशति,*diśáti,Proto-Indo-Aryan,2000 BCE - 1500 BCE
दिशति,*dićáti,Proto-Indo-Iranian,2200 BCE - 1800 BCE
ऋत,*Hr̥tás,Proto-Indo-Aryan,2000 BCE - 1500 BCE
ऋत,*Hr̥tás,Proto-Indo-Iranian,2200 BCE - 1800 BCE
वल,*welH-,Proto-Indo-European,4500 BCE - 2500 BCE
तमस्,*támHas,Proto-Indo-Iranian,2200 BCE - 1800 BCE
तमस्,*témHos,Proto-Indo-European,4500 BCE - 2500 BCE
तर्कु,*tarkúṣ,Proto-Indo-Aryan,2000 BCE - 1500 BCE
तर्कु,*tarkúš,Proto-Indo-Iranian,2200 BCE - 1800 BCE
तर्कु,*terkʷ-,Proto-Indo-European,4500 BCE - 2500 BCE
तपति,*tápati,Proto-Indo-Aryan,2000 BCE - 1500 BCE
तपति,*tápati,Proto-Indo-Iranian,2200 BCE - 1800 BCE
तनु,*tánuṣ,Proto-Indo-Aryan,2000 BCE - 1500 BCE
तनु,*tánuš,Proto-Indo-Iranian,2200 BCE - 1800 BCE
तनु,*ténh₂us,Proto-Indo-European,4500 BCE - 2500 BCE
तनु,*tenuh₂-,Proto-Indo-European,4500 BCE - 2500 BCE
तपस्,*tápas,Proto-Indo-Iranian,2200 BCE - 1800 BCE
तपस्,*tépos,Proto-Indo-European,4500 BCE - 2500 BCE
तृष्यति,*tŕ̥ṣyati,Proto-Indo-Aryan,2000 BCE - 1500 BCE
तृष्यति,*tŕ̥šyati,Proto-Indo-Iranian,2200 BCE - 1800 BCE
तृष्यति,*tr̥s-yé-ti,Proto-Indo-European,4500 BCE - 2500 BCE
तरति,*tárHati,Proto-Indo-Aryan,2000 BCE - 1500 BCE
तरति,*tárHati,Proto-Indo-Iranian,2200 BCE - 1800 BCE
तरति,*terh₂-,Proto-Indo-European,4500 BCE - 2500 BCE
तक्षति,*táṭṣati,Proto-Indo-Aryan,2000 BCE - 1500 BCE
तक्षति,*táćšati,Proto-Indo-Iranian,2200 BCE - 1800 BCE
क्षेति,*ṭṣáyti,Proto-Indo-Aryan,2000 BCE - 1500 BCE
क्षेति,*ćšáyti,Proto-Indo-Iranian,2200 BCE - 1800 BCE
क्षेति,*tḱéyti,Proto-Indo-European,4500 BCE - 2500 BCE
तिरस्,*tr̥Hás,Proto-Indo-Aryan,2000 BCE - 1500 BCE
तिरस्,*tr̥Hás,Proto-Indo-Iranian,2200 BCE - 1800 BCE
तित्तिर,*teter,Proto-Indo-European,4500 BCE - 2500 BCE
त्रि,*tráyas,Proto-Indo-Aryan,2000 BCE - 1500 BCE
त्रि,*tráyas,Proto-Indo-Iranian,2200 BCE - 1800 BCE
त्रि,*tréyes,Proto-Indo-European,4500 BCE - 2500 BCE
शुप्ति,*ćúptiš,Proto-Indo-Iranian,2200 BCE - 1800 BCE
शुप्ति,*(s)ḱub-,Proto-Indo-European,4500 BCE - 2500 BCE
रिशादस्,*ḱeh₂d-,Proto-Indo-European,4500 BCE - 2500 BCE
शश,*ćasás,Proto-Indo-Iranian,2200 BCE - 1800 BCE
शश,*ḱeh₂s-,Proto-Indo-European,4500 BCE - 2500 BCE
श्रयति,*śráyati,Proto-Indo-Aryan,2000 BCE - 1500 BCE
श्रयति,*ćráyati,Proto-Indo-Iranian,2200 BCE - 1800 BCE
श्रयति,*ḱléyeti,Proto-Indo-European,4500 BCE - 2500 BCE
श्रयति,*ḱley-,Proto-Indo-European,4500 BCE - 2500 BCE
श्रोणि,*śráwniṣ,Proto-Indo-Aryan,2000 BCE - 1500 BCE
श्रोणि,*ćráwniš,Proto-Indo-Iranian,2200 BCE - 1800 BCE
श्रोणि,*ḱlównis,Proto-Indo-European,4500 BCE - 2500 BCE
धूम,*dʰuHmás,Proto-Indo-Iranian,2200 BCE - 1800 BCE
धूम,*dʰuh₂mós,Proto-Indo-European,4500 BCE - 2500 BCE
पद्,*pā́das,Proto-Indo-Aryan,2000 BCE - 1500 BCE
पद्,*pā́ts,Proto-Indo-Iranian,2200 BCE - 1800 BCE
पद्,*pṓds,Proto-Indo-European,4500 BCE - 2500 BCE
द्रुम,*drumós,Proto-Indo-European,4500 BCE - 2500 BCE
मुहुर्,*mr̥ȷ́ʰúš,Proto-Indo-Iranian,2200 BCE - 1800 BCE
मुहुर्,*mr̥ǵʰús,Proto-Indo-European,4500 BCE - 2500 BCE
सर्पिस्,*sarpíṣ,Proto-Indo-Aryan,2000 BCE - 1500 BCE
सर्पिस्,*sarpíš,Proto-Indo-Iranian,2200 BCE - 1800 BCE
कल्य,*kal-,Proto-Indo-European,4500 BCE - 2500 BCE
हि,*źʰí,Proto-Indo-Aryan,2000 BCE - 1500 BCE
हि,*ȷ́ʰi,Proto-Indo-Iranian,2200 BCE - 1800 BCE
हि,*gʰe,Proto-Indo-European,4500 BCE - 2500 BCE
स्थान,*stáHnam,Proto-Indo-Iranian,2200 BCE - 1800 BCE
कर्मन्,*kárma,Proto-Indo-Aryan,2000 BCE - 1500 BCE
कर्मन्,*kárma,Proto-Indo-Iranian,2200 BCE - 1800 BCE
कर्मन्,*kʷer-,Proto-Indo-European,4500 BCE - 2500 BCE
नवन्,*Hnáwa,Proto-Indo-Aryan,2000 BCE - 1500 BCE
नवन्,*Hnáwa,Proto-Indo-Iranian,2200 BCE - 1800 BCE
नवन्,*h₁néwn̥,Proto-Indo-European,4500 BCE - 2500 BCE
सामन्,*sHā́ma,Proto-Indo-Aryan,2000 BCE - 1500 BCE
सामन्,*sHā́ma,Proto-Indo-Iranian,2200 BCE - 1800 BCE
सामन्,*sh₂ómn̥,Proto-Indo-European,4500 BCE - 2500 BCE
छन्दस्,*sḱend-,Proto-Indo-European,4500 BCE - 2500 BCE
ईश्,*h₂eyḱ-,Proto-Indo-European,4500 BCE - 2500 BCE
सोम,*sáwHmas,Proto-Indo-Iranian,2200 BCE - 1800 BCE
नासा,*náHsaH,Proto-Indo-Aryan,2000 BCE - 1500 BCE
नासा,*náHsaH,Proto-Indo-Iranian,2200 BCE - 1800 BCE
नासा,*néh₂s-,Proto-Indo-European,4500 BCE - 2500 BCE
उषस्,*Hušā́s,Proto-Indo-Iranian,2200 BCE - 1800 BCE
उषस्,*h₂éwsōs,Proto-Indo-European,4500 BCE - 2500 BCE
हिमालय,हिम,Sanskrit,1500 BCE - present (liturgical/classical)
हिमालय,आलय,Sanskrit,1500 BCE - present (liturgical/classical)
ऋषि,*ŕ̥ṣiṣ,Proto-Indo-Aryan,2000 BCE - 1500 BCE
ऋषि,*r̥šíš,Proto-Indo-Iranian,2200 BCE - 1800 BCE
ऊर्ध्व,*r̥Hdʰwás,Proto-Indo-Iranian,2200 BCE - 1800 BCE
ऊर्ध्व,*h₃erdʰ-,Proto-Indo-European,4500 BCE - 2500 BCE
अपर,*h₂epero-,Proto-Indo-European,4500 BCE - 2500 BCE
क्षप्,*kṣáps,Proto-Indo-Aryan,2000 BCE - 1500 BCE
क्षप्,*kšáps,Proto-Indo-Iranian,2200 BCE - 1800 BCE
क्षप्,*kʷséps,Proto-Indo-European,4500 BCE - 2500 BCE
जनस्,*ȷ́ánHas,Proto-Indo-Aryan,2000 BCE - 1500 BCE
जनस्,*ȷ́ánHas,Proto-Indo-Iranian,2200 BCE - 1800 BCE
जनस्,*ǵénh₁os,Proto-Indo-European,4500 BCE - 2500 BCE
मल,*málas,Proto-Indo-Aryan,2000 BCE - 1500 BCE
मल,*málas,Proto-Indo-Iranian,2200 BCE - 1800 BCE
युवन्,*HyúHā,Proto-Indo-Iranian,2200 BCE - 1800 BCE
युवन्,*h₂yéwHō,Proto-Indo-European,4500 BCE - 2500 BCE
नपात्,*nápāts,Proto-Indo-Iranian,2200 BCE - 1800 BCE
नपात्,*népōts,Proto-Indo-European,4500 BCE - 2500 BCE
मनु,*mánuṣ,Proto-Indo-Aryan,2000 BCE - 1500 BCE
मनु,*mánuš,Proto-Indo-Iranian,2200 BCE - 1800 BCE
मनु,*men-,Proto-Indo-European,4500 BCE - 2500 BCE
मास,*mā́Has,Proto-Indo-Iranian,2200 BCE - 1800 BCE
मास,*mḗh₁n̥s,Proto-Indo-European,4500 BCE - 2500 BCE
सिन्धु,*síndʰuṣ,Proto-Indo-Aryan,2000 BCE - 1500 BCE
सिन्धु,*síndʰuš,Proto-Indo-Iranian,2200 BCE - 1800 BCE
पृष्ठ,*pr̥štʰás,Proto-Indo-Iranian,2200 BCE - 1800 BCE
सरस्वती,*SáraswatiH,Proto-Indo-Aryan,2000 BCE - 1500 BCE
सरस्वती,*SáraswatiH,Proto-Indo-Iranian,2200 BCE - 1800 BCE
सरस्वती,*séles-wn̥t-ih₂,Proto-Indo-European,4500 BCE - 2500 BCE
राम,*raHmás,Proto-Indo-Iranian,2200 BCE - 1800 BCE
राम,*reh₁mós,Proto-Indo-European,4500 BCE - 2500 BCE
शिव,*ḱey-,Proto-Indo-European,4500 BCE - 2500 BCE
शिव,*ḱewh₁-,Proto-Indo-European,4500 BCE - 2500 BCE
उद्गूर्ण,*gʷelH-,Proto-Indo-European,4500 BCE - 2500 BCE
कर्कट,*karkartas,Proto-Indo-Aryan,2000 BCE - 1500 BCE
कर्कट,*kh₂er-,Proto-Indo-European,4500 BCE - 2500 BCE
ऋद्धि,*h₃erdʰ-,Proto-Indo-European,4500 BCE - 2500 BCE
मृत्यु,*mr̥tyúš,Proto-Indo-Iranian,2200 BCE - 1800 BCE
मृत्यु,*mer-,Proto-Indo-European,4500 BCE - 2500 BCE
असुर,*Hásuras,Proto-Indo-Aryan,2000 BCE - 1500 BCE
असुर,*Hásuras,Proto-Indo-Iranian,2200 BCE - 1800 BCE
असुर,*h₂ems-,Proto-Indo-European,4500 BCE - 2500 BCE
लोह,*Hrawdʰás,Proto-Indo-Iranian,2200 BCE - 1800 BCE
लोह,*h₁rowdʰós,Proto-Indo-European,4500 BCE - 2500 BCE
पर्जन्य,*(s)pregʰ-,Proto-Indo-European,4500 BCE - 2500 BCE
सकृत्,*sakŕ̥t,Proto-Indo-Iranian,2200 BCE - 1800 BCE
सकृत्,*sm̥-kr̥t-,Proto-Indo-European,4500 BCE - 2500 BCE
सर्म,*sármas,Proto-Indo-Aryan,2000 BCE - 1500 BCE
सर्म,*sármas,Proto-Indo-Iranian,2200 BCE - 1800 BCE
सर्म,*sórmos,Proto-Indo-European,4500 BCE - 2500 BCE
लाक्षा,*laḱs-,Proto-Indo-European,4500 BCE - 2500 BCE
सहस्र,*saźʰásram,Proto-Indo-Aryan,2000 BCE - 1500 BCE
सहस्र,*saȷ́ʰásram,Proto-Indo-Iranian,2200 BCE - 1800 BCE
द्रु,*drew-,Proto-Indo-European,4500 BCE - 2500 BCE
सन,*sánas,Proto-Indo-Aryan,2000 BCE - 1500 BCE
सन,*sánas,Proto-Indo-Iranian,2200 BCE - 1800 BCE
सन,*sénos,Proto-Indo-European,4500 BCE - 2500 BCE
ग्रीवा,*griHwáH,Proto-Indo-Aryan,2000 BCE - 1500 BCE
ग्रीवा,*griHwáH,Proto-Indo-Iranian,2200 BCE - 1800 BCE
ग्रीवा,*gʷriHwéh₂,Proto-Indo-European,4500 BCE - 2500 BCE
मणि,*maníṣ,Proto-Indo-Aryan,2000 BCE - 1500 BCE
मणि,*maníš,Proto-Indo-Iranian,2200 BCE - 1800 BCE
बिन्दु,*bindúṣ,Proto-Indo-Aryan,2000 BCE - 1500 BCE
विष,*wiṣás,Proto-Indo-Aryan,2000 BCE - 1500 BCE
विष,*wišás,Proto-Indo-Iranian,2200 BCE - 1800 BCE
विष,*wisós,Proto-Indo-European,4500 BCE - 2500 BCE
तन्तु,*tántuṣ,Proto-Indo-Aryan,2000 BCE - 1500 BCE
तन्तु,*tántuš,Proto-Indo-Iranian,2200 BCE - 1800 BCE
नाग,𒀭𒈾,Sumerian,not available
नाग,*negʷ-,Proto-Indo-European,4500 BCE - 2500 BCE
केतु,*kaytúṣ,Proto-Indo-Aryan,2000 BCE - 1500 BCE
केतु,*kaytúš,Proto-Indo-Iranian,2200 BCE - 1800 BCE
शरण,*śaranás,Proto-Indo-Aryan,2000 BCE - 1500 BCE
शरण,*ćaranás,Proto-Indo-Iranian,2200 BCE - 1800 BCE
शरण,*ḱel-,Proto-Indo-European,4500 BCE - 2500 BCE
भक्ति,*bʰaktíṣ,Proto-Indo-Aryan,2000 BCE - 1500 BCE
भक्ति,*bʰaktíš,Proto-Indo-Iranian,2200 BCE - 1800 BCE
भक्ति,*bʰeh₂g-,Proto-Indo-European,4500 BCE - 2500 BCE
सिद्धार्थ,सिद्ध,Sanskrit,1500 BCE - present (liturgical/classical)
सिद्धार्थ,अर्थ,Sanskrit,1500 BCE - present (liturgical/classical)
वास्तु,*Hwā́stu,Proto-Indo-Aryan,2000 BCE - 1500 BCE
वास्तु,*Hwā́stu,Proto-Indo-Iranian,2200 BCE - 1800 BCE
वास्तु,*h₂wóstu,Proto-Indo-European,4500 BCE - 2500 BCE
वसु,*Hwásuš,Proto-Indo-Iranian,2200 BCE - 1800 BCE
वसु,*h₁wésus,Proto-Indo-European,4500 BCE - 2500 BCE
साधु,*sáHdʰuš,Proto-Indo-Iranian,2200 BCE - 1800 BCE
साध्य,*sáHdʰati,Proto-Indo-Iranian,2200 BCE - 1800 BCE
गोपाल,*gʷṓws,Proto-Indo-European,4500 BCE - 2500 BCE
प्रथस्,*prátʰas,Proto-Indo-Aryan,2000 BCE - 1500 BCE
प्रथस्,*prátʰas,Proto-Indo-Iranian,2200 BCE - 1800 BCE
प्रथस्,*pléth₂os,Proto-Indo-European,4500 BCE - 2500 BCE
सूकर,*suH-,Proto-Indo-Iranian,2200 BCE - 1800 BCE
सूकर,*suH-,Proto-Indo-European,4500 BCE - 2500 BCE
ऋष्व,*Hr̥šwás,Proto-Indo-Iranian,2200 BCE - 1800 BCE
विधवा,*HwidʰáwaH,Proto-Indo-Iranian,2200 BCE - 1800 BCE
विधवा,*h₁widʰéwh₂,Proto-Indo-European,4500 BCE - 2500 BCE
अङ्कस्,*Hánkas,Proto-Indo-Aryan,2000 BCE - 1500 BCE
अङ्कस्,*Hánkas,Proto-Indo-Iranian,2200 BCE - 1800 BCE
अङ्कस्,*h₂énkos,Proto-Indo-European,4500 BCE - 2500 BCE
तायु,*(s)taHyúṣ,Proto-Indo-Aryan,2000 BCE - 1500 BCE
तायु,*(s)taHyúš,Proto-Indo-Iranian,2200 BCE - 1800 BCE
तायु,*(s)teh₂y-,Proto-Indo-European,4500 BCE - 2500 BCE
क्षिति,*gẓʰítiṣ,Proto-Indo-Aryan,2000 BCE - 1500 BCE
क्षिति,*gžʰítiš,Proto-Indo-Iranian,2200 BCE - 1800 BCE
क्षिति,*dʰgʷʰítis,Proto-Indo-European,4500 BCE - 2500 BCE
क्षिति,*ṭṣítiṣ,Proto-Indo-Aryan,2000 BCE - 1500 BCE
क्षिति,*ćšítiš,Proto-Indo-Iranian,2200 BCE - 1800 BCE
अङ्गुरि,*Hanguri-,Proto-Indo-Iranian,2200 BCE - 1800 BCE
अङ्गुरि,*h₂eng-ul-,Proto-Indo-European,4500 BCE - 2500 BCE
वृषभ,*(w)r̥šabʰás,Proto-Indo-Iranian,2200 BCE - 1800 BCE
सृगाल,*śr̥gālás,Proto-Indo-Aryan,2000 BCE - 1500 BCE
सृगाल,*ćárguš,Proto-Indo-Iranian,2200 BCE - 1800 BCE
घोटक,*kHutt-,Proto-Dravidian,3000 BCE - 1500 BCE (disputed)
क्रोश,*krawć-,Proto-Indo-Iranian,2200 BCE - 1800 BCE
मुख,*múkʰam,Proto-Indo-Aryan,2000 BCE - 1500 BCE
मुख,*múkʰam,Proto-Indo-Iranian,2200 BCE - 1800 BCE
गोल,*gew-,Proto-Indo-European,4500 BCE - 2500 BCE
वसति,*Hwásati,Proto-Indo-Aryan,2000 BCE - 1500 BCE
वसति,*Hwásati,Proto-Indo-Iranian,2200 BCE - 1800 BCE
वसति,*h₂wéseti,Proto-Indo-European,4500 BCE - 2500 BCE
कतर,*katarás,Proto-Indo-Aryan,2000 BCE - 1500 BCE
कतर,*kátaras,Proto-Indo-Iranian,2200 BCE - 1800 BCE
कतर,*kʷóteros,Proto-Indo-European,4500 BCE - 2500 BCE
क्रव्य,*krawyám,Proto-Indo-Aryan,2000 BCE - 1500 BCE
क्रव्य,*krawyám,Proto-Indo-Iranian,2200 BCE - 1800 BCE
भूमि,*bʰúHmiš,Proto-Indo-Iranian,2200 BCE - 1800 BCE
भूमि,*bʰuH-,Proto-Indo-European,4500 BCE - 2500 BCE
तुच्छ,*tweskʷ-,Proto-Indo-European,4500 BCE - 2500 BCE
अन्तर्,*Hantár,Proto-Indo-Aryan,2000 BCE - 1500 BCE
अन्तर्,*Hantár,Proto-Indo-Iranian,2200 BCE - 1800 BCE
अन्तर्,*h₁entér,Proto-Indo-European,4500 BCE - 2500 BCE
ऋतावन्,*Hr̥táHwants,Proto-Indo-Aryan,2000 BCE - 1500 BCE
ऋतावन्,*Hr̥táHwants,Proto-Indo-Iranian,2200 BCE - 1800 BCE
ऋतावन्,*h₂r̥téh₂-went-s,Proto-Indo-European,4500 BCE - 2500 BCE
ऋतावन्,*h₂er-,Proto-Indo-European,4500 BCE - 2500 BCE
ऋतावन्,*-tós,Proto-Indo-European,4500 BCE - 2500 BCE
आलय,*sley-,Proto-Indo-European,4500 BCE - 2500 BCE
कलम,κάλαμος,Ancient Greek,1500 BCE - 300 BCE
शिष्ट,*śiṣṭás,Proto-Indo-Aryan,2000 BCE - 1500 BCE
गाथा,*gaHtʰáH,Proto-Indo-Aryan,2000 BCE - 1500 BCE
गाथा,*gaHtʰáH,Proto-Indo-Iranian,2200 BCE - 1800 BCE
गाथ,*gaHtʰás,Proto-Indo-Aryan,2000 BCE - 1500 BCE
गाथ,*gaHtʰás,Proto-Indo-Iranian,2200 BCE - 1800 BCE
शस्त्र,*ćastrám,Proto-Indo-Iranian,2200 BCE - 1800 BCE
शस्त्र,*ḱes-,Proto-Indo-European,4500 BCE - 2500 BCE
स्वेद,*swáydas,Proto-Indo-Iranian,2200 BCE - 1800 BCE
स्वेदते,*swáydatay,Proto-Indo-Aryan,2000 BCE - 1500 BCE
स्वेदते,*swáydatay,Proto-Indo-Iranian,2200 BCE - 1800 BCE
मण्डल,*melnd-,Proto-Indo-European,4500 BCE - 2500 BCE
लभते,*lebʰ-,Proto-Indo-European,4500 BCE - 2500 BCE
काल,*kār,Proto-Dravidian,3000 BCE - 1500 BCE (disputed)
जुहू,*ȷ́uźʰúHs,Proto-Indo-Aryan,2000 BCE - 1500 BCE
जुहू,*ȷ́iȷ́ʰwáH,Proto-Indo-Iranian,2200 BCE - 1800 BCE
जुहू,*dn̥ǵʰwéh₂s,Proto-Indo-European,4500 BCE - 2500 BCE
त्रिंशत्,*triHśát,Proto-Indo-Aryan,2000 BCE - 1500 BCE
त्रिंशत्,*triHćát,Proto-Indo-Iranian,2200 BCE - 1800 BCE
त्रिंशत्,*tridḱómt,Proto-Indo-European,4500 BCE - 2500 BCE
चत्वारिंशत्,*ćatwārHśát,Proto-Indo-Aryan,2000 BCE - 1500 BCE
चत्वारिंशत्,*čatwārHćát,Proto-Indo-Iranian,2200 BCE - 1800 BCE
चत्वारिंशत्,*kʷetwr̥h₁ḱomt,Proto-Indo-European,4500 BCE - 2500 BCE
पञ्चाशत्,*pančaHćát,Proto-Indo-Iranian,2200 BCE - 1800 BCE
पञ्चाशत्,*pénkʷedḱomt,Proto-Indo-European,4500 BCE - 2500 BCE
विंशति,*HwiHćatí,Proto-Indo-Iranian,2200 BCE - 1800 BCE
विंशति,*h₁wih₁ḱm̥ti,Proto-Indo-European,4500 BCE - 2500 BCE
ईषा,*HiHsáH,Proto-Indo-Aryan,2000 BCE - 1500 BCE
ईषा,*HiHsáH,Proto-Indo-Iranian,2200 BCE - 1800 BCE
ईषा,*h₂iHséh₂,Proto-Indo-European,4500 BCE - 2500 BCE
रोच,*rawćás,Proto-Indo-Aryan,2000 BCE - 1500 BCE
रोच,*rawčás,Proto-Indo-Iranian,2200 BCE - 1800 BCE
आविस्,*Hāwíṣ,Proto-Indo-Aryan,2000 BCE - 1500 BCE
आविस्,*Hāwíš,Proto-Indo-Iranian,2200 BCE - 1800 BCE
आविस्,*h₂owís,Proto-Indo-European,4500 BCE - 2500 BCE
धरति,*dʰárati,Proto-Indo-Aryan,2000 BCE - 1500 BCE
धरति,*dʰárati,Proto-Indo-Iranian,2200 BCE - 1800 BCE
कनीन,*kaníHnas,Proto-Indo-Aryan,2000 BCE - 1500 BCE
कनीन,*kaníHnas,Proto-Indo-Iranian,2200 BCE - 1800 BCE
कनीन,*ken-,Proto-Indo-European,4500 BCE - 2500 BCE
रुधिर,*Hrudʰrás,Proto-Indo-Aryan,2000 BCE - 1500 BCE
रुधिर,*Hrudʰrás,Proto-Indo-Iranian,2200 BCE - 1800 BCE
रुधिर,*h₁rudʰrós,Proto-Indo-European,4500 BCE - 2500 BCE
सा,*séh₂,Proto-Indo-European,4500 BCE - 2500 BCE
तर्क,*tarkás,Proto-Indo-Aryan,2000 BCE - 1500 BCE
तर्क,*tarkás,Proto-Indo-Iranian,2200 BCE - 1800 BCE
तर्क,*telkʷ-,Proto-Indo-European,4500 BCE - 2500 BCE
तर्क,*terkʷ-,Proto-Indo-European,4500 BCE - 2500 BCE
जुष्ट,*ȷ́uṣṭás,Proto-Indo-Aryan,2000 BCE - 1500 BCE
जुष्ट,*ȷ́uštás,Proto-Indo-Iranian,2200 BCE - 1800 BCE
दृष्टि,*dŕ̥ṣṭiṣ,Proto-Indo-Aryan,2000 BCE - 1500 BCE
दृष्टि,*dŕ̥štiš,Proto-Indo-Iranian,2200 BCE - 1800 BCE
दृष्टि,*derḱ-,Proto-Indo-European,4500 BCE - 2500 BCE
वसन्त,*wásr̥,Proto-Indo-Iranian,2200 BCE - 1800 BCE
श्रद्दधाति,*ḱréddʰh₁eti,Proto-Indo-European,4500 BCE - 2500 BCE
मृदु,*mr̥dúṣ,Proto-Indo-Aryan,2000 BCE - 1500 BCE
मृदु,*mr̥dúš,Proto-Indo-Iranian,2200 BCE - 1800 BCE
मृदु,*ml̥dus,Proto-Indo-European,4500 BCE - 2500 BCE
द्वीप,*dwiHpás,Proto-Indo-Iranian,2200 BCE - 1800 BCE
वणिज्,*wen(h₁)-h₂ǵ-,Proto-Indo-European,4500 BCE - 2500 BCE
पुरु,*pr̥Húṣ,Proto-Indo-Aryan,2000 BCE - 1500 BCE
पुरु,*pr̥Húš,Proto-Indo-Iranian,2200 BCE - 1800 BCE
पुरु,*pl̥h₁ús,Proto-Indo-European,4500 BCE - 2500 BCE
अन्त,*h₂ent-,Proto-Indo-European,4500 BCE - 2500 BCE
भृष्टि,*bʰr̥ṣṭíṣ,Proto-Indo-Aryan,2000 BCE - 1500 BCE
भृष्टि,*bʰr̥štíš,Proto-Indo-Iranian,2200 BCE - 1800 BCE
जघन,*ǵʰongʰ-,Proto-Indo-European,4500 BCE - 2500 BCE
द्युम्न,*dyumnám,Proto-Indo-Iranian,2200 BCE - 1800 BCE
द्युम्न,*dyḗws,Proto-Indo-European,4500 BCE - 2500 BCE
दन्त,*Hdánts,Proto-Indo-Iranian,2200 BCE - 1800 BCE
दन्त,*h₃dónts,Proto-Indo-European,4500 BCE - 2500 BCE
काफी,काफ़ी,Hindi,not available
काफी,coffee,English,1550 CE - present
काफी,koffie,Dutch,1500 CE - present
काफी,caffè,Italian,1400 CE - present
काफी,قهوه,Ottoman Turkish,not available
काफी,قَهْوَة,Arabic,600 CE - present
सुन्दर,*(H)su-Hnar-a-,Proto-Indo-Iranian,2200 BCE - 1800 BCE
शास्त्र,*śāstra,Proto-Indo-Aryan,2000 BCE - 1500 BCE
शास्त्र,*ḱeh₁s-,Proto-Indo-European,4500 BCE - 2500 BCE
रवि,*h₂rewi-,Proto-Indo-European,4500 BCE - 2500 BCE
रोग,*lewg-,Proto-Indo-European,4500 BCE - 2500 BCE
चन्द्रबिन्दु,चन्द्र,Sanskrit,1500 BCE - present (liturgical/classical)
चन्द्रबिन्दु,बिन्दु,Sanskrit,1500 BCE - present (liturgical/classical)
लिपि,𐨡𐨁𐨤𐨁,Ashokan Prakrit,300 BCE - 100 BCE
लिपि,𐎮𐎡𐎱𐎡,Old Persian,600 BCE - 300 BCE
लिपि,𒁾,Elamite,not available
लिपि,𒁾,Akkadian,not available
लिपि,𒁾,Sumerian,not available
काली,*kār-,Proto-Dravidian,3000 BCE - 1500 BCE (disputed)
कपाल,*kapā́las,Proto-Indo-Aryan,2000 BCE - 1500 BCE
कपाल,*kapā́las,Proto-Indo-Iranian,2200 BCE - 1800 BCE
कपाल,*káp-ōl,Proto-Indo-European,4500 BCE - 2500 BCE
लज्जा,*lazȷ́-,Proto-Indo-Aryan,2000 BCE - 1500 BCE
वर्णमाला,वर्ण,Sanskrit,1500 BCE - present (liturgical/classical)
वर्णमाला,माला,Sanskrit,1500 BCE - present (liturgical/classical)
सम,*samHás,Proto-Indo-Iranian,2200 BCE - 1800 BCE
सम,*somHós,Proto-Indo-European,4500 BCE - 2500 BCE
अन-,*n̥-,Proto-Indo-European,4500 BCE - 2500 BCE
अ-,*a-,Proto-Indo-Iranian,2200 BCE - 1800 BCE
अ-,*n̥-,Proto-Indo-European,4500 BCE - 2500 BCE
अ-,*Há-,Proto-Indo-Iranian,2200 BCE - 1800 BCE
अ-,*h₁é,Proto-Indo-European,4500 BCE - 2500 BCE
बोधि,*bawdʰíṣ,Proto-Indo-Aryan,2000 BCE - 1500 BCE
बोधि,*bʰawdʰíš,Proto-Indo-Iranian,2200 BCE - 1800 BCE
बोधि,*bʰewdʰ-,Proto-Indo-European,4500 BCE - 2500 BCE
व्याघ्र,*wiHaHagʰrás,Proto-Indo-Aryan,2000 BCE - 1500 BCE
व्याघ्र,*wiHaHagʰrás,Proto-Indo-Iranian,2200 BCE - 1800 BCE
विष्णु,*weys-,Proto-Indo-European,4500 BCE - 2500 BCE
गृणाति,*gr̥náHti,Proto-Indo-Aryan,2000 BCE - 1500 BCE
गृणाति,*gr̥náHti,Proto-Indo-Iranian,2200 BCE - 1800 BCE
राज्ञी,*h₃rḗǵnih₂,Proto-Indo-European,4500 BCE - 2500 BCE
श्याम,*ćyaHmás,Proto-Indo-Iranian,2200 BCE - 1800 BCE
वर,*wáras,Proto-Indo-Aryan,2000 BCE - 1500 BCE
वर,*wáras,Proto-Indo-Iranian,2200 BCE - 1800 BCE
वर,*wer-,Proto-Indo-European,4500 BCE - 2500 BCE
वर,*welh₁-,Proto-Indo-European,4500 BCE - 2500 BCE
यद्,*Hyás,Proto-Indo-Aryan,2000 BCE - 1500 BCE
यद्,*Hyás,Proto-Indo-Iranian,2200 BCE - 1800 BCE
यद्,*Hyós,Proto-Indo-European,4500 BCE - 2500 BCE
अश्वा,*HáśwaH,Proto-Indo-Aryan,2000 BCE - 1500 BCE
अश्वा,*HáćwaH,Proto-Indo-Iranian,2200 BCE - 1800 BCE
अश्वा,*h₁éḱweh₂,Proto-Indo-European,4500 BCE - 2500 BCE
राशि,*rāśíṣ,Proto-Indo-Aryan,2000 BCE - 1500 BCE
राशि,*rāćíš,Proto-Indo-Iranian,2200 BCE - 1800 BCE
देवभाषा,देव,Sanskrit,1500 BCE - present (liturgical/classical)
देवभाषा,भाषा,Sanskrit,1500 BCE - present (liturgical/classical)
देवभाषा,देवभाषा,Hindi,not available
मलिक,مَلِك,Arabic,600 CE - present
रहस्य,*raȷ́ʰ-,Proto-Indo-Iranian,2200 BCE - 1800 BCE
चीन,秦,Old Chinese,not available
ध्वज,*dʰwōg-,Proto-Indo-European,4500 BCE - 2500 BCE
रक्षा,*h₂lek-,Proto-Indo-European,4500 BCE - 2500 BCE
जल,*ȷ́alám,Proto-Indo-Aryan,2000 BCE - 1500 BCE
सहोदर,सह,Sanskrit,1500 BCE - present (liturgical/classical)
सहोदर,उदर,Sanskrit,1500 BCE - present (liturgical/classical)
विश्पति,*wiśpátiṣ,Proto-Indo-Aryan,2000 BCE - 1500 BCE
विश्पति,*wićpátiš,Proto-Indo-Iranian,2200 BCE - 1800 BCE
विश्पति,*wiḱpótis,Proto-Indo-European,4500 BCE - 2500 BCE
मर्मन्,*mr̥meno-,Proto-Indo-European,4500 BCE - 2500 BCE
नड,*nedo-,Proto-Indo-European,4500 BCE - 2500 BCE
रजस्,*h₁régʷos,Proto-Indo-European,4500 BCE - 2500 BCE
उक्ति,*uktíṣ,Proto-Indo-Aryan,2000 BCE - 1500 BCE
उक्ति,*uktíš,Proto-Indo-Iranian,2200 BCE - 1800 BCE
उक्त,*uktás,Proto-Indo-Aryan,2000 BCE - 1500 BCE
उक्त,*uktás,Proto-Indo-Iranian,2200 BCE - 1800 BCE
बर्हिस्,*barźʰíṣ,Proto-Indo-Aryan,2000 BCE - 1500 BCE
बर्हिस्,*bʰarȷ́ʰíš,Proto-Indo-Iranian,2200 BCE - 1800 BCE
बर्हिस्,*bʰelǵʰ-,Proto-Indo-European,4500 BCE - 2500 BCE
कृप्,*kŕ̥ps,Proto-Indo-Aryan,2000 BCE - 1500 BCE
कृप्,*kŕ̥ps,Proto-Indo-Iranian,2200 BCE - 1800 BCE
द्वेष्टि,*dwáyṣṭi,Proto-Indo-Aryan,2000 BCE - 1500 BCE
द्वेष्टि,*dwáyšti,Proto-Indo-Iranian,2200 BCE - 1800 BCE
द्वेष्टि,*dwey-,Proto-Indo-European,4500 BCE - 2500 BCE
भनति,*bʰánati,Proto-Indo-Aryan,2000 BCE - 1500 BCE
भनति,*bʰánati,Proto-Indo-Iranian,2200 BCE - 1800 BCE
डमरु,*ḍamaru,Proto-Dravidian,3000 BCE - 1500 BCE (disputed)
तूष्णीम्,*tuHṣṇíHm,Proto-Indo-Aryan,2000 BCE - 1500 BCE
तूष्णीम्,*tuHšníHm,Proto-Indo-Iranian,2200 BCE - 1800 BCE
तूष्णीम्,*tuh₂s-n-,Proto-Indo-European,4500 BCE - 2500 BCE
वज्र,*wáȷ́ras,Proto-Indo-Aryan,2000 BCE - 1500 BCE
वज्र,*wáȷ́ras,Proto-Indo-Iranian,2200 BCE - 1800 BCE
वज्र,*weǵ-,Proto-Indo-European,4500 BCE - 2500 BCE
यज्ञ,*Hyaȷ́nás,Proto-Indo-Iranian,2200 BCE - 1800 BCE
सत्संग,सत्,Sanskrit,1500 BCE - present (liturgical/classical)
सत्संग,सङ्ग,Sanskrit,1500 BCE - present (liturgical/classical)
कालिदास,काली,Sanskrit,1500 BCE - present (liturgical/classical)
कालिदास,दास,Sanskrit,1500 BCE - present (liturgical/classical)
वृत्त,*wert-,Proto-Indo-European,4500 BCE - 2500 BCE
ष्ठीवति,*sp(t)yewH-,Proto-Indo-European,4500 BCE - 2500 BCE
अन्ताराष्ट्रिय,अन्तर्,Sanskrit,1500 BCE - present (liturgical/classical)
अन्ताराष्ट्रिय,राष्ट्रीय,Sanskrit,1500 BCE - present (liturgical/classical)
शारद,*śāradás,Proto-Indo-Aryan,2000 BCE - 1500 BCE
शारद,*ćarHád-,Proto-Indo-Iranian,2200 BCE - 1800 BCE
शारद,*ḱelh₁-,Proto-Indo-European,4500 BCE - 2500 BCE
अद्रि,*Hádriṣ,Proto-Indo-Aryan,2000 BCE - 1500 BCE
अद्रि,*Hádriš,Proto-Indo-Iranian,2200 BCE - 1800 BCE
वर्तते,*wártatay,Proto-Indo-Aryan,2000 BCE - 1500 BCE
वर्तते,*wártatay,Proto-Indo-Iranian,2200 BCE - 1800 BCE
वर्तते,*wert-,Proto-Indo-European,4500 BCE - 2500 BCE
वर्ण,*wárnas,Proto-Indo-Iranian,2200 BCE - 1800 BCE
वर्ण,*welh₁-,Proto-Indo-European,4500 BCE - 2500 BCE
पुर्,*pŕ̥H,Proto-Indo-Aryan,2000 BCE - 1500 BCE
पुर्,*pŕ̥H,Proto-Indo-Iranian,2200 BCE - 1800 BCE
पुर्,*tpelH-,Proto-Indo-European,4500 BCE - 2500 BCE
स्मयते,*smáyatay,Proto-Indo-Aryan,2000 BCE - 1500 BCE
स्मयते,*smáyatay,Proto-Indo-Iranian,2200 BCE - 1800 BCE
स्मयते,*smey-,Proto-Indo-European,4500 BCE - 2500 BCE
रक्षोहन्,राक्षस,Sanskrit,1500 BCE - present (liturgical/classical)
रक्षोहन्,हन्,Sanskrit,1500 BCE - present (liturgical/classical)
श्रद्धा,*ćradᶻdʰáH,Proto-Indo-Iranian,2200 BCE - 1800 BCE
प्रजापति,प्रजा,Sanskrit,1500 BCE - present (liturgical/classical)
प्रजापति,पति,Sanskrit,1500 BCE - present (liturgical/classical)
धातृ,*dʰaHtā́,Proto-Indo-Aryan,2000 BCE - 1500 BCE
धातृ,*dʰaHtā́,Proto-Indo-Iranian,2200 BCE - 1800 BCE
मन्यु,*manyúṣ,Proto-Indo-Aryan,2000 BCE - 1500 BCE
मन्यु,*manyúš,Proto-Indo-Iranian,2200 BCE - 1800 BCE
अघ्न्या,*agʰnyáH,Proto-Indo-Iranian,2200 BCE - 1800 BCE
अघ्न्या,*gʷʰen-,Proto-Indo-European,4500 BCE - 2500 BCE
दस्यु,*dásyuš-,Proto-Indo-Iranian,2200 BCE - 1800 BCE
दस्यु,*des-,Proto-Indo-European,4500 BCE - 2500 BCE
सुर,*h₂ems-,Proto-Indo-European,4500 BCE - 2500 BCE
दास,*dásyuš-,Proto-Indo-Iranian,2200 BCE - 1800 BCE
दास,*des-,Proto-Indo-European,4500 BCE - 2500 BCE
सूक्त,*Hsūktás,Proto-Indo-Aryan,2000 BCE - 1500 BCE
सूक्त,*Hsūktás,Proto-Indo-Iranian,2200 BCE - 1800 BCE
सूक्त,सु-,Sanskrit,1500 BCE - present (liturgical/classical)
सूक्त,उक्त,Sanskrit,1500 BCE - present (liturgical/classical)
असत्,*áHsant,Proto-Indo-Aryan,2000 BCE - 1500 BCE
असत्,*áHsant,Proto-Indo-Iranian,2200 BCE - 1800 BCE
यव,*yáwas,Proto-Indo-Iranian,2200 BCE - 1800 BCE
यव,*yéwos,Proto-Indo-European,4500 BCE - 2500 BCE
न्यग्रोध,*(h₁)ni,Proto-Indo-European,4500 BCE - 2500 BCE
वराह,*warāȷ́ʰás,Proto-Indo-Iranian,2200 BCE - 1800 BCE
महिष,*maźʰiṣás,Proto-Indo-Aryan,2000 BCE - 1500 BCE
महिष,*maȷ́ʰišás,Proto-Indo-Iranian,2200 BCE - 1800 BCE
वानर,वन,Sanskrit,1500 BCE - present (liturgical/classical)
वानर,नर,Sanskrit,1500 BCE - present (liturgical/classical)
शुक,*kū-,Proto-Indo-European,4500 BCE - 2500 BCE
ग्राम,*grā́mas,Proto-Indo-Aryan,2000 BCE - 1500 BCE
ग्राम,*grā́mas,Proto-Indo-Iranian,2200 BCE - 1800 BCE
ग्राम,*h₂ger-,Proto-Indo-European,4500 BCE - 2500 BCE
ऋण,*Hr̥nás,Proto-Indo-Iranian,2200 BCE - 1800 BCE
अरित्र,*HárHtram,Proto-Indo-Aryan,2000 BCE - 1500 BCE
अरित्र,*HárHtram,Proto-Indo-Iranian,2200 BCE - 1800 BCE
रसा,*HrásaH,Proto-Indo-Aryan,2000 BCE - 1500 BCE
रसा,*HrásaH,Proto-Indo-Iranian,2200 BCE - 1800 BCE
रसा,*h₁róseh₂,Proto-Indo-European,4500 BCE - 2500 BCE
-इक,*-kos,Proto-Indo-European,4500 BCE - 2500 BCE
भेषज,*bʰayšaȷ́ás,Proto-Indo-Iranian,2200 BCE - 1800 BCE
यातु,*yaHtúš,Proto-Indo-Iranian,2200 BCE - 1800 BCE
यातु,*yeh₁-,Proto-Indo-European,4500 BCE - 2500 BCE
पुरोहित,पुरस्,Sanskrit,1500 BCE - present (liturgical/classical)
पुरोहित,हित,Sanskrit,1500 BCE - present (liturgical/classical)
पुरोहित,*ǵʰey-,Proto-Indo-European,4500 BCE - 2500 BCE
अर्थवाद,अर्थ,Sanskrit,1500 BCE - present (liturgical/classical)
अर्थवाद,वाद,Sanskrit,1500 BCE - present (liturgical/classical)
उप,*úpa,Proto-Indo-Aryan,2000 BCE - 1500 BCE
उप,*úpa,Proto-Indo-Iranian,2200 BCE - 1800 BCE
उप,*upó,Proto-Indo-European,4500 BCE - 2500 BCE
नि,*ní,Proto-Indo-Aryan,2000 BCE - 1500 BCE
नि,*ní,Proto-Indo-Iranian,2200 BCE - 1800 BCE
नि,*(h₁)ni,Proto-Indo-European,4500 BCE - 2500 BCE
नि,*h₁én,Proto-Indo-European,4500 BCE - 2500 BCE
सद्,*sed-,Proto-Indo-European,4500 BCE - 2500 BCE
अग्निष्टोम,अग्नि,Sanskrit,1500 BCE - present (liturgical/classical)
अग्निष्टोम,स्तोम,Sanskrit,1500 BCE - present (liturgical/classical)
गवामयन,गवाम्,Sanskrit,1500 BCE - present (liturgical/classical)
गवामयन,अयन,Sanskrit,1500 BCE - present (liturgical/classical)
द्वादशाह,द्वादश,Sanskrit,1500 BCE - present (liturgical/classical)
द्वादशाह,अह,Sanskrit,1500 BCE - present (liturgical/classical)
अग्निहोत्र,अग्नि,Sanskrit,1500 BCE - present (liturgical/classical)
अग्निहोत्र,होत्र,Sanskrit,1500 BCE - present (liturgical/classical)
अग्न्याधान,अग्नि,Sanskrit,1500 BCE - present (liturgical/classical)
अग्न्याधान,आधान,Sanskrit,1500 BCE - present (liturgical/classical)
प्रतिबुद्ध,प्रति,Sanskrit,1500 BCE - present (liturgical/classical)
प्रतिबुद्ध,बुद्ध,Sanskrit,1500 BCE - present (liturgical/classical)
ज्ञानकाण्ड,ज्ञान,Sanskrit,1500 BCE - present (liturgical/classical)
ज्ञानकाण्ड,काण्ड,Sanskrit,1500 BCE - present (liturgical/classical)
कर्मकाण्ड,कर्मन्,Sanskrit,1500 BCE - present (liturgical/classical)
कर्मकाण्ड,काण्ड,Sanskrit,1500 BCE - present (liturgical/classical)
आत्मन्,*HáHtmā,Proto-Indo-Aryan,2000 BCE - 1500 BCE
आत्मन्,*HáHtmā,Proto-Indo-Iranian,2200 BCE - 1800 BCE
देवयान,देव,Sanskrit,1500 BCE - present (liturgical/classical)
देवयान,यान,Sanskrit,1500 BCE - present (liturgical/classical)
पितृयाण,पितृ,Sanskrit,1500 BCE - present (liturgical/classical)
पितृयाण,यान,Sanskrit,1500 BCE - present (liturgical/classical)
प्रज्ञात्मन्,प्रज्ञा,Sanskrit,1500 BCE - present (liturgical/classical)
प्रज्ञात्मन्,आत्मन्,Sanskrit,1500 BCE - present (liturgical/classical)
उक्थ,*Huktʰám,Proto-Indo-Aryan,2000 BCE - 1500 BCE
उक्थ,*Huktʰám,Proto-Indo-Iranian,2200 BCE - 1800 BCE
जीवात्मन्,जीव,Sanskrit,1500 BCE - present (liturgical/classical)
जीवात्मन्,आत्मन्,Sanskrit,1500 BCE - present (liturgical/classical)
भूमन्,*bʰúHma,Proto-Indo-Aryan,2000 BCE - 1500 BCE
भूमन्,*bʰúHma,Proto-Indo-Iranian,2200 BCE - 1800 BCE
गर्भधारण,गर्भ,Sanskrit,1500 BCE - present (liturgical/classical)
गर्भधारण,धारण,Sanskrit,1500 BCE - present (liturgical/classical)
स्वर्,*súHar,Proto-Indo-Iranian,2200 BCE - 1800 BCE
स्वर्,*sóh₂wl̥,Proto-Indo-European,4500 BCE - 2500 BCE
खिलकाण्ड,खिल,Sanskrit,1500 BCE - present (liturgical/classical)
खिलकाण्ड,काण्ड,Sanskrit,1500 BCE - present (liturgical/classical)
वंश,*wanśás,Proto-Indo-Aryan,2000 BCE - 1500 BCE
वंश,*wanćás,Proto-Indo-Iranian,2200 BCE - 1800 BCE
मधुकाण्ड,मधु,Sanskrit,1500 BCE - present (liturgical/classical)
मधुकाण्ड,काण्ड,Sanskrit,1500 BCE - present (liturgical/classical)
वेदि,*weyd-,Proto-Indo-European,4500 BCE - 2500 BCE
अग्न्याधेय,अग्नि,Sanskrit,1500 BCE - present (liturgical/classical)
अग्न्याधेय,आधेय,Sanskrit,1500 BCE - present (liturgical/classical)
दर्शपूर्णमास,दर्श,Sanskrit,1500 BCE - present (liturgical/classical)
दर्शपूर्णमास,पूर्ण,Sanskrit,1500 BCE - present (liturgical/classical)
दर्शपूर्णमास,मास,Sanskrit,1500 BCE - present (liturgical/classical)
चातुर्मास्य,चतुर्,Sanskrit,1500 BCE - present (liturgical/classical)
चातुर्मास्य,मास्य,Sanskrit,1500 BCE - present (liturgical/classical)
उखा,*aukw-,Proto-Indo-European,4500 BCE - 2500 BCE
पाकयज्ञ,पाक,Sanskrit,1500 BCE - present (liturgical/classical)
पाकयज्ञ,यज्ञ,Sanskrit,1500 BCE - present (liturgical/classical)
जातकर्मन्,जात,Sanskrit,1500 BCE - present (liturgical/classical)
जातकर्मन्,कर्मन्,Sanskrit,1500 BCE - present (liturgical/classical)
नामकरण,नाम,Sanskrit,1500 BCE - present (liturgical/classical)
नामकरण,करण,Sanskrit,1500 BCE - present (liturgical/classical)
शर्मन्,*śárma,Proto-Indo-Aryan,2000 BCE - 1500 BCE
शर्मन्,*ćárma,Proto-Indo-Iranian,2200 BCE - 1800 BCE
गुप्त,*guptás,Proto-Indo-Aryan,2000 BCE - 1500 BCE
गुप्त,*guptás,Proto-Indo-Iranian,2200 BCE - 1800 BCE
गोदान,गो,Sanskrit,1500 BCE - present (liturgical/classical)
गोदान,दान,Sanskrit,1500 BCE - present (liturgical/classical)
ब्रह्मयज्ञ,ब्रह्मन्,Sanskrit,1500 BCE - present (liturgical/classical)
ब्रह्मयज्ञ,यज्ञ,Sanskrit,1500 BCE - present (liturgical/classical)
देवयज्ञ,देव,Sanskrit,1500 BCE - present (liturgical/classical)
देवयज्ञ,यज्ञ,Sanskrit,1500 BCE - present (liturgical/classical)
पितृयज्ञ,पितृ,Sanskrit,1500 BCE - present (liturgical/classical)
पितृयज्ञ,यज्ञ,Sanskrit,1500 BCE - present (liturgical/classical)
भूतयज्ञ,भूत,Sanskrit,1500 BCE - present (liturgical/classical)
भूतयज्ञ,यज्ञ,Sanskrit,1500 BCE - present (liturgical/classical)
मनुष्ययज्ञ,मनुष्य,Sanskrit,1500 BCE - present (liturgical/classical)
मनुष्ययज्ञ,यज्ञ,Sanskrit,1500 BCE - present (liturgical/classical)
सपिण्ड,स,Sanskrit,1500 BCE - present (liturgical/classical)
सपिण्ड,पिण्ड,Sanskrit,1500 BCE - present (liturgical/classical)
पितृमेध,पितृ,Sanskrit,1500 BCE - present (liturgical/classical)
पितृमेध,मेध,Sanskrit,1500 BCE - present (liturgical/classical)
वृषन्,*wŕ̥ṣā,Proto-Indo-Aryan,2000 BCE - 1500 BCE
वृषन्,*(w)ŕ̥šā,Proto-Indo-Iranian,2200 BCE - 1800 BCE
वृषन्,*wérsēn,Proto-Indo-European,4500 BCE - 2500 BCE
कृत्,*(s)ker-,Proto-Indo-European,4500 BCE - 2500 BCE
तद्धित,तद्,Sanskrit,1500 BCE - present (liturgical/classical)
तद्धित,धित,Sanskrit,1500 BCE - present (liturgical/classical)
प्रतीक,*prétih₃kʷo-,Proto-Indo-European,4500 BCE - 2500 BCE
यथोपदेशम्,यथा,Sanskrit,1500 BCE - present (liturgical/classical)
यथोपदेशम्,उपदेश,Sanskrit,1500 BCE - present (liturgical/classical)
पर्वन्,*párwr̥,Proto-Indo-Aryan,2000 BCE - 1500 BCE
पर्वन्,*párwr̥,Proto-Indo-Iranian,2200 BCE - 1800 BCE
पर्वन्,*pérwr̥,Proto-Indo-European,4500 BCE - 2500 BCE
आदिपर्वन्,आदि,Sanskrit,1500 BCE - present (liturgical/classical)
आदिपर्वन्,पर्वन्,Sanskrit,1500 BCE - present (liturgical/classical)
पर्वसंग्रह,पर्वन्,Sanskrit,1500 BCE - present (liturgical/classical)
पर्वसंग्रह,संग्रह,Sanskrit,1500 BCE - present (liturgical/classical)
गदापर्वन्,गदा,Sanskrit,1500 BCE - present (liturgical/classical)
गदापर्वन्,पर्वन्,Sanskrit,1500 BCE - present (liturgical/classical)
स्वयंवर,स्वयम्,Sanskrit,1500 BCE - present (liturgical/classical)
स्वयंवर,वर,Sanskrit,1500 BCE - present (liturgical/classical)
भारतवर्ष,भारत,Sanskrit,1500 BCE - present (liturgical/classical)
भारतवर्ष,वर्ष,Sanskrit,1500 BCE - present (liturgical/classical)
आदिकाव्य,आदि,Sanskrit,1500 BCE - present (liturgical/classical)
आदिकाव्य,काव्य,Sanskrit,1500 BCE - present (liturgical/classical)
कुशीलव,कुश,Sanskrit,1500 BCE - present (liturgical/classical)
कुशीलव,लव,Sanskrit,1500 BCE - present (liturgical/classical)
महाकवि,महत्,Sanskrit,1500 BCE - present (liturgical/classical)
महाकवि,कवि,Sanskrit,1500 BCE - present (liturgical/classical)
महाकाव्य,महत्,Sanskrit,1500 BCE - present (liturgical/classical)
महाकाव्य,काव्य,Sanskrit,1500 BCE - present (liturgical/classical)
चातक,*kʷoḱt-,Proto-Indo-European,4500 BCE - 2500 BCE
नीतिशास्त्र,नीति,Sanskrit,1500 BCE - present (liturgical/classical)
नीतिशास्त्र,शास्त्र,Sanskrit,1500 BCE - present (liturgical/classical)
कृ,*kar-,Proto-Indo-Aryan,2000 BCE - 1500 BCE
कृ,*kar-,Proto-Indo-Iranian,2200 BCE - 1800 BCE
कृ,*kʷer-,Proto-Indo-European,4500 BCE - 2500 BCE
क्रोध,*krawdʰ-,Proto-Indo-Iranian,2200 BCE - 1800 BCE
मृगतृष्णा,मृग,Sanskrit,1500 BCE - present (liturgical/classical)
मृगतृष्णा,तृष्णा,Sanskrit,1500 BCE - present (liturgical/classical)
तृष्णा,*tŕ̥šnas,Proto-Indo-Iranian,2200 BCE - 1800 BCE
वह्,*waźʰ-,Proto-Indo-Aryan,2000 BCE - 1500 BCE
वह्,*waȷ́ʰ-,Proto-Indo-Iranian,2200 BCE - 1800 BCE
वह्,*weǵʰ-,Proto-Indo-European,4500 BCE - 2500 BCE
यदा,*Hyós,Proto-Indo-European,4500 BCE - 2500 BCE
पूर्व,*pr̥Hwás,Proto-Indo-Aryan,2000 BCE - 1500 BCE
पूर्व,*pr̥Hwás,Proto-Indo-Iranian,2200 BCE - 1800 BCE
किम्,*kís,Proto-Indo-Iranian,2200 BCE - 1800 BCE
किम्,*kʷís,Proto-Indo-European,4500 BCE - 2500 BCE
कण,*kánas,Proto-Indo-Aryan,2000 BCE - 1500 BCE
कण,*kánas,Proto-Indo-Iranian,2200 BCE - 1800 BCE
दृश्,*darś-,Proto-Indo-Aryan,2000 BCE - 1500 BCE
दृश्,*darć-,Proto-Indo-Iranian,2200 BCE - 1800 BCE
दृश्,*derḱ-,Proto-Indo-European,4500 BCE - 2500 BCE
दर्शन,*derḱ-,Proto-Indo-European,4500 BCE - 2500 BCE
क्रम,*krā́mHti,Proto-Indo-Iranian,2200 BCE - 1800 BCE
निर्धन,निर्,Sanskrit,1500 BCE - present (liturgical/classical)
निर्धन,धन,Sanskrit,1500 BCE - present (liturgical/classical)
सु-,*Hsu-,Proto-Indo-Aryan,2000 BCE - 1500 BCE
सु-,*Hsu-,Proto-Indo-Iranian,2200 BCE - 1800 BCE
सु-,*h₁su-,Proto-Indo-European,4500 BCE - 2500 BCE
परि,*pári,Proto-Indo-Aryan,2000 BCE - 1500 BCE
परि,*pári,Proto-Indo-Iranian,2200 BCE - 1800 BCE
परि,*per-,Proto-Indo-European,4500 BCE - 2500 BCE
विद्यापति,विद्या,Sanskrit,1500 BCE - present (liturgical/classical)
विद्यापति,पति,Sanskrit,1500 BCE - present (liturgical/classical)
लिङ्गशरीर,लिङ्ग,Sanskrit,1500 BCE - present (liturgical/classical)
लिङ्गशरीर,शरीर,Sanskrit,1500 BCE - present (liturgical/classical)
हेलि,ἥλιος,Ancient Greek,1500 BCE - 300 BCE
आर,Ἄρης,Ancient Greek,1500 BCE - 300 BCE
ज्यौ,Ζεύς,Ancient Greek,1500 BCE - 300 BCE
जामित्र,διάμετρον,Ancient Greek,1500 BCE - 300 BCE
केन्द्र,κέντρον,Ancient Greek,1500 BCE - 300 BCE
जनति,*ȷ́ánati,Proto-Indo-Aryan,2000 BCE - 1500 BCE
जनति,*ȷ́ánati,Proto-Indo-Iranian,2200 BCE - 1800 BCE
कर्षति,*kárṣati,Proto-Indo-Aryan,2000 BCE - 1500 BCE
कर्षति,*káršati,Proto-Indo-Iranian,2200 BCE - 1800 BCE
कर्षति,*kʷéls-e-ti,Proto-Indo-European,4500 BCE - 2500 BCE
विश्,*wíṭṣ,Proto-Indo-Aryan,2000 BCE - 1500 BCE
विश्,*wíćš,Proto-Indo-Iranian,2200 BCE - 1800 BCE
विश्,*weyḱ-,Proto-Indo-European,4500 BCE - 2500 BCE
भी,*bʰíHs,Proto-Indo-Aryan,2000 BCE - 1500 BCE
भी,*bʰayH-,Proto-Indo-Iranian,2200 BCE - 1800 BCE
क्षत्रिय,*kšatríyas,Proto-Indo-Iranian,2200 BCE - 1800 BCE
क्षत्रिय,*tek-,Proto-Indo-European,4500 BCE - 2500 BCE
छाया,*śćaHyáH,Proto-Indo-Iranian,2200 BCE - 1800 BCE
छाया,*(s)ḱeh₃ih₂,Proto-Indo-European,4500 BCE - 2500 BCE
सप्तम,*saptamás,Proto-Indo-Iranian,2200 BCE - 1800 BCE
षष्ठ,*ṣwuṣṭʰás,Proto-Indo-Aryan,2000 BCE - 1500 BCE
षष्ठ,*š(w)uštʰás,Proto-Indo-Iranian,2200 BCE - 1800 BCE
षष्ठ,*swéḱs,Proto-Indo-European,4500 BCE - 2500 BCE
यथा,*HyátʰaH,Proto-Indo-Iranian,2200 BCE - 1800 BCE
यथा,*yós,Proto-Indo-European,4500 BCE - 2500 BCE
शिष्य,शास्,Sanskrit,1500 BCE - present (liturgical/classical)
स्मरति,*smárati,Proto-Indo-Iranian,2200 BCE - 1800 BCE
स्मरति,*(s)mer-,Proto-Indo-European,4500 BCE - 2500 BCE
अतीव,अति,Sanskrit,1500 BCE - present (liturgical/classical)
अतीव,इव,Sanskrit,1500 BCE - present (liturgical/classical)
अङ्ग,*Hángas,Proto-Indo-Aryan,2000 BCE - 1500 BCE
अङ्ग,*Hángas,Proto-Indo-Iranian,2200 BCE - 1800 BCE
अङ्ग,*h₂eng-,Proto-Indo-European,4500 BCE - 2500 BCE
अयम्,*ayám,Proto-Indo-Aryan,2000 BCE - 1500 BCE
अयम्,*ayám,Proto-Indo-Iranian,2200 BCE - 1800 BCE
अयम्,*éy,Proto-Indo-European,4500 BCE - 2500 BCE
अहो,*ahaw,Proto-Indo-Aryan,2000 BCE - 1500 BCE
अहो,*ahaw,Proto-Indo-Iranian,2200 BCE - 1800 BCE
अहो,*ehew,Proto-Indo-European,4500 BCE - 2500 BCE
अत्र,*átra,Proto-Indo-Iranian,2200 BCE - 1800 BCE
अत्र,*h₁e,Proto-Indo-European,4500 BCE - 2500 BCE
तन्,*ten-,Proto-Indo-European,4500 BCE - 2500 BCE
तुद्,*tawd-,Proto-Indo-Aryan,2000 BCE - 1500 BCE
तुद्,*tawd-,Proto-Indo-Iranian,2200 BCE - 1800 BCE
तुद्,*(s)tewd-,Proto-Indo-European,4500 BCE - 2500 BCE
तेजस्,*táyǰas,Proto-Indo-Iranian,2200 BCE - 1800 BCE
तेजस्,"*(s)teyg-
",Proto-Indo-European,4500 BCE - 2500 BCE
महत्,*maźʰā́,Proto-Indo-Aryan,2000 BCE - 1500 BCE
महत्,*maȷ́ʰā́,Proto-Indo-Iranian,2200 BCE - 1800 BCE
महत्,*méǵh₂s,Proto-Indo-European,4500 BCE - 2500 BCE
कच्छप,*kaćyápas,Proto-Indo-Iranian,2200 BCE - 1800 BCE
महात्मन्,महत्,Sanskrit,1500 BCE - present (liturgical/classical)
महात्मन्,आत्मन्,Sanskrit,1500 BCE - present (liturgical/classical)
भक्त,*bʰaktás,Proto-Indo-Iranian,2200 BCE - 1800 BCE
नमस्कार,*némos,Proto-Indo-European,4500 BCE - 2500 BCE
भूत,*bʰuHtás,Proto-Indo-Iranian,2200 BCE - 1800 BCE
मत्त,*matˢtás,Proto-Indo-Iranian,2200 BCE - 1800 BCE
मत्त,*meh₂d-,Proto-Indo-European,4500 BCE - 2500 BCE
मद्यसार,मद्य,Sanskrit,1500 BCE - present (liturgical/classical)
मद्यसार,सार,Sanskrit,1500 BCE - present (liturgical/classical)
मदिरा,*meh₂d-,Proto-Indo-European,4500 BCE - 2500 BCE
महोत्सव,महा,Sanskrit,1500 BCE - present (liturgical/classical)
महोत्सव,उत्सव,Sanskrit,1500 BCE - present (liturgical/classical)
चित्र,*čitrás,Proto-Indo-Iranian,2200 BCE - 1800 BCE
सदा,*sádaH,Proto-Indo-Iranian,2200 BCE - 1800 BCE
सदैव,सदा,Sanskrit,1500 BCE - present (liturgical/classical)
सदैव,एव,Sanskrit,1500 BCE - present (liturgical/classical)
मुक्त,*muktás,Proto-Indo-Iranian,2200 BCE - 1800 BCE
दृढ,*dr̥ẓḍʰás,Proto-Indo-Aryan,2000 BCE - 1500 BCE
दृढ,*dʰr̥ždʰás,Proto-Indo-Iranian,2200 BCE - 1800 BCE
कोप,*káwpas,Proto-Indo-Aryan,2000 BCE - 1500 BCE
कोप,*káwpas,Proto-Indo-Iranian,2200 BCE - 1800 BCE
कोप,*kwep-,Proto-Indo-European,4500 BCE - 2500 BCE
शून्य,*ḱówH-,Proto-Indo-European,4500 BCE - 2500 BCE
रङ्ग,*reg-,Proto-Indo-European,4500 BCE - 2500 BCE
पोत,*peh₂w-,Proto-Indo-European,4500 BCE - 2500 BCE
नास्तिक,न,Sanskrit,1500 BCE - present (liturgical/classical)
नास्तिक,आस्तिक,Sanskrit,1500 BCE - present (liturgical/classical)
केवल,*káywalas,Proto-Indo-Aryan,2000 BCE - 1500 BCE
केवल,*káywalas,Proto-Indo-Iranian,2200 BCE - 1800 BCE
केवल,*kéywelos,Proto-Indo-European,4500 BCE - 2500 BCE
स्वर्ग,*suHargás,Proto-Indo-Aryan,2000 BCE - 1500 BCE
स्वर्ग,*suHargás,Proto-Indo-Iranian,2200 BCE - 1800 BCE
अङ्गुष्ठ,*Hangúštʰas,Proto-Indo-Iranian,2200 BCE - 1800 BCE
अङ्गुष्ठ,*h₂eng-,Proto-Indo-European,4500 BCE - 2500 BCE
दुर्ग,*duẓgás,Proto-Indo-Aryan,2000 BCE - 1500 BCE
सतर्क,स-,Sanskrit,1500 BCE - present (liturgical/classical)
सतर्क,तर्क,Sanskrit,1500 BCE - present (liturgical/classical)
कामना,*keh₂-,Proto-Indo-European,4500 BCE - 2500 BCE
स्नान,*(s)neh₂-,Proto-Indo-European,4500 BCE - 2500 BCE
प्रमाण,*pramaHnam,Proto-Indo-Iranian,2200 BCE - 1800 BCE
सामान्य,समान,Sanskrit,1500 BCE - present (liturgical/classical)
सामान्य,-य,Sanskrit,1500 BCE - present (liturgical/classical)
मूढ,*muẓḍʰás,Proto-Indo-Aryan,2000 BCE - 1500 BCE
मूढ,*muždʰás,Proto-Indo-Iranian,2200 BCE - 1800 BCE
स्था,*steh₂-,Proto-Indo-European,4500 BCE - 2500 BCE
अस्,*Has-,Proto-Indo-Iranian,2200 BCE - 1800 BCE
अस्,*h₁es-,Proto-Indo-European,4500 BCE - 2500 BCE
गम्,*gam-,Proto-Indo-Aryan,2000 BCE - 1500 BCE
गम्,*gam-,Proto-Indo-Iranian,2200 BCE - 1800 BCE
गम्,*gʷem-,Proto-Indo-European,4500 BCE - 2500 BCE
ज्ञा,*ȷ́naH-,Proto-Indo-Aryan,2000 BCE - 1500 BCE
ज्ञा,*ǰnaH-,Proto-Indo-Iranian,2200 BCE - 1800 BCE
ज्ञा,*ǵneh₃-,Proto-Indo-European,4500 BCE - 2500 BCE
नम्,*nem-,Proto-Indo-European,4500 BCE - 2500 BCE
विद्,*wayd-,Proto-Indo-Aryan,2000 BCE - 1500 BCE
विद्,*wayd-,Proto-Indo-Iranian,2200 BCE - 1800 BCE
विद्,*weyd-,Proto-Indo-European,4500 BCE - 2500 BCE
तॄ,*terh₂-,Proto-Indo-European,4500 BCE - 2500 BCE
वा,*-wā,Proto-Indo-Iranian,2200 BCE - 1800 BCE
वा,*-wē,Proto-Indo-European,4500 BCE - 2500 BCE
वा,*h₂weh₁-,Proto-Indo-European,4500 BCE - 2500 BCE
गते,*gátay,Proto-Indo-Aryan,2000 BCE - 1500 BCE
गते,*gátay,Proto-Indo-Iranian,2200 BCE - 1800 BCE
गते,*gʷémti,Proto-Indo-European,4500 BCE - 2500 BCE
सिव्,*syuh₁-,Proto-Indo-European,4500 BCE - 2500 BCE
सफल,स-,Sanskrit,1500 BCE - present (liturgical/classical)
सफल,फल,Sanskrit,1500 BCE - present (liturgical/classical)
शोक,*śṓcati,Proto-Indo-Iranian,2200 BCE - 1800 BCE
शोक,*ḱewk-,Proto-Indo-European,4500 BCE - 2500 BCE
नम्र,*namrás,Proto-Indo-Aryan,2000 BCE - 1500 BCE
नम्र,*namrás,Proto-Indo-Iranian,2200 BCE - 1800 BCE
रिक्त,*riktás,Proto-Indo-Iranian,2200 BCE - 1800 BCE
शत्रु,*śátruṣ,Proto-Indo-Aryan,2000 BCE - 1500 BCE
शत्रु,*ćátruš,Proto-Indo-Iranian,2200 BCE - 1800 BCE
यवसुरा,यव,Sanskrit,1500 BCE - present (liturgical/classical)
यवसुरा,सुरा,Sanskrit,1500 BCE - present (liturgical/classical)
नाश,*nāśás,Proto-Indo-Aryan,2000 BCE - 1500 BCE
नाश,*nāćás,Proto-Indo-Iranian,2200 BCE - 1800 BCE
पथ,*patʰás,Proto-Indo-Aryan,2000 BCE - 1500 BCE
पथ,*patʰás,Proto-Indo-Iranian,2200 BCE - 1800 BCE
पथ,*pent-,Proto-Indo-European,4500 BCE - 2500 BCE
आशीर्वाद,आशिस्,Sanskrit,1500 BCE - present (liturgical/classical)
आशीर्वाद,वाद,Sanskrit,1500 BCE - present (liturgical/classical)
भविष्य,भविष्यति,Sanskrit,1500 BCE - present (liturgical/classical)
स्वादिष्ठ,*sweh₂d-,Proto-Indo-European,4500 BCE - 2500 BCE
अन्ति,*Hanti,Proto-Indo-Aryan,2000 BCE - 1500 BCE
अन्ति,*Hanti,Proto-Indo-Iranian,2200 BCE - 1800 BCE
अन्ति,*h₂énti,Proto-Indo-European,4500 BCE - 2500 BCE
कारागार,कारा,Sanskrit,1500 BCE - present (liturgical/classical)
कारागार,आगार,Sanskrit,1500 BCE - present (liturgical/classical)
लोचन,*lewk-,Proto-Indo-European,4500 BCE - 2500 BCE
अङ्घ्रि,*Hángʰriš,Proto-Indo-Aryan,2000 BCE - 1500 BCE
अङ्घ्रि,*Hángʰriš,Proto-Indo-Iranian,2200 BCE - 1800 BCE
द्रम्म,δραχμή,Ancient Greek,1500 BCE - 300 BCE
-ईय,*-h₂,Proto-Indo-European,4500 BCE - 2500 BCE
अष्ट,*Haṣṭā́,Proto-Indo-Aryan,2000 BCE - 1500 BCE
अष्ट,*Haštā́,Proto-Indo-Iranian,2200 BCE - 1800 BCE
अष्ट,*oḱtṓw,Proto-Indo-European,4500 BCE - 2500 BCE
धन,*dʰanH-,Proto-Indo-Iranian,2200 BCE - 1800 BCE
धन,*dʰenh₂-,Proto-Indo-European,4500 BCE - 2500 BCE
जीव,*ǰiHwás,Proto-Indo-Iranian,2200 BCE - 1800 BCE
जीव,*gʷih₃wós,Proto-Indo-European,4500 BCE - 2500 BCE
मरति,*márati,Proto-Indo-Aryan,2000 BCE - 1500 BCE
मरति,*márti,Proto-Indo-Iranian,2200 BCE - 1800 BCE
मरति,*mer-,Proto-Indo-European,4500 BCE - 2500 BCE
षष्,*ṣwáṭṣ,Proto-Indo-Aryan,2000 BCE - 1500 BCE
षष्,*šwáćš,Proto-Indo-Iranian,2200 BCE - 1800 BCE
षष्,*swéḱs,Proto-Indo-European,4500 BCE - 2500 BCE
उपरि,*upári,Proto-Indo-Aryan,2000 BCE - 1500 BCE
उपरि,*upári,Proto-Indo-Iranian,2200 BCE - 1800 BCE
उपरि,*upér,Proto-Indo-European,4500 BCE - 2500 BCE
नख,*Hnā́kš,Proto-Indo-Iranian,2200 BCE - 1800 BCE
नख,*h₃nogʰ-,Proto-Indo-European,4500 BCE - 2500 BCE
लोक,*lawkás,Proto-Indo-Aryan,2000 BCE - 1500 BCE
ध्वनि,*dʰwaníṣ,Proto-Indo-Aryan,2000 BCE - 1500 BCE
ध्वनि,*dʰwaníš,Proto-Indo-Iranian,2200 BCE - 1800 BCE
ध्वनि,*dʰwen-,Proto-Indo-European,4500 BCE - 2500 BCE
तन्त्र,*tántram,Proto-Indo-Aryan,2000 BCE - 1500 BCE
तन्त्र,*tántram,Proto-Indo-Iranian,2200 BCE - 1800 BCE
तन्त्र,*téntlom,Proto-Indo-European,4500 BCE - 2500 BCE
द्वितीय,*dwitíyas,Proto-Indo-Aryan,2000 BCE - 1500 BCE
द्वितीय,*dwitíyas,Proto-Indo-Iranian,2200 BCE - 1800 BCE
शरद्,*śarHáts,Proto-Indo-Aryan,2000 BCE - 1500 BCE
शरद्,*ćarHáts,Proto-Indo-Iranian,2200 BCE - 1800 BCE
शरद्,*ḱelh₁-,Proto-Indo-European,4500 BCE - 2500 BCE
तल,*tálas,Proto-Indo-Aryan,2000 BCE - 1500 BCE
तल,*tálas,Proto-Indo-Iranian,2200 BCE - 1800 BCE
तल,*telh₂-,Proto-Indo-European,4500 BCE - 2500 BCE
जनक,*ǵenh₁-,Proto-Indo-European,4500 BCE - 2500 BCE
तान,*tā́nas,Proto-Indo-Aryan,2000 BCE - 1500 BCE
तान,*tā́nas,Proto-Indo-Iranian,2200 BCE - 1800 BCE
तान,*tónos,Proto-Indo-European,4500 BCE - 2500 BCE
स्थिति,*stéh₂tis,Proto-Indo-European,4500 BCE - 2500 BCE
मोक्ष,*(s)mewk-,Proto-Indo-European,4500 BCE - 2500 BCE
शेष,*śayṣ-,Proto-Indo-Aryan,2000 BCE - 1500 BCE
जननी,*ǵenh₁-,Proto-Indo-European,4500 BCE - 2500 BCE
गन्धर्व,*gandʰarwás,Proto-Indo-Aryan,2000 BCE - 1500 BCE
गन्धर्व,*gandʰarwás,Proto-Indo-Iranian,2200 BCE - 1800 BCE
नरसिंह,नर,Sanskrit,1500 BCE - present (liturgical/classical)
नरसिंह,सिंह,Sanskrit,1500 BCE - present (liturgical/classical)
महाभारत,महत्,Sanskrit,1500 BCE - present (liturgical/classical)
महाभारत,भारत,Sanskrit,1500 BCE - present (liturgical/classical)
अहंकार,अहं,Sanskrit,1500 BCE - present (liturgical/classical)
अहंकार,-कार,Sanskrit,1500 BCE - present (liturgical/classical)
प्रीति,*priHtíš,Proto-Indo-Iranian,2200 BCE - 1800 BCE
बाहु,*baHźʰúṣ,Proto-Indo-Aryan,2000 BCE - 1500 BCE
बाहु,*bʰaHȷ́ʰúš,Proto-Indo-Iranian,2200 BCE - 1800 BCE
बाहु,*bʰeh₂ǵʰús,Proto-Indo-European,4500 BCE - 2500 BCE
खर,*kh₂er-,Proto-Indo-European,4500 BCE - 2500 BCE
खर,*kʰáras,Proto-Indo-Iranian,2200 BCE - 1800 BCE
मार,*mā́ras,Proto-Indo-Aryan,2000 BCE - 1500 BCE
मार,*mā́ras,Proto-Indo-Iranian,2200 BCE - 1800 BCE
शंकर,शम्,Sanskrit,1500 BCE - present (liturgical/classical)
शंकर,कर,Sanskrit,1500 BCE - present (liturgical/classical)
धीर,*dʰer-,Proto-Indo-European,4500 BCE - 2500 BCE
धीर,*dʰeyh₂-,Proto-Indo-European,4500 BCE - 2500 BCE
शिक्षा,*ćikš-,Proto-Indo-Iranian,2200 BCE - 1800 BCE
उष्ण,*Huṣṇás,Proto-Indo-Aryan,2000 BCE - 1500 BCE
उष्ण,*Hušnás,Proto-Indo-Iranian,2200 BCE - 1800 BCE
उष्ण,*uṣṇás,Proto-Indo-Aryan,2000 BCE - 1500 BCE
उष्ण,*uṣṇás,Proto-Indo-Iranian,2200 BCE - 1800 BCE
उष्ण,*wósHr̥,Proto-Indo-European,4500 BCE - 2500 BCE
राष्ट्रपति,राष्ट्र,Sanskrit,1500 BCE - present (liturgical/classical)
राष्ट्रपति,पति,Sanskrit,1500 BCE - present (liturgical/classical)
आनन,*h₂enh₁-,Proto-Indo-European,4500 BCE - 2500 BCE
चक्रवाल,cakkavāḷa,Pali,500 BCE - 1 CE
तीर्थ,*tr̥Htʰám,Proto-Indo-Aryan,2000 BCE - 1500 BCE
तीर्थ,*tr̥Htʰám,Proto-Indo-Iranian,2200 BCE - 1800 BCE
जहाति,*ȷ́áźʰaHti,Proto-Indo-Aryan,2000 BCE - 1500 BCE
जहाति,*ȷ́ʰáȷ́ʰaHti,Proto-Indo-Iranian,2200 BCE - 1800 BCE
हा,*ȷ́ʰaH-,Proto-Indo-Iranian,2200 BCE - 1800 BCE
हा,*ǵʰeh₁-,Proto-Indo-European,4500 BCE - 2500 BCE
शरद,*gel-,Proto-Indo-European,4500 BCE - 2500 BCE
आकार,आ,Sanskrit,1500 BCE - present (liturgical/classical)
आकार,कार,Sanskrit,1500 BCE - present (liturgical/classical)
आरा,*h₁ólos,Proto-Indo-European,4500 BCE - 2500 BCE
पश्यति,*(s)páśyati,Proto-Indo-Aryan,2000 BCE - 1500 BCE
पश्यति,*spáćyati,Proto-Indo-Iranian,2200 BCE - 1800 BCE
पश्यति,*spéḱyeti,Proto-Indo-European,4500 BCE - 2500 BCE
पश्यति,*speḱ-,Proto-Indo-European,4500 BCE - 2500 BCE
महत्त्व,महत्,Sanskrit,1500 BCE - present (liturgical/classical)
महत्त्व,-त्व,Sanskrit,1500 BCE - present (liturgical/classical)
जनिमन्,*ȷ́ánHma,Proto-Indo-Aryan,2000 BCE - 1500 BCE
जनिमन्,*ȷ́ánHma,Proto-Indo-Iranian,2200 BCE - 1800 BCE
जनिमन्,*ǵénh₁mn̥,Proto-Indo-European,4500 BCE - 2500 BCE
जुषते,*ȷ́uṣátay,Proto-Indo-Aryan,2000 BCE - 1500 BCE
जुषते,*ȷ́ušátay,Proto-Indo-Iranian,2200 BCE - 1800 BCE
वैडूर्य,veḷuriya,Pali,500 BCE - 1 CE
प्रति,*per-,Proto-Indo-European,4500 BCE - 2500 BCE
दिव्य,*diwyás,Proto-Indo-Aryan,2000 BCE - 1500 BCE
दिव्य,*diwyás,Proto-Indo-Iranian,2200 BCE - 1800 BCE
दिव्य,*diwyós,Proto-Indo-European,4500 BCE - 2500 BCE
क्षत्र,*kṣatrám,Proto-Indo-Aryan,2000 BCE - 1500 BCE
क्षत्र,*kšatrám,Proto-Indo-Iranian,2200 BCE - 1800 BCE
क्षत्र,*tek-,Proto-Indo-European,4500 BCE - 2500 BCE
दुस्-,*duš-,Proto-Indo-Aryan,2000 BCE - 1500 BCE
दुस्-,*duš-,Proto-Indo-Iranian,2200 BCE - 1800 BCE
दुस्-,*dus-,Proto-Indo-European,4500 BCE - 2500 BCE
इह,*Hidʰá,Proto-Indo-Aryan,2000 BCE - 1500 BCE
इह,*Hidʰá,Proto-Indo-Iranian,2200 BCE - 1800 BCE
इह,*ís,Proto-Indo-European,4500 BCE - 2500 BCE
इष्ट,*Hiṣṭás,Proto-Indo-Aryan,2000 BCE - 1500 BCE
इष्ट,*Hištás,Proto-Indo-Iranian,2200 BCE - 1800 BCE
ईश,*HiHśás,Proto-Indo-Aryan,2000 BCE - 1500 BCE
ईश,*HiHćás,Proto-Indo-Iranian,2200 BCE - 1800 BCE
ईश,*h₂eyḱ-,Proto-Indo-European,4500 BCE - 2500 BCE
भुज्,*bʰewgʰ-,Proto-Indo-European,4500 BCE - 2500 BCE
भुज्,*bʰewg-,Proto-Indo-European,4500 BCE - 2500 BCE
स्थल्,*steh₂-,Proto-Indo-European,4500 BCE - 2500 BCE
वृ,*war-,Proto-Indo-Aryan,2000 BCE - 1500 BCE
वृ,*war-,Proto-Indo-Iranian,2200 BCE - 1800 BCE
वृ,*wer-,Proto-Indo-European,4500 BCE - 2500 BCE
अष्ठीवत्,*HaṣṭʰiHwánts,Proto-Indo-Aryan,2000 BCE - 1500 BCE
अष्ठीवत्,*HastčiHwánts,Proto-Indo-Iranian,2200 BCE - 1800 BCE
कृति,*kr̥tíṣ,Proto-Indo-Aryan,2000 BCE - 1500 BCE
कृति,*kr̥tíš,Proto-Indo-Iranian,2200 BCE - 1800 BCE
कृति,*(s)ker-,Proto-Indo-European,4500 BCE - 2500 BCE
ऊर्मि,*wr̥Hmíṣ,Proto-Indo-Aryan,2000 BCE - 1500 BCE
ऊर्मि,*wr̥Hmíš,Proto-Indo-Iranian,2200 BCE - 1800 BCE
कुक्षि,*kuṭṣíṣ,Proto-Indo-Aryan,2000 BCE - 1500 BCE
कुक्षि,*kućšíš,Proto-Indo-Iranian,2200 BCE - 1800 BCE
कुक्षि,*kuḱis,Proto-Indo-European,4500 BCE - 2500 BCE
उप-,*upa-,Proto-Indo-Aryan,2000 BCE - 1500 BCE
उप-,*upa-,Proto-Indo-Iranian,2200 BCE - 1800 BCE
उप-,*upo,Proto-Indo-European,4500 BCE - 2500 BCE
वि-,*wi,Proto-Indo-European,4500 BCE - 2500 BCE
पिशङ्ग,*pićángas,Proto-Indo-Iranian,2200 BCE - 1800 BCE
पिशङ्ग,*peyḱ-,Proto-Indo-European,4500 BCE - 2500 BCE
श्रवस्,*ćráwas,Proto-Indo-Iranian,2200 BCE - 1800 BCE
श्रवस्,*ḱléwos,Proto-Indo-European,4500 BCE - 2500 BCE
यान,*yáHnam,Proto-Indo-Aryan,2000 BCE - 1500 BCE
यान,*yáHnam,Proto-Indo-Iranian,2200 BCE - 1800 BCE
वल्श,*wálśas,Proto-Indo-Aryan,2000 BCE - 1500 BCE
वल्श,*wálćas,Proto-Indo-Iranian,2200 BCE - 1800 BCE
ज्या,*ǰyáH,Proto-Indo-Iranian,2200 BCE - 1800 BCE
ज्या,*gʷyéH,Proto-Indo-European,4500 BCE - 2500 BCE
गूथ,*guHtʰás,Proto-Indo-Iranian,2200 BCE - 1800 BCE
गूथ,*gʷewh₁-,Proto-Indo-European,4500 BCE - 2500 BCE
घोष,*gʰáwṣas,Proto-Indo-Aryan,2000 BCE - 1500 BCE
घोष,*gʰáwšas,Proto-Indo-Iranian,2200 BCE - 1800 BCE
रामायण,राम,Sanskrit,1500 BCE - present (liturgical/classical)
रामायण,अयन,Sanskrit,1500 BCE - present (liturgical/classical)
सोऽहम्,सः,Sanskrit,1500 BCE - present (liturgical/classical)
सोऽहम्,अहम्,Sanskrit,1500 BCE - present (liturgical/classical)
निवास,नि,Sanskrit,1500 BCE - present (liturgical/classical)
निवास,वास,Sanskrit,1500 BCE - present (liturgical/classical)
सिंहासन,सिंह,Sanskrit,1500 BCE - present (liturgical/classical)
सिंहासन,आसन,Sanskrit,1500 BCE - present (liturgical/classical)
सिंहास्य,सिंह,Sanskrit,1500 BCE - present (liturgical/classical)
सिंहास्य,आस्य,Sanskrit,1500 BCE - present (liturgical/classical)
स्मृ,*(s)mer-,Proto-Indo-European,4500 BCE - 2500 BCE
स्मर,*smarás,Proto-Indo-Aryan,2000 BCE - 1500 BCE
स्मर,*smarás,Proto-Indo-Iranian,2200 BCE - 1800 BCE
स्मर,*(s)mer-,Proto-Indo-European,4500 BCE - 2500 BCE
क्रूर,*kruHrás,Proto-Indo-Aryan,2000 BCE - 1500 BCE
क्रूर,*kruHrás,Proto-Indo-Iranian,2200 BCE - 1800 BCE
क्रूर,*kruh₂rós,Proto-Indo-European,4500 BCE - 2500 BCE
अरण्य,*h₂el-,Proto-Indo-European,4500 BCE - 2500 BCE
अधस्,*Hadʰás,Proto-Indo-Iranian,2200 BCE - 1800 BCE
अधस्,*h₁n̥dʰí,Proto-Indo-European,4500 BCE - 2500 BCE
नीलोत्पल,नील,Sanskrit,1500 BCE - present (liturgical/classical)
नीलोत्पल,उत्पल,Sanskrit,1500 BCE - present (liturgical/classical)
पूर्णिमा,पूर्ण,Sanskrit,1500 BCE - present (liturgical/classical)
पूर्णिमा,मा,Sanskrit,1500 BCE - present (liturgical/classical)
-ताति,*-taHtiṣ,Proto-Indo-Aryan,2000 BCE - 1500 BCE
-ताति,*-taHtiš,Proto-Indo-Iranian,2200 BCE - 1800 BCE
-ताति,*-teh₂ts,Proto-Indo-European,4500 BCE - 2500 BCE
उल्ब,*wĺ̥Hwam,Proto-Indo-Iranian,2200 BCE - 1800 BCE
उल्ब,*welH-,Proto-Indo-European,4500 BCE - 2500 BCE
दिर्घायु,दीर्घ,Sanskrit,1500 BCE - present (liturgical/classical)
दिर्घायु,आयु,Sanskrit,1500 BCE - present (liturgical/classical)
दिति,*dítiṣ,Proto-Indo-Aryan,2000 BCE - 1500 BCE
दिति,*dítiš,Proto-Indo-Iranian,2200 BCE - 1800 BCE
दिति,*déh₃tis,Proto-Indo-European,4500 BCE - 2500 BCE
हति,*źʰátiṣ,Proto-Indo-Aryan,2000 BCE - 1500 BCE
हति,*ǰʰátiš,Proto-Indo-Iranian,2200 BCE - 1800 BCE
हति,*gʷʰéntis,Proto-Indo-European,4500 BCE - 2500 BCE
रसना,*res-,Proto-Indo-European,4500 BCE - 2500 BCE
रोध,*(H)rawdʰ-,Proto-Indo-Iranian,2200 BCE - 1800 BCE
गोमांस,गो,Sanskrit,1500 BCE - present (liturgical/classical)
गोमांस,मांस,Sanskrit,1500 BCE - present (liturgical/classical)
यूयम्,*yúH,Proto-Indo-Iranian,2200 BCE - 1800 BCE
यूयम्,*yū́,Proto-Indo-European,4500 BCE - 2500 BCE
वयम्,*wayám,Proto-Indo-Aryan,2000 BCE - 1500 BCE
वयम्,*wayám,Proto-Indo-Iranian,2200 BCE - 1800 BCE
वयम्,*wéy,Proto-Indo-European,4500 BCE - 2500 BCE
भाषति,*bʰeh₂-,Proto-Indo-European,4500 BCE - 2500 BCE
सिंहपुर,सिंह,Sanskrit,1500 BCE - present (liturgical/classical)
सिंहपुर,पुर,Sanskrit,1500 BCE - present (liturgical/classical)
अर्थशास्त्र,अर्थ,Sanskrit,1500 BCE - present (liturgical/classical)
अर्थशास्त्र,शास्त्र,Sanskrit,1500 BCE - present (liturgical/classical)
अर्थशास्त्रक,अर्थ,Sanskrit,1500 BCE - present (liturgical/classical)
अर्थशास्त्रक,शास्त्र,Sanskrit,1500 BCE - present (liturgical/classical)
भृग्,*bʰer-,Proto-Indo-European,4500 BCE - 2500 BCE
भृज्जति,*bʰr̥ȷ́yáti,Proto-Indo-Aryan,2000 BCE - 1500 BCE
भृज्जति,*bʰr̥ȷ́yáti,Proto-Indo-Iranian,2200 BCE - 1800 BCE
मन्,*man-,Proto-Indo-Iranian,2200 BCE - 1800 BCE
मन्,*men-,Proto-Indo-European,4500 BCE - 2500 BCE
अंकुश,*ang-,Proto-Indo-European,4500 BCE - 2500 BCE
जम्बुद्वीप,जम्बु,Sanskrit,1500 BCE - present (liturgical/classical)
जम्बुद्वीप,द्वीप,Sanskrit,1500 BCE - present (liturgical/classical)
अपहरण,अप,Sanskrit,1500 BCE - present (liturgical/classical)
अपहरण,हरण,Sanskrit,1500 BCE - present (liturgical/classical)
हृ,*ǵʰer-,Proto-Indo-European,4500 BCE - 2500 BCE
हृत,*źʰr̥tás,Proto-Indo-Aryan,2000 BCE - 1500 BCE
हृत,*ȷ́ʰr̥tás,Proto-Indo-Iranian,2200 BCE - 1800 BCE
नश्,*Hnaś-,Proto-Indo-Aryan,2000 BCE - 1500 BCE
नश्,*Hnać-,Proto-Indo-Iranian,2200 BCE - 1800 BCE
नश्,*h₂neḱ-,Proto-Indo-European,4500 BCE - 2500 BCE
नश्,*naś-,Proto-Indo-Aryan,2000 BCE - 1500 BCE
नश्,*nać-,Proto-Indo-Iranian,2200 BCE - 1800 BCE
नश्,*neḱ-,Proto-Indo-European,4500 BCE - 2500 BCE
अज्,*h₂eǵ-,Proto-Indo-European,4500 BCE - 2500 BCE
अञ्ज्,*h₃engʷ-,Proto-Indo-European,4500 BCE - 2500 BCE
अद्,*Had-,Proto-Indo-Aryan,2000 BCE - 1500 BCE
अद्,*Had-,Proto-Indo-Iranian,2200 BCE - 1800 BCE
अद्,*h₁ed-,Proto-Indo-European,4500 BCE - 2500 BCE
अन्,*h₂enh₁-,Proto-Indo-European,4500 BCE - 2500 BCE
अर्च्,*h₁erkʷ-,Proto-Indo-European,4500 BCE - 2500 BCE
इध्,*Haydʰ-,Proto-Indo-Aryan,2000 BCE - 1500 BCE
इध्,*Haydʰ-,Proto-Indo-Iranian,2200 BCE - 1800 BCE
इध्,*h₂eydʰ-,Proto-Indo-European,4500 BCE - 2500 BCE
ऋज्,*h₃reǵ-,Proto-Indo-European,4500 BCE - 2500 BCE
सुधाकर,सुधा,Sanskrit,1500 BCE - present (liturgical/classical)
सुधाकर,कर,Sanskrit,1500 BCE - present (liturgical/classical)
सुधापाणि,सुधा,Sanskrit,1500 BCE - present (liturgical/classical)
सुधापाणि,पाणि,Sanskrit,1500 BCE - present (liturgical/classical)
रुद्,*HrawdH-,Proto-Indo-Iranian,2200 BCE - 1800 BCE
रुद्,*HrewdH-,Proto-Indo-European,4500 BCE - 2500 BCE
सुधांशु,सुधा,Sanskrit,1500 BCE - present (liturgical/classical)
सुधांशु,अंशु,Sanskrit,1500 BCE - present (liturgical/classical)
राज्,*Hrā́ṭṣ,Proto-Indo-Aryan,2000 BCE - 1500 BCE
राज्,*Hrā́ćš,Proto-Indo-Iranian,2200 BCE - 1800 BCE
राज्,*h₃rḗǵs,Proto-Indo-European,4500 BCE - 2500 BCE
राज्,*h₃reǵ-,Proto-Indo-European,4500 BCE - 2500 BCE
गोकुल,गो,Sanskrit,1500 BCE - present (liturgical/classical)
गोकुल,कुल,Sanskrit,1500 BCE - present (liturgical/classical)
गोक्षीर,गो,Sanskrit,1500 BCE - present (liturgical/classical)
गोक्षीर,क्षीर,Sanskrit,1500 BCE - present (liturgical/classical)
क्षीरान्न,क्षीर,Sanskrit,1500 BCE - present (liturgical/classical)
क्षीरान्न,अन्न,Sanskrit,1500 BCE - present (liturgical/classical)
रक्ष्,*Hrakṣ-,Proto-Indo-Aryan,2000 BCE - 1500 BCE
रक्ष्,*Hrakš-,Proto-Indo-Iranian,2200 BCE - 1800 BCE
रक्ष्,*h₂lek-,Proto-Indo-European,4500 BCE - 2500 BCE
रघु,*Hragʰúṣ,Proto-Indo-Aryan,2000 BCE - 1500 BCE
रघु,*Hlagʰúš,Proto-Indo-Iranian,2200 BCE - 1800 BCE
रघु,*h₁léngʰus,Proto-Indo-European,4500 BCE - 2500 BCE
रच्,*rek-,Proto-Indo-European,4500 BCE - 2500 BCE
दर्भ,*darbʰás,Proto-Indo-Aryan,2000 BCE - 1500 BCE
दर्भ,*darbʰás,Proto-Indo-Iranian,2200 BCE - 1800 BCE
दर्भ,*derbʰ-,Proto-Indo-European,4500 BCE - 2500 BCE
अबुध्न,*abʰudʰnás,Proto-Indo-Aryan,2000 BCE - 1500 BCE
अबुध्न,*abʰudʰnás,Proto-Indo-Iranian,2200 BCE - 1800 BCE
अबुध्न,*n̥bʰudʰnós,Proto-Indo-European,4500 BCE - 2500 BCE
रण,*ran-,Proto-Indo-Iranian,2200 BCE - 1800 BCE
रण,*ránam,Proto-Indo-Iranian,2200 BCE - 1800 BCE
रन्ध्र,*rándʰram,Proto-Indo-Aryan,2000 BCE - 1500 BCE
रन्ध्र,*rándʰram,Proto-Indo-Iranian,2200 BCE - 1800 BCE
अन्नपूर्णा,अन्न,Sanskrit,1500 BCE - present (liturgical/classical)
अन्नपूर्णा,पूर्ण,Sanskrit,1500 BCE - present (liturgical/classical)
भृ,*bʰar-,Proto-Indo-Iranian,2200 BCE - 1800 BCE
भृ,*bʰer-,Proto-Indo-European,4500 BCE - 2500 BCE
रव,*rew-,Proto-Indo-European,4500 BCE - 2500 BCE
क्री,*kray-,Proto-Indo-Aryan,2000 BCE - 1500 BCE
क्री,*kray-,Proto-Indo-Iranian,2200 BCE - 1800 BCE
क्री,*kʷreyh₂-,Proto-Indo-European,4500 BCE - 2500 BCE
राजशेखर,राज,Sanskrit,1500 BCE - present (liturgical/classical)
राजशेखर,शेखर,Sanskrit,1500 BCE - present (liturgical/classical)
राधा,*Hréh₁dʰeti,Proto-Indo-European,4500 BCE - 2500 BCE
ग्रभ्,*grabʰ-,Proto-Indo-Iranian,2200 BCE - 1800 BCE
ग्रभ्,*gʰrebʰ-,Proto-Indo-European,4500 BCE - 2500 BCE
ग्रह्,*grabʰ-,Proto-Indo-Iranian,2200 BCE - 1800 BCE
ग्रह्,*gʰrebʰ-,Proto-Indo-European,4500 BCE - 2500 BCE
रामानुज,राम,Sanskrit,1500 BCE - present (liturgical/classical)
रामानुज,अनुज,Sanskrit,1500 BCE - present (liturgical/classical)
सेतु,*sHáytuš,Proto-Indo-Iranian,2200 BCE - 1800 BCE
चर्,*kʷel-,Proto-Indo-European,4500 BCE - 2500 BCE
रिच्,*leykʷ-,Proto-Indo-European,4500 BCE - 2500 BCE
रुच्,*rúkṣ,Proto-Indo-Aryan,2000 BCE - 1500 BCE
रुच्,*rúkš,Proto-Indo-Iranian,2200 BCE - 1800 BCE
रुच्,*lewk-,Proto-Indo-European,4500 BCE - 2500 BCE
अस्माक,*éǵh₂,Proto-Indo-European,4500 BCE - 2500 BCE
विक्रम,*weys-,Proto-Indo-European,4500 BCE - 2500 BCE
व्यय,वि-,Sanskrit,1500 BCE - present (liturgical/classical)
व्यय,इ,Sanskrit,1500 BCE - present (liturgical/classical)
व्यय,-अ,Sanskrit,1500 BCE - present (liturgical/classical)
आयुर्वेद,आयुस्,Sanskrit,1500 BCE - present (liturgical/classical)
आयुर्वेद,वेद,Sanskrit,1500 BCE - present (liturgical/classical)
नष्ट,*naṣṭás,Proto-Indo-Aryan,2000 BCE - 1500 BCE
नष्ट,*naštás,Proto-Indo-Iranian,2200 BCE - 1800 BCE
भ्रमरक,*bʰrem-,Proto-Indo-European,4500 BCE - 2500 BCE
भ्रम्,*bʰrem-,Proto-Indo-European,4500 BCE - 2500 BCE
प्लव,*plew-,Proto-Indo-European,4500 BCE - 2500 BCE
प्लव,*prew-,Proto-Indo-European,4500 BCE - 2500 BCE
रेखा,*h₁reh₁-,Proto-Indo-European,4500 BCE - 2500 BCE
गुरुकुल,गुरु,Sanskrit,1500 BCE - present (liturgical/classical)
गुरुकुल,कुल,Sanskrit,1500 BCE - present (liturgical/classical)
अनस्,*Hánas,Proto-Indo-Aryan,2000 BCE - 1500 BCE
अनस्,*Hánas,Proto-Indo-Iranian,2200 BCE - 1800 BCE
अनस्,*h₃énh₂os,Proto-Indo-European,4500 BCE - 2500 BCE
व्यर्थ,वि-,Sanskrit,1500 BCE - present (liturgical/classical)
व्यर्थ,अर्थ,Sanskrit,1500 BCE - present (liturgical/classical)
अधर,*Hadʰáras,Proto-Indo-Aryan,2000 BCE - 1500 BCE
अधर,*Hadʰáras,Proto-Indo-Iranian,2200 BCE - 1800 BCE
शत्रुघ्न,शत्रु,Sanskrit,1500 BCE - present (liturgical/classical)
शत्रुघ्न,घ्न,Sanskrit,1500 BCE - present (liturgical/classical)
धान्य,*dʰeh₁(y)-,Proto-Indo-European,4500 BCE - 2500 BCE
मुष्क,मूष्,Sanskrit,1500 BCE - present (liturgical/classical)
मुष्क,-क,Sanskrit,1500 BCE - present (liturgical/classical)
मुष्क,*múHs,Proto-Indo-Iranian,2200 BCE - 1800 BCE
मुष्क,*muh₂s,Proto-Indo-European,4500 BCE - 2500 BCE
हय,*źʰáyas,Proto-Indo-Aryan,2000 BCE - 1500 BCE
हय,*ȷ́ʰáyas,Proto-Indo-Iranian,2200 BCE - 1800 BCE
हय,*ǵʰéyos,Proto-Indo-European,4500 BCE - 2500 BCE
मध्याह्न,मध्य,Sanskrit,1500 BCE - present (liturgical/classical)
मध्याह्न,अहन्,Sanskrit,1500 BCE - present (liturgical/classical)
अग्रज,अग्र,Sanskrit,1500 BCE - present (liturgical/classical)
अग्रज,ज,Sanskrit,1500 BCE - present (liturgical/classical)
बुध्यते,*budʰyátay,Proto-Indo-Aryan,2000 BCE - 1500 BCE
बुध्यते,*bʰudʰyátay,Proto-Indo-Iranian,2200 BCE - 1800 BCE
नवग्रह,नव,Sanskrit,1500 BCE - present (liturgical/classical)
नवग्रह,ग्रह,Sanskrit,1500 BCE - present (liturgical/classical)
नवरत्न,नव,Sanskrit,1500 BCE - present (liturgical/classical)
नवरत्न,रत्न,Sanskrit,1500 BCE - present (liturgical/classical)
पितामह,पितृ,Sanskrit,1500 BCE - present (liturgical/classical)
पितामह,मह,Sanskrit,1500 BCE - present (liturgical/classical)
चक्रपाणि,चक्र,Sanskrit,1500 BCE - present (liturgical/classical)
चक्रपाणि,पाणि,Sanskrit,1500 BCE - present (liturgical/classical)
चक्रधर,चक्र,Sanskrit,1500 BCE - present (liturgical/classical)
चक्रधर,धर,Sanskrit,1500 BCE - present (liturgical/classical)
मुग्ध,*mugʰdʰás,Proto-Indo-Iranian,2200 BCE - 1800 BCE
खन्,*kanH-,Proto-Indo-Iranian,2200 BCE - 1800 BCE
अच्छ,accha,Pali,500 BCE - 1 CE
अच्छ,ऋक्ष,Sanskrit,1500 BCE - present (liturgical/classical)
रामेश्वर,राम,Sanskrit,1500 BCE - present (liturgical/classical)
रामेश्वर,ईश्वर,Sanskrit,1500 BCE - present (liturgical/classical)
द्रविड,தமிழ்,Tamil,300 BCE - present
लिप्ता,λεπτόν,Ancient Greek,1500 BCE - 300 BCE
गोप्तृ,*gewp-,Proto-Indo-European,4500 BCE - 2500 BCE
अर्यमन्,*aryamā́,Proto-Indo-Aryan,2000 BCE - 1500 BCE
अर्यमन्,*aryamā́,Proto-Indo-Iranian,2200 BCE - 1800 BCE
भव,*bʰuH-,Proto-Indo-European,4500 BCE - 2500 BCE
मगध,𒄞,Sumerian,not available
शिशुपाल,शिशु,Sanskrit,1500 BCE - present (liturgical/classical)
शिशुपाल,पाल,Sanskrit,1500 BCE - present (liturgical/classical)
द्रोण,*dráwnam,Proto-Indo-Iranian,2200 BCE - 1800 BCE
शिरोमणि,शिरस्,Sanskrit,1500 BCE - present (liturgical/classical)
शिरोमणि,मणि,Sanskrit,1500 BCE - present (liturgical/classical)
कण्ठीरव,कण्ठ,Sanskrit,1500 BCE - present (liturgical/classical)
कण्ठीरव,रव,Sanskrit,1500 BCE - present (liturgical/classical)
वातावरण,वात,Hindi,not available
वातावरण,आवरण,Hindi,not available
विद्यालय,विद्या,Sanskrit,1500 BCE - present (liturgical/classical)
विद्यालय,आलय,Sanskrit,1500 BCE - present (liturgical/classical)
कफ,*kapʰas,Proto-Indo-Aryan,2000 BCE - 1500 BCE
कफ,*kapʰas,Proto-Indo-Iranian,2200 BCE - 1800 BCE
छात्रा,छात्र,Sanskrit,1500 BCE - present (liturgical/classical)
छात्रा,-आ,Sanskrit,1500 BCE - present (liturgical/classical)
निम्बू,लेम्बु,Mundari,not available
भाग,*bʰāgás,Proto-Indo-Aryan,2000 BCE - 1500 BCE
भाग,*bʰāgás,Proto-Indo-Iranian,2200 BCE - 1800 BCE
भाग,*bʰeh₂g-,Proto-Indo-European,4500 BCE - 2500 BCE
शालिवाहन,शालि,Sanskrit,1500 BCE - present (liturgical/classical)
शालिवाहन,वाहन,Sanskrit,1500 BCE - present (liturgical/classical)
वस्त्र,*wástram,Proto-Indo-Iranian,2200 BCE - 1800 BCE
बीजगणित,बीज,Sanskrit,1500 BCE - present (liturgical/classical)
बीजगणित,गणित,Sanskrit,1500 BCE - present (liturgical/classical)
बृहस्पति,बृहस्,Sanskrit,1500 BCE - present (liturgical/classical)
बृहस्पति,पति,Sanskrit,1500 BCE - present (liturgical/classical)
कन्द,*gnew-,Proto-Indo-European,4500 BCE - 2500 BCE
कन्द,*gen-,Proto-Indo-European,4500 BCE - 2500 BCE
दीप्,*dyew(p)-,Proto-Indo-European,4500 BCE - 2500 BCE
दीपावलि,दीप,Sanskrit,1500 BCE - present (liturgical/classical)
दीपावलि,आवलि,Sanskrit,1500 BCE - present (liturgical/classical)
हस्,*źʰas-,Proto-Indo-Aryan,2000 BCE - 1500 BCE
हस्,*ǰʰas-,Proto-Indo-Iranian,2200 BCE - 1800 BCE
हस्,*gʰes-,Proto-Indo-European,4500 BCE - 2500 BCE
मात्रा,*meh₁-,Proto-Indo-European,4500 BCE - 2500 BCE
दशम,*daćamás,Proto-Indo-Iranian,2200 BCE - 1800 BCE
रसायनज्ञ,रसायन,Sanskrit,1500 BCE - present (liturgical/classical)
रसायनज्ञ,-ज्ञ,Sanskrit,1500 BCE - present (liturgical/classical)
स्रव,*srówos,Proto-Indo-European,4500 BCE - 2500 BCE
कथासरित्सागर,कथा,Sanskrit,1500 BCE - present (liturgical/classical)
कथासरित्सागर,सरित,Sanskrit,1500 BCE - present (liturgical/classical)
कथासरित्सागर,सागर,Sanskrit,1500 BCE - present (liturgical/classical)
अन्धपरम्परान्याय,अन्ध,Sanskrit,1500 BCE - present (liturgical/classical)
अन्धपरम्परान्याय,परम्परा,Sanskrit,1500 BCE - present (liturgical/classical)
अन्धपरम्परान्याय,न्याय,Sanskrit,1500 BCE - present (liturgical/classical)
अरुन्धतीदर्शनन्याय,अरुन्धती,Sanskrit,1500 BCE - present (liturgical/classical)
अरुन्धतीदर्शनन्याय,दर्शन,Sanskrit,1500 BCE - present (liturgical/classical)
अरुन्धतीदर्शनन्याय,न्याय,Sanskrit,1500 BCE - present (liturgical/classical)
अशोकवनिकान्याय,अशोक,Sanskrit,1500 BCE - present (liturgical/classical)
अशोकवनिकान्याय,वनिका,Sanskrit,1500 BCE - present (liturgical/classical)
अशोकवनिकान्याय,न्याय,Sanskrit,1500 BCE - present (liturgical/classical)
कपिञ्जलन्याय,कपिञ्जल,Sanskrit,1500 BCE - present (liturgical/classical)
कपिञ्जलन्याय,न्याय,Sanskrit,1500 BCE - present (liturgical/classical)
घुणाक्षरन्याय,घुणाक्षर,Sanskrit,1500 BCE - present (liturgical/classical)
घुणाक्षरन्याय,न्याय,Sanskrit,1500 BCE - present (liturgical/classical)
अश्मलोष्ट्रन्याय,अश्मलोष्ट्र,Sanskrit,1500 BCE - present (liturgical/classical)
अश्मलोष्ट्रन्याय,न्याय,Sanskrit,1500 BCE - present (liturgical/classical)
अन्धचटकन्याय,अन्ध,Sanskrit,1500 BCE - present (liturgical/classical)
अन्धचटकन्याय,चटक,Sanskrit,1500 BCE - present (liturgical/classical)
अन्धचटकन्याय,न्याय,Sanskrit,1500 BCE - present (liturgical/classical)
महायान,महा,Sanskrit,1500 BCE - present (liturgical/classical)
महायान,यान,Sanskrit,1500 BCE - present (liturgical/classical)
ऊन,*HuHnás,Proto-Indo-Iranian,2200 BCE - 1800 BCE
क्षुद्र,*kšudrás,Proto-Indo-Iranian,2200 BCE - 1800 BCE
क्षुद्र,*k⁽ʷ⁾sewd-,Proto-Indo-European,4500 BCE - 2500 BCE
दशरथ,दश,Sanskrit,1500 BCE - present (liturgical/classical)
दशरथ,रथ,Sanskrit,1500 BCE - present (liturgical/classical)
पालक,पालन,Sanskrit,1500 BCE - present (liturgical/classical)
पालक,-क,Sanskrit,1500 BCE - present (liturgical/classical)
-ता,*-tā,Proto-Indo-Iranian,2200 BCE - 1800 BCE
-ता,*-teh₂,Proto-Indo-European,4500 BCE - 2500 BCE
सेवि,*cáywaH,Proto-Iranian,not available
जनता,*ǵenh₁-,Proto-Indo-European,4500 BCE - 2500 BCE
नील,*neyH-,Proto-Indo-European,4500 BCE - 2500 BCE
कति,*kʷoti,Proto-Indo-European,4500 BCE - 2500 BCE
स्वाद,*swaHdás,Proto-Indo-Aryan,2000 BCE - 1500 BCE
स्वाद,*swaHdás,Proto-Indo-Iranian,2200 BCE - 1800 BCE
स्वाद,*sweh₂d-,Proto-Indo-European,4500 BCE - 2500 BCE
जालपृष्ठ,webpage,English,1550 CE - present
त्याग,*tyāgás,Proto-Indo-Iranian,2200 BCE - 1800 BCE
त्याग,*tyegʷ-,Proto-Indo-European,4500 BCE - 2500 BCE
शुष्क,*Hsúškas,Proto-Indo-Iranian,2200 BCE - 1800 BCE
शुष्क,*h₂sews-,Proto-Indo-European,4500 BCE - 2500 BCE
तावत्,*só,Proto-Indo-European,4500 BCE - 2500 BCE
रजत,*h₂r̥ǵn̥tóm,Proto-Indo-European,4500 BCE - 2500 BCE
क्षय,*gẓʰayás,Proto-Indo-Aryan,2000 BCE - 1500 BCE
क्षय,*gžʰayás,Proto-Indo-Iranian,2200 BCE - 1800 BCE
क्षय,*dʰgʷʰey-,Proto-Indo-European,4500 BCE - 2500 BCE
स्पष्ट,*spaṣṭás,Proto-Indo-Aryan,2000 BCE - 1500 BCE
स्पष्ट,*spaštás,Proto-Indo-Iranian,2200 BCE - 1800 BCE
विशेषज्ञ,विशेष,Sanskrit,1500 BCE - present (liturgical/classical)
विशेषज्ञ,-ज्ञ,Sanskrit,1500 BCE - present (liturgical/classical)
खाद्,*kʰād-,Proto-Indo-Iranian,2200 BCE - 1800 BCE
खाद्,*kʷh₂ed-,Proto-Indo-European,4500 BCE - 2500 BCE
मध्य,*mádʰyas,Proto-Indo-Iranian,2200 BCE - 1800 BCE
मध्य,*médʰyos,Proto-Indo-European,4500 BCE - 2500 BCE
कक्षा,कक्षा,Hindi,not available
मयूर,*mayVr,Proto-Dravidian,3000 BCE - 1500 BCE (disputed)
मा,*maH,Proto-Indo-Aryan,2000 BCE - 1500 BCE
मा,*maH,Proto-Indo-Iranian,2200 BCE - 1800 BCE
मा,*meh₁,Proto-Indo-European,4500 BCE - 2500 BCE
मा,*máHm,Proto-Indo-Aryan,2000 BCE - 1500 BCE
मा,*máHm,Proto-Indo-Iranian,2200 BCE - 1800 BCE
मा,*meh₁-,Proto-Indo-European,4500 BCE - 2500 BCE
भूकम्प,भू,Sanskrit,1500 BCE - present (liturgical/classical)
भूकम्प,कम्प,Sanskrit,1500 BCE - present (liturgical/classical)
आस,*HáHsas,Proto-Indo-Aryan,2000 BCE - 1500 BCE
आस,*HáHsas,Proto-Indo-Iranian,2200 BCE - 1800 BCE
आस,*h₂eHs-,Proto-Indo-European,4500 BCE - 2500 BCE
आस,*Hā́sa,Proto-Indo-Aryan,2000 BCE - 1500 BCE
आस,*Hā́sa,Proto-Indo-Iranian,2200 BCE - 1800 BCE
आस,*h₁ós-m̥,Proto-Indo-European,4500 BCE - 2500 BCE
रेखागणित,रेखा,Sanskrit,1500 BCE - present (liturgical/classical)
रेखागणित,गणित,Sanskrit,1500 BCE - present (liturgical/classical)
भोग,*bʰewg-,Proto-Indo-European,4500 BCE - 2500 BCE
कृपा,*krep-,Proto-Indo-European,4500 BCE - 2500 BCE
एतद्,*éy,Proto-Indo-European,4500 BCE - 2500 BCE
श्रेष्ठ,*ćráyHištʰas,Proto-Indo-Iranian,2200 BCE - 1800 BCE
राजावर्त,لاجورد,Classical Persian,800 CE - 1900 CE
अद्य,*Hadyás,Proto-Indo-Aryan,2000 BCE - 1500 BCE
अद्य,*Hadyás,Proto-Indo-Iranian,2200 BCE - 1800 BCE
न्यायालय,न्याय,Sanskrit,1500 BCE - present (liturgical/classical)
न्यायालय,आलय,Sanskrit,1500 BCE - present (liturgical/classical)
द्यौष्पितृ,*dyḗws,Proto-Indo-European,4500 BCE - 2500 BCE
द्यौष्पितृ,द्यौस्,Sanskrit,1500 BCE - present (liturgical/classical)
द्यौष्पितृ,पितृ,Sanskrit,1500 BCE - present (liturgical/classical)
पूत,*puHtás,Proto-Indo-Aryan,2000 BCE - 1500 BCE
पूत,*puHtás,Proto-Indo-Iranian,2200 BCE - 1800 BCE
पूत,*puHtós,Proto-Indo-European,4500 BCE - 2500 BCE
प्लोषति,*prews-,Proto-Indo-European,4500 BCE - 2500 BCE
नीर,*nīr,Proto-Dravidian,3000 BCE - 1500 BCE (disputed)
परस्मैपद,पर,Sanskrit,1500 BCE - present (liturgical/classical)
परस्मैपद,पद,Sanskrit,1500 BCE - present (liturgical/classical)
भाववाचक,भाव,Sanskrit,1500 BCE - present (liturgical/classical)
भाववाचक,वाचक,Sanskrit,1500 BCE - present (liturgical/classical)
ध्यानयोग,ध्यान,Sanskrit,1500 BCE - present (liturgical/classical)
ध्यानयोग,योग,Sanskrit,1500 BCE - present (liturgical/classical)
षष्टि,*ṣwaṭṣHtí,Proto-Indo-Aryan,2000 BCE - 1500 BCE
षष्टि,*šwaćšHtí,Proto-Indo-Iranian,2200 BCE - 1800 BCE
षष्टि,*swéḱsh₁ḱomt,Proto-Indo-European,4500 BCE - 2500 BCE
धनु,*dʰanu-,Proto-Indo-European,4500 BCE - 2500 BCE
अन्धकार,अन्ध,Sanskrit,1500 BCE - present (liturgical/classical)
अन्धकार,-कार,Sanskrit,1500 BCE - present (liturgical/classical)
त्रिपाद,त्रि,Sanskrit,1500 BCE - present (liturgical/classical)
त्रिपाद,पाद,Sanskrit,1500 BCE - present (liturgical/classical)
अन्यथा,*HanyátʰaH,Proto-Indo-Iranian,2200 BCE - 1800 BCE
कन्यादान,कन्या,Sanskrit,1500 BCE - present (liturgical/classical)
कन्यादान,दान,Sanskrit,1500 BCE - present (liturgical/classical)
स्नाति,*(s)neh₂-,Proto-Indo-European,4500 BCE - 2500 BCE
सरोज,सरस्,Sanskrit,1500 BCE - present (liturgical/classical)
सरोज,ज,Sanskrit,1500 BCE - present (liturgical/classical)
वीणा,*wī́nā,Proto-Indo-Aryan,2000 BCE - 1500 BCE
वीणा,*wī́nā,Proto-Indo-Iranian,2200 BCE - 1800 BCE
अज्र्य,*Háȷ́ryas,Proto-Indo-Aryan,2000 BCE - 1500 BCE
अज्र्य,*Háȷ́ryas,Proto-Indo-Iranian,2200 BCE - 1800 BCE
अज्र्य,*h₂éǵr̥yos,Proto-Indo-European,4500 BCE - 2500 BCE
तारक,*Hstar-,Proto-Indo-Iranian,2200 BCE - 1800 BCE
तारक,*h₂stḗr,Proto-Indo-European,4500 BCE - 2500 BCE
खा,*kʰā́,Proto-Indo-Iranian,2200 BCE - 1800 BCE
गॄ,*garH-,Proto-Indo-Aryan,2000 BCE - 1500 BCE
गॄ,*garH-,Proto-Indo-Iranian,2200 BCE - 1800 BCE
गॄ,*gʷerH-,Proto-Indo-European,4500 BCE - 2500 BCE
गॄ,*gʷerh₃-,Proto-Indo-European,4500 BCE - 2500 BCE
पश्चात्,*pasčaH,Proto-Indo-Iranian,2200 BCE - 1800 BCE
सज्जन,सज्,Sanskrit,1500 BCE - present (liturgical/classical)
सज्जन,जन,Sanskrit,1500 BCE - present (liturgical/classical)
सज्जन,सत्,Sanskrit,1500 BCE - present (liturgical/classical)
होत्र,*źʰawtrám,Proto-Indo-Aryan,2000 BCE - 1500 BCE
होत्र,*ȷ́ʰáwtram,Proto-Indo-Iranian,2200 BCE - 1800 BCE
होत्र,*ǵʰew-,Proto-Indo-European,4500 BCE - 2500 BCE
सती,*HsatíH,Proto-Indo-Aryan,2000 BCE - 1500 BCE
सती,*HsatíH,Proto-Indo-Iranian,2200 BCE - 1800 BCE
मर्त,*mártas,Proto-Indo-Aryan,2000 BCE - 1500 BCE
मर्त,*mártas,Proto-Indo-Iranian,2200 BCE - 1800 BCE
शाला,*ḱel-eh₂,Proto-Indo-European,4500 BCE - 2500 BCE
शूल,*śúHlas,Proto-Indo-Aryan,2000 BCE - 1500 BCE
शूल,*ćúHlas,Proto-Indo-Iranian,2200 BCE - 1800 BCE
शूल,*ḱúh₃-los,Proto-Indo-European,4500 BCE - 2500 BCE
मग्न,*mesg-,Proto-Indo-European,4500 BCE - 2500 BCE
घृष्,*gʰárṣ-,Proto-Indo-Aryan,2000 BCE - 1500 BCE
घृष्,*gʰárš-,Proto-Indo-Iranian,2200 BCE - 1800 BCE
घृष्,*gʰérs-,Proto-Indo-European,4500 BCE - 2500 BCE
प्रभा,*pro-,Proto-Indo-European,4500 BCE - 2500 BCE
कार्त्तिकेय,*(s)ker-,Proto-Indo-European,4500 BCE - 2500 BCE
लम्बोदर,लम्ब,Sanskrit,1500 BCE - present (liturgical/classical)
लम्बोदर,उदर,Sanskrit,1500 BCE - present (liturgical/classical)
बहुधान्य,बहु,Sanskrit,1500 BCE - present (liturgical/classical)
बहुधान्य,धान्य,Sanskrit,1500 BCE - present (liturgical/classical)
शल्य,*ḱel(h₃)-,Proto-Indo-European,4500 BCE - 2500 BCE
शूर्पकर्ण,शूर्प,Sanskrit,1500 BCE - present (liturgical/classical)
शूर्पकर्ण,कर्ण,Sanskrit,1500 BCE - present (liturgical/classical)
उमासुत,उमा,Sanskrit,1500 BCE - present (liturgical/classical)
उमासुत,सुत,Sanskrit,1500 BCE - present (liturgical/classical)
उमापति,उमा,Sanskrit,1500 BCE - present (liturgical/classical)
उमापति,पति,Sanskrit,1500 BCE - present (liturgical/classical)
शूर्पणखा,शूर्प,Sanskrit,1500 BCE - present (liturgical/classical)
शूर्पणखा,नख,Sanskrit,1500 BCE - present (liturgical/classical)
विघ्नेश्वर,विघ्न,Sanskrit,1500 BCE - present (liturgical/classical)
विघ्नेश्वर,ईश्वर,Sanskrit,1500 BCE - present (liturgical/classical)
विघ्नपति,विघ्न,Sanskrit,1500 BCE - present (liturgical/classical)
विघ्नपति,पति,Sanskrit,1500 BCE - present (liturgical/classical)
गजमुख,गज,Sanskrit,1500 BCE - present (liturgical/classical)
गजमुख,मुख,Sanskrit,1500 BCE - present (liturgical/classical)
गजवदन,गज,Sanskrit,1500 BCE - present (liturgical/classical)
गजवदन,वदन,Sanskrit,1500 BCE - present (liturgical/classical)
गजानन,गज,Sanskrit,1500 BCE - present (liturgical/classical)
गजानन,आनन,Sanskrit,1500 BCE - present (liturgical/classical)
एकदन्त,एक,Sanskrit,1500 BCE - present (liturgical/classical)
एकदन्त,दन्त,Sanskrit,1500 BCE - present (liturgical/classical)
आखुरथ,आखु,Sanskrit,1500 BCE - present (liturgical/classical)
आखुरथ,रथ,Sanskrit,1500 BCE - present (liturgical/classical)
द्वैमातुर,द्वि,Sanskrit,1500 BCE - present (liturgical/classical)
द्वैमातुर,मातृ,Sanskrit,1500 BCE - present (liturgical/classical)
गुद,*gudá-,Proto-Indo-Iranian,2200 BCE - 1800 BCE
जन्,*ǵenh₁-,Proto-Indo-European,4500 BCE - 2500 BCE
तुङ्गभद्रा,तुङ्ग,Sanskrit,1500 BCE - present (liturgical/classical)
तुङ्गभद्रा,भद्रा,Sanskrit,1500 BCE - present (liturgical/classical)
भद्र,*bʰadrás,Proto-Indo-Iranian,2200 BCE - 1800 BCE
व्यान,*wyaHnás,Proto-Indo-Aryan,2000 BCE - 1500 BCE
व्यान,*wyaHnás,Proto-Indo-Iranian,2200 BCE - 1800 BCE
व्यान,*h₂enh₁-,Proto-Indo-European,4500 BCE - 2500 BCE
वेदाङ्ग,वेद,Sanskrit,1500 BCE - present (liturgical/classical)
वेदाङ्ग,अङ्ग,Sanskrit,1500 BCE - present (liturgical/classical)
कुम्भ,*kumbʰás,Proto-Indo-Aryan,2000 BCE - 1500 BCE
कुम्भ,*kʰumbʰás,Proto-Indo-Iranian,2200 BCE - 1800 BCE
उग्र,*Hugrás,Proto-Indo-Iranian,2200 BCE - 1800 BCE
ओजस्,*Háwǰas,Proto-Indo-Iranian,2200 BCE - 1800 BCE
कपट,*kh₂emp-,Proto-Indo-European,4500 BCE - 2500 BCE
नग्न,*nagnás,Proto-Indo-Aryan,2000 BCE - 1500 BCE
नग्न,*nagnás,Proto-Indo-Iranian,2200 BCE - 1800 BCE
नग्न,*negʷ-,Proto-Indo-European,4500 BCE - 2500 BCE
प्रतिमा,प्रति,Sanskrit,1500 BCE - present (liturgical/classical)
प्रतिमा,मा,Sanskrit,1500 BCE - present (liturgical/classical)
चयते,*čáyatay,Proto-Indo-Iranian,2200 BCE - 1800 BCE
तप्,*tap-,Proto-Indo-Aryan,2000 BCE - 1500 BCE
तप्,*tap-,Proto-Indo-Iranian,2200 BCE - 1800 BCE
तप्,*tep-,Proto-Indo-European,4500 BCE - 2500 BCE
बन्ध्,*bʰendʰ-,Proto-Indo-European,4500 BCE - 2500 BCE
क्रतु,*krátuṣ,Proto-Indo-Aryan,2000 BCE - 1500 BCE
क्रतु,*krátuš,Proto-Indo-Iranian,2200 BCE - 1800 BCE
क्रतु,*krétus,Proto-Indo-European,4500 BCE - 2500 BCE
भास्,*bʰáHas,Proto-Indo-Aryan,2000 BCE - 1500 BCE
भास्,*bʰáHas,Proto-Indo-Iranian,2200 BCE - 1800 BCE
काश्,*kā́ś-,Proto-Indo-Aryan,2000 BCE - 1500 BCE
काश्,*kā́ć-,Proto-Indo-Iranian,2200 BCE - 1800 BCE
काश्,*kʷeḱ-,Proto-Indo-European,4500 BCE - 2500 BCE
सोमनाथ,सोम,Sanskrit,1500 BCE - present (liturgical/classical)
सोमनाथ,नाथ,Sanskrit,1500 BCE - present (liturgical/classical)
रञ्ज्,*reg-,Proto-Indo-European,4500 BCE - 2500 BCE
चित्रभानु,चित्र,Sanskrit,1500 BCE - present (liturgical/classical)
चित्रभानु,भानु,Sanskrit,1500 BCE - present (liturgical/classical)
सर्वजित्,सर्व,Sanskrit,1500 BCE - present (liturgical/classical)
सर्वजित्,जित्,Sanskrit,1500 BCE - present (liturgical/classical)
जर्तु,*ǵelt-,Proto-Indo-European,4500 BCE - 2500 BCE
प्लु,*plu-,Proto-Indo-Aryan,2000 BCE - 1500 BCE
प्लु,*plu-,Proto-Indo-Iranian,2200 BCE - 1800 BCE
प्लु,*plew-,Proto-Indo-European,4500 BCE - 2500 BCE
अनुसार,अनु-,Sanskrit,1500 BCE - present (liturgical/classical)
अनुसार,सार,Sanskrit,1500 BCE - present (liturgical/classical)
जुहोति,*ȷ́uźʰáwti,Proto-Indo-Aryan,2000 BCE - 1500 BCE
जुहोति,*ȷ́ʰuȷ́ʰáwti,Proto-Indo-Iranian,2200 BCE - 1800 BCE
हवते,*ȷ́ʰáwHatay,Proto-Indo-Iranian,2200 BCE - 1800 BCE
हवते,*ǵʰewH-,Proto-Indo-European,4500 BCE - 2500 BCE
हु,*źʰaw-,Proto-Indo-Aryan,2000 BCE - 1500 BCE
हु,*ȷ́ʰaw-,Proto-Indo-Iranian,2200 BCE - 1800 BCE
हु,*ǵʰew-,Proto-Indo-European,4500 BCE - 2500 BCE
ह्वे,*źʰway-,Proto-Indo-Aryan,2000 BCE - 1500 BCE
ह्वे,*ȷ́ʰway-,Proto-Indo-Iranian,2200 BCE - 1800 BCE
रंहति,*Hránźʰati,Proto-Indo-Aryan,2000 BCE - 1500 BCE
रंहति,*Hránǰʰati,Proto-Indo-Iranian,2200 BCE - 1800 BCE
रंहति,*h₁léngʷʰeti,Proto-Indo-European,4500 BCE - 2500 BCE
मात्र,*mā́tram,Proto-Indo-Iranian,2200 BCE - 1800 BCE
धावति,*dʰā́wati,Proto-Indo-Aryan,2000 BCE - 1500 BCE
धावति,*dʰā́wati,Proto-Indo-Iranian,2200 BCE - 1800 BCE
स्थित,*sth₂tós,Proto-Indo-European,4500 BCE - 2500 BCE
श्वास,*ćwāsás,Proto-Indo-Iranian,2200 BCE - 1800 BCE
वक्त्र,*wáktram,Proto-Indo-Aryan,2000 BCE - 1500 BCE
वक्त्र,*wáktram,Proto-Indo-Iranian,2200 BCE - 1800 BCE
वक्त्र,*wókʷtlom,Proto-Indo-European,4500 BCE - 2500 BCE
स्वामिन्,*s(u)w-o-,Proto-Indo-European,4500 BCE - 2500 BCE
दॄ,*dar-,Proto-Indo-Aryan,2000 BCE - 1500 BCE
दॄ,*dar-,Proto-Indo-Iranian,2200 BCE - 1800 BCE
दॄ,*der-,Proto-Indo-European,4500 BCE - 2500 BCE
रोधति,*Hráwdʰati,Proto-Indo-Aryan,2000 BCE - 1500 BCE
रोधति,*Hráwdʰati,Proto-Indo-Iranian,2200 BCE - 1800 BCE
रोधति,*h₁lewdʰ-,Proto-Indo-European,4500 BCE - 2500 BCE
लुभ्,*lewbʰ-,Proto-Indo-European,4500 BCE - 2500 BCE
ह्रादते,*źʰráHdatay,Proto-Indo-Aryan,2000 BCE - 1500 BCE
ह्रादते,*ȷ́ʰráHdatay,Proto-Indo-Iranian,2200 BCE - 1800 BCE
ह्रादते,*ǵʰreh₁d-,Proto-Indo-European,4500 BCE - 2500 BCE
अम्नस्,*(H)amnás,Proto-Indo-Aryan,2000 BCE - 1500 BCE
अम्नस्,*(H)amnás,Proto-Indo-Iranian,2200 BCE - 1800 BCE
अम्नस्,*(h₁)emno-,Proto-Indo-European,4500 BCE - 2500 BCE
क्षिपति,*kṣipáti,Proto-Indo-Aryan,2000 BCE - 1500 BCE
क्षिपति,*kšwipáti,Proto-Indo-Iranian,2200 BCE - 1800 BCE
इषु,*(H)íšuš,Proto-Indo-Iranian,2200 BCE - 1800 BCE
इषु,*(H)ísus,Proto-Indo-European,4500 BCE - 2500 BCE
हसति,*źʰas-,Proto-Indo-Aryan,2000 BCE - 1500 BCE
छेदि,*ćśáydiṣ,Proto-Indo-Aryan,2000 BCE - 1500 BCE
छेदि,*sčáydiš,Proto-Indo-Iranian,2200 BCE - 1800 BCE
छेदि,*skéydt,Proto-Indo-European,4500 BCE - 2500 BCE
कुप्,*kawp-,Proto-Indo-Aryan,2000 BCE - 1500 BCE
कुप्,*kawp-,Proto-Indo-Iranian,2200 BCE - 1800 BCE
कुप्,*kwep-,Proto-Indo-European,4500 BCE - 2500 BCE
विवादास्पद,विवाद,Sanskrit,1500 BCE - present (liturgical/classical)
विवादास्पद,आस्पद,Sanskrit,1500 BCE - present (liturgical/classical)
भ्री,*bʰreyH-,Proto-Indo-European,4500 BCE - 2500 BCE
द्रोह,*dʰráwgʰas,Proto-Indo-Iranian,2200 BCE - 1800 BCE
द्रोह,*dʰrówgʰos,Proto-Indo-European,4500 BCE - 2500 BCE
प्लीहन्,*spliHȷ́ʰā́,Proto-Indo-Iranian,2200 BCE - 1800 BCE
प्लीहन्,*(s)pli(H)ǵʰḗn,Proto-Indo-European,4500 BCE - 2500 BCE
जतु,*ȷ́átu,Proto-Indo-Aryan,2000 BCE - 1500 BCE
जतु,*ǰátu,Proto-Indo-Iranian,2200 BCE - 1800 BCE
जतु,*gʷet-,Proto-Indo-European,4500 BCE - 2500 BCE
त्सर्,*tsar-,Proto-Indo-Aryan,2000 BCE - 1500 BCE
त्सर्,*tsar-,Proto-Indo-Iranian,2200 BCE - 1800 BCE
त्सर्,*tsel-,Proto-Indo-European,4500 BCE - 2500 BCE
उभय,*bʰoh₁,Proto-Indo-European,4500 BCE - 2500 BCE
कङ्काल,*kenkēl-,Proto-Indo-European,4500 BCE - 2500 BCE
अस्पृश्यता,अस्पृश्यता,Hindi,not available
मज्जन्,*maźźʰā́,Proto-Indo-Aryan,2000 BCE - 1500 BCE
मज्जन्,*mazǰʰā́,Proto-Indo-Iranian,2200 BCE - 1800 BCE
मज्जन्,*mosgʰos,Proto-Indo-European,4500 BCE - 2500 BCE
हर्षति,*źʰárṣati,Proto-Indo-Aryan,2000 BCE - 1500 BCE
हर्षति,*ȷ́ʰáršati,Proto-Indo-Iranian,2200 BCE - 1800 BCE
वपा,*wamp-,Proto-Indo-European,4500 BCE - 2500 BCE
स्नावन्,*snéh₁wr̥,Proto-Indo-European,4500 BCE - 2500 BCE
दशा,*daćā-,Proto-Indo-Iranian,2200 BCE - 1800 BCE
शर्ध,*śárdʰas,Proto-Indo-Aryan,2000 BCE - 1500 BCE
शर्ध,*ćárdʰas,Proto-Indo-Iranian,2200 BCE - 1800 BCE
शर्ध,*ḱerdʰ-,Proto-Indo-European,4500 BCE - 2500 BCE
शङ्क्,*ḱenk-,Proto-Indo-European,4500 BCE - 2500 BCE
उदक,*wódr̥,Proto-Indo-European,4500 BCE - 2500 BCE
रोक,*rawkás,Proto-Indo-Iranian,2200 BCE - 1800 BCE
सामि,*sāmí,Proto-Indo-Aryan,2000 BCE - 1500 BCE
सामि,*sāmí,Proto-Indo-Iranian,2200 BCE - 1800 BCE
सामि,*sēmi,Proto-Indo-European,4500 BCE - 2500 BCE
उरु,*Hurúṣ,Proto-Indo-Aryan,2000 BCE - 1500 BCE
उरु,*Hurúš,Proto-Indo-Iranian,2200 BCE - 1800 BCE
उरु,*h₁wérus,Proto-Indo-European,4500 BCE - 2500 BCE
धूम्रपान,धूम्र,Sanskrit,1500 BCE - present (liturgical/classical)
धूम्रपान,पान,Sanskrit,1500 BCE - present (liturgical/classical)
सरत्,*ser-,Proto-Indo-European,4500 BCE - 2500 BCE
स्व,*swá,Proto-Indo-Aryan,2000 BCE - 1500 BCE
स्व,*swá,Proto-Indo-Iranian,2200 BCE - 1800 BCE
स्व,*swé,Proto-Indo-European,4500 BCE - 2500 BCE
पक्ष्मन्,*páṭṣma,Proto-Indo-Aryan,2000 BCE - 1500 BCE
पक्ष्मन्,*páćšma,Proto-Indo-Iranian,2200 BCE - 1800 BCE
पक्ष्मन्,*poḱsmn̥,Proto-Indo-European,4500 BCE - 2500 BCE
हदति,*źʰádati,Proto-Indo-Aryan,2000 BCE - 1500 BCE
हदति,*ȷ́ʰádati,Proto-Indo-Iranian,2200 BCE - 1800 BCE
हदति,*ǵʰéd-e-ti,Proto-Indo-European,4500 BCE - 2500 BCE
पर्शान,*párśaHnas,Proto-Indo-Aryan,2000 BCE - 1500 BCE
पर्शान,*párćaHnas,Proto-Indo-Iranian,2200 BCE - 1800 BCE
पर्शान,*pr̥ḱeh₂,Proto-Indo-European,4500 BCE - 2500 BCE
लोपाक,*h₂wl(o)p-,Proto-Indo-European,4500 BCE - 2500 BCE
असिन्व,*seh₂-,Proto-Indo-European,4500 BCE - 2500 BCE
हत,*źʰatás,Proto-Indo-Aryan,2000 BCE - 1500 BCE
हत,*ǰʰatás,Proto-Indo-Iranian,2200 BCE - 1800 BCE
कूप,*kúHpas,Proto-Indo-Aryan,2000 BCE - 1500 BCE
कूप,*kúHpas,Proto-Indo-Iranian,2200 BCE - 1800 BCE
ज्रयस्,*ȷ́ráyas,Proto-Indo-Iranian,2200 BCE - 1800 BCE
निखिल,नि,Sanskrit,1500 BCE - present (liturgical/classical)
निखिल,खिल,Sanskrit,1500 BCE - present (liturgical/classical)
मन्या,*mon-,Proto-Indo-European,4500 BCE - 2500 BCE
केकर,*kéh₂ikos,Proto-Indo-European,4500 BCE - 2500 BCE
केकर,*kaykaras,Proto-Indo-Iranian,2200 BCE - 1800 BCE
केकर,*kaykaras,Proto-Indo-Aryan,2000 BCE - 1500 BCE
सरस्,*sáras,Proto-Indo-Aryan,2000 BCE - 1500 BCE
सरस्,*sáras,Proto-Indo-Iranian,2200 BCE - 1800 BCE
सरस्,*sélos,Proto-Indo-European,4500 BCE - 2500 BCE
समा,*sámaH,Proto-Indo-Aryan,2000 BCE - 1500 BCE
समा,*sámaH,Proto-Indo-Iranian,2200 BCE - 1800 BCE
समा,*semh₂-,Proto-Indo-European,4500 BCE - 2500 BCE
ऋते,*h₁reh₁-,Proto-Indo-European,4500 BCE - 2500 BCE
इष्टका,*íṣṭakaH,Proto-Indo-Aryan,2000 BCE - 1500 BCE
इष्टका,*ištaH,Proto-Indo-Iranian,2200 BCE - 1800 BCE
ज्वलति,*ȷ́wálati,Proto-Indo-Aryan,2000 BCE - 1500 BCE
ज्वलति,*ȷ́wálati,Proto-Indo-Iranian,2200 BCE - 1800 BCE
पात्र,*páHtram,Proto-Indo-Aryan,2000 BCE - 1500 BCE
पात्र,*páHtram,Proto-Indo-Iranian,2200 BCE - 1800 BCE
कुल्व,*kl̥Hwás,Proto-Indo-Aryan,2000 BCE - 1500 BCE
कुल्व,*kl̥Hwás,Proto-Indo-Iranian,2200 BCE - 1800 BCE
अम्बा,*(H)anmáH,Proto-Indo-Iranian,2200 BCE - 1800 BCE
उषःकल,*kelh₁-,Proto-Indo-European,4500 BCE - 2500 BCE
शक्,*ḱak-,Proto-Indo-European,4500 BCE - 2500 BCE
चक्षु,*čákšuš,Proto-Indo-Iranian,2200 BCE - 1800 BCE
भोट,བོད,Tibetan,not available
भजन,*bʰeh₂g-,Proto-Indo-European,4500 BCE - 2500 BCE
मूक,*muHkós,Proto-Indo-European,4500 BCE - 2500 BCE
लङ्ग,*sleh₁g-,Proto-Indo-European,4500 BCE - 2500 BCE
कुत्र,*kútra,Proto-Indo-Aryan,2000 BCE - 1500 BCE
कुत्र,*kútra,Proto-Indo-Iranian,2200 BCE - 1800 BCE
कुत्र,*kú,Proto-Indo-European,4500 BCE - 2500 BCE
ऋष्टि,*Hr̥ṣtíṣ,Proto-Indo-Aryan,2000 BCE - 1500 BCE
ऋष्टि,*Hr̥štíš,Proto-Indo-Iranian,2200 BCE - 1800 BCE
ऋष्टि,*h₁r̥stís,Proto-Indo-European,4500 BCE - 2500 BCE
नु,*nu,Proto-Indo-European,4500 BCE - 2500 BCE
नु,*new-,Proto-Indo-European,4500 BCE - 2500 BCE
ईष्टे,*HíHštay,Proto-Indo-Iranian,2200 BCE - 1800 BCE
ईष्टे,*h₂eh₂óyḱe,Proto-Indo-European,4500 BCE - 2500 BCE
यजति,*Hyáȷ́ati,Proto-Indo-Aryan,2000 BCE - 1500 BCE
यजति,*Hyáȷ́ati,Proto-Indo-Iranian,2200 BCE - 1800 BCE
यजति,*h₁yaǵ-,Proto-Indo-European,4500 BCE - 2500 BCE
परुत्,*parut,Proto-Indo-Aryan,2000 BCE - 1500 BCE
परुत्,*parut,Proto-Indo-Iranian,2200 BCE - 1800 BCE
परुत्,*péruti,Proto-Indo-European,4500 BCE - 2500 BCE
शक्नोति,*śaknáwti,Proto-Indo-Aryan,2000 BCE - 1500 BCE
शक्नोति,*ćaknáwti,Proto-Indo-Iranian,2200 BCE - 1800 BCE
पिनाक,*pinē,Proto-Indo-European,4500 BCE - 2500 BCE
अनसूया,अन्,Sanskrit,1500 BCE - present (liturgical/classical)
अनसूया,असूया,Sanskrit,1500 BCE - present (liturgical/classical)
सीव्यति,*síHwati,Proto-Indo-Aryan,2000 BCE - 1500 BCE
सीव्यति,*síHwati,Proto-Indo-Iranian,2200 BCE - 1800 BCE
शब्दार्थ,शब्द,Sanskrit,1500 BCE - present (liturgical/classical)
शब्दार्थ,अर्थ,Sanskrit,1500 BCE - present (liturgical/classical)
आङ्ग्लभाषा,आङ्ग्ल,Sanskrit,1500 BCE - present (liturgical/classical)
आङ्ग्लभाषा,भाषा,Sanskrit,1500 BCE - present (liturgical/classical)
भस्त्रा,*bʰástraH,Proto-Indo-Aryan,2000 BCE - 1500 BCE
भस्त्रा,*bʰástraH,Proto-Indo-Iranian,2200 BCE - 1800 BCE
पितु,*pitúš,Proto-Indo-Iranian,2200 BCE - 1800 BCE
पितु,*peyt-,Proto-Indo-European,4500 BCE - 2500 BCE
उक्षन्,*(H)ukšā́,Proto-Indo-Iranian,2200 BCE - 1800 BCE
उक्षन्,*uksḗn,Proto-Indo-European,4500 BCE - 2500 BCE
बभ्रु,*bʰebʰrús,Proto-Indo-European,4500 BCE - 2500 BCE
बभ्रु,*bʰábʰruš,Proto-Indo-Iranian,2200 BCE - 1800 BCE
बभ्रु,*bʰébʰrus,Proto-Indo-European,4500 BCE - 2500 BCE
वाल,*wālás,Proto-Indo-Aryan,2000 BCE - 1500 BCE
वाल,*wālás,Proto-Indo-Iranian,2200 BCE - 1800 BCE
वाल,*welH-,Proto-Indo-European,4500 BCE - 2500 BCE
प्र-,*pra-,Proto-Indo-Aryan,2000 BCE - 1500 BCE
प्र-,*pra-,Proto-Indo-Iranian,2200 BCE - 1800 BCE
प्र-,*pro-,Proto-Indo-European,4500 BCE - 2500 BCE
बहिष्कार,बहिष्,Sanskrit,1500 BCE - present (liturgical/classical)
बहिष्कार,कार,Sanskrit,1500 BCE - present (liturgical/classical)
मद्,*meh₂d-,Proto-Indo-European,4500 BCE - 2500 BCE
त्व,*twás,Proto-Indo-Aryan,2000 BCE - 1500 BCE
त्व,*twás,Proto-Indo-Iranian,2200 BCE - 1800 BCE
त्व,*twós,Proto-Indo-European,4500 BCE - 2500 BCE
सर्जन,*sárȷ́anam,Proto-Indo-Aryan,2000 BCE - 1500 BCE
सर्जन,*sárȷ́anam,Proto-Indo-Iranian,2200 BCE - 1800 BCE
ईळ्,*Hayẓḍ-,Proto-Indo-Aryan,2000 BCE - 1500 BCE
मल्ह,*melǵʰ-,Proto-Indo-European,4500 BCE - 2500 BCE
कॢप्,*(s)kelH-,Proto-Indo-European,4500 BCE - 2500 BCE
मर्मर,*mormur,Proto-Indo-European,4500 BCE - 2500 BCE
मर्यादा,*maryáHdaH,Proto-Indo-Aryan,2000 BCE - 1500 BCE
मर्यादा,*maryáHdaH,Proto-Indo-Iranian,2200 BCE - 1800 BCE
मर्यादा,*móri,Proto-Indo-European,4500 BCE - 2500 BCE
शीर्षन्,*śr̥Hṣá,Proto-Indo-Aryan,2000 BCE - 1500 BCE
शीर्षन्,*ćr̥Hšá,Proto-Indo-Iranian,2200 BCE - 1800 BCE
शीर्षन्,*ḱérh₂sō,Proto-Indo-European,4500 BCE - 2500 BCE
अपसर्जन,*Hapasarȷ́anam,Proto-Indo-Aryan,2000 BCE - 1500 BCE
अपसर्जन,*Hapasarȷ́anam,Proto-Indo-Iranian,2200 BCE - 1800 BCE
रोदिति,*HráwdHti,Proto-Indo-Aryan,2000 BCE - 1500 BCE
रोदिति,*HráwdHti,Proto-Indo-Iranian,2200 BCE - 1800 BCE
रोदिति,*HrewdH-,Proto-Indo-European,4500 BCE - 2500 BCE
शृङ्खल,*ḱer-,Proto-Indo-European,4500 BCE - 2500 BCE
स्थिर,*stHrás,Proto-Indo-Iranian,2200 BCE - 1800 BCE
स्थिर,*steh₂-,Proto-Indo-European,4500 BCE - 2500 BCE
मर्य,*máryas,Proto-Indo-Iranian,2200 BCE - 1800 BCE
मर्य,*mer-,Proto-Indo-European,4500 BCE - 2500 BCE
गल,*gʷel-,Proto-Indo-European,4500 BCE - 2500 BCE
ईषत्,*īṣát,Proto-Indo-Aryan,2000 BCE - 1500 BCE
ईषत्,*īšát,Proto-Indo-Iranian,2200 BCE - 1800 BCE
ईषत्,*isn̥t,Proto-Indo-European,4500 BCE - 2500 BCE
कञ्चन,*kn̥h₂ónks,Proto-Indo-European,4500 BCE - 2500 BCE
उभौ,*HubʰáH,Proto-Indo-Aryan,2000 BCE - 1500 BCE
उभौ,*HubʰáH,Proto-Indo-Iranian,2200 BCE - 1800 BCE
उभौ,*h₂ubʰóh₁,Proto-Indo-European,4500 BCE - 2500 BCE
अन्धस्,*h₂éndʰos,Proto-Indo-European,4500 BCE - 2500 BCE
तत,*tn̥tós,Proto-Indo-European,4500 BCE - 2500 BCE
तत,*tata-,Proto-Indo-European,4500 BCE - 2500 BCE
अर्ध,*Hárdʰas,Proto-Indo-Iranian,2200 BCE - 1800 BCE
कृत,*kr̥tás,Proto-Indo-Iranian,2200 BCE - 1800 BCE
अधम,*adʰamás,Proto-Indo-Aryan,2000 BCE - 1500 BCE
अधम,*adʰamás,Proto-Indo-Iranian,2200 BCE - 1800 BCE
अस्मान्,*asmá,Proto-Indo-Aryan,2000 BCE - 1500 BCE
अस्मान्,*asmá,Proto-Indo-Iranian,2200 BCE - 1800 BCE
अस्मान्,*n̥smé,Proto-Indo-European,4500 BCE - 2500 BCE
फिङ्गक,*(s)pingos,Proto-Indo-European,4500 BCE - 2500 BCE
श्याव,*ćyaHwás,Proto-Indo-Iranian,2200 BCE - 1800 BCE
बधिर,*bʰodʰHrós,Proto-Indo-European,4500 BCE - 2500 BCE
जामातृ,*ȷ́ā́mātā,Proto-Indo-Iranian,2200 BCE - 1800 BCE
जामातृ,*ǵem-,Proto-Indo-European,4500 BCE - 2500 BCE
होला,*źʰawlaH,Proto-Indo-Aryan,2000 BCE - 1500 BCE
पङ्क,*pen-,Proto-Indo-European,4500 BCE - 2500 BCE
मन्दुरा,*mendreh₂,Proto-Indo-European,4500 BCE - 2500 BCE
उष्ट्र,*úštras,Proto-Indo-Iranian,2200 BCE - 1800 BCE
हेति,*ǵʰeyt-,Proto-Indo-European,4500 BCE - 2500 BCE
स्नुषा,*snušás,Proto-Indo-Iranian,2200 BCE - 1800 BCE
स्नुषा,*snusós,Proto-Indo-European,4500 BCE - 2500 BCE
कोलिक,*koḍika,Proto-Dravidian,3000 BCE - 1500 BCE (disputed)
धूलि,*dʰuHliṣ,Proto-Indo-Aryan,2000 BCE - 1500 BCE
धूलि,*dʰuHliš,Proto-Indo-Iranian,2200 BCE - 1800 BCE
नस्,*nas,Proto-Indo-Iranian,2200 BCE - 1800 BCE
नस्,*n̥smé,Proto-Indo-European,4500 BCE - 2500 BCE
नस्,*nHás,Proto-Indo-Iranian,2200 BCE - 1800 BCE
नस्,*néh₂s,Proto-Indo-European,4500 BCE - 2500 BCE
धाना,*dʰaHnáH,Proto-Indo-Aryan,2000 BCE - 1500 BCE
धाना,*dʰaHnáH,Proto-Indo-Iranian,2200 BCE - 1800 BCE
धाना,*dʰoHnéh₂,Proto-Indo-European,4500 BCE - 2500 BCE
निद्रा,*HnidráH,Proto-Indo-Iranian,2200 BCE - 1800 BCE
कृकर,*kerk-,Proto-Indo-European,4500 BCE - 2500 BCE
कुब्ज,*kubȷ́ás,Proto-Indo-Aryan,2000 BCE - 1500 BCE
कुब्ज,*kubȷ́ás,Proto-Indo-Iranian,2200 BCE - 1800 BCE
कुब्ज,*ḱewb-,Proto-Indo-European,4500 BCE - 2500 BCE
पृथुक,*pŕ̥tʰukas,Proto-Indo-Aryan,2000 BCE - 1500 BCE
पृथुक,*pŕ̥tʰukas,Proto-Indo-Iranian,2200 BCE - 1800 BCE
ऋज्र,*Hr̥ȷ́rás,Proto-Indo-Aryan,2000 BCE - 1500 BCE
ऋज्र,*Hr̥ȷ́rás,Proto-Indo-Iranian,2200 BCE - 1800 BCE
श्येन,*ćyaynás,Proto-Indo-Iranian,2200 BCE - 1800 BCE
पुत्रकाम,पुत्र,Sanskrit,1500 BCE - present (liturgical/classical)
पुत्रकाम,काम,Sanskrit,1500 BCE - present (liturgical/classical)
भुजङ्ग,भुज्,Sanskrit,1500 BCE - present (liturgical/classical)
भुजङ्ग,अङ्ग,Sanskrit,1500 BCE - present (liturgical/classical)
तरुण,*tárunas,Proto-Indo-Iranian,2200 BCE - 1800 BCE
शफ,*ćapʰás,Proto-Indo-Iranian,2200 BCE - 1800 BCE
शफ,*ḱoph₂ós,Proto-Indo-European,4500 BCE - 2500 BCE
स्मत्,*me,Proto-Indo-European,4500 BCE - 2500 BCE
सचा,*sáčaH,Proto-Indo-Iranian,2200 BCE - 1800 BCE
सचा,*sekʷ-,Proto-Indo-European,4500 BCE - 2500 BCE
ऋघायति,*Hr̥gʰaHyáti,Proto-Indo-Aryan,2000 BCE - 1500 BCE
ऋघायति,*Hr̥gʰaHyáti,Proto-Indo-Iranian,2200 BCE - 1800 BCE
ऋषभ,*(w)r̥šabʰás,Proto-Indo-Iranian,2200 BCE - 1800 BCE
हृद्रोग,हृद्,Sanskrit,1500 BCE - present (liturgical/classical)
हृद्रोग,रोग,Sanskrit,1500 BCE - present (liturgical/classical)
मक्षू,*maṭṣúṣ,Proto-Indo-Aryan,2000 BCE - 1500 BCE
मक्षू,*maćšúš,Proto-Indo-Iranian,2200 BCE - 1800 BCE
मक्षू,*moḱs,Proto-Indo-European,4500 BCE - 2500 BCE
क्षम्,*ḍẓʰáHs,Proto-Indo-Aryan,2000 BCE - 1500 BCE
क्षम्,*ȷ́ʰžʰáHs,Proto-Indo-Iranian,2200 BCE - 1800 BCE
क्षम्,*dʰéǵʰōm,Proto-Indo-European,4500 BCE - 2500 BCE
क्षम्,*kšamH-,Proto-Indo-Iranian,2200 BCE - 1800 BCE
मृद्,*mŕ̥ts,Proto-Indo-Aryan,2000 BCE - 1500 BCE
मृद्,*mŕ̥ts,Proto-Indo-Iranian,2200 BCE - 1800 BCE
ऋजु,*Hr̥ȷ́úš,Proto-Indo-Iranian,2200 BCE - 1800 BCE
पांसु,*pānsúṣ,Proto-Indo-Aryan,2000 BCE - 1500 BCE
पांसु,*pānsúš,Proto-Indo-Iranian,2200 BCE - 1800 BCE
पांसु,*pē(n)sus,Proto-Indo-European,4500 BCE - 2500 BCE
धृषु,*dʰr̥ṣúṣ,Proto-Indo-Aryan,2000 BCE - 1500 BCE
धृषु,*dʰr̥šúš,Proto-Indo-Iranian,2200 BCE - 1800 BCE
पाषी,*pels-,Proto-Indo-European,4500 BCE - 2500 BCE
ऋश्य,*h₁el-,Proto-Indo-European,4500 BCE - 2500 BCE
वार्,*ur,Proto-Indo-European,4500 BCE - 2500 BCE
वापी,*weHp-,Proto-Indo-European,4500 BCE - 2500 BCE
वर्षति,*Hwáršati,Proto-Indo-Iranian,2200 BCE - 1800 BCE
वर्षति,*h₁wers-,Proto-Indo-European,4500 BCE - 2500 BCE
लोपाश,*HlawpaHśás,Proto-Indo-Aryan,2000 BCE - 1500 BCE
लोपाश,*HlawpaHćás,Proto-Indo-Iranian,2200 BCE - 1800 BCE
लोपाश,*h₂wl(o)p-,Proto-Indo-European,4500 BCE - 2500 BCE
अद्ग,*Hádᶻgas,Proto-Indo-Iranian,2200 BCE - 1800 BCE
अद्ग,*Hodsgʷós,Proto-Indo-European,4500 BCE - 2500 BCE
जलूका,*ǵelu-,Proto-Indo-European,4500 BCE - 2500 BCE
मशक,*makáśas,Proto-Indo-Aryan,2000 BCE - 1500 BCE
मशक,*makáćas,Proto-Indo-Iranian,2200 BCE - 1800 BCE
वसा,*wásaH,Proto-Indo-Aryan,2000 BCE - 1500 BCE
वसा,*wásaH,Proto-Indo-Iranian,2200 BCE - 1800 BCE
वसा,*wóseh₂,Proto-Indo-European,4500 BCE - 2500 BCE
वाष्प,*wápōs,Proto-Indo-European,4500 BCE - 2500 BCE
गिरति,*gr̥Háti,Proto-Indo-Aryan,2000 BCE - 1500 BCE
गिरति,*gr̥Háti,Proto-Indo-Iranian,2200 BCE - 1800 BCE
चमति,*ćámati,Proto-Indo-Aryan,2000 BCE - 1500 BCE
चमति,*čámati,Proto-Indo-Iranian,2200 BCE - 1800 BCE
मत्कुण,*mot-,Proto-Indo-European,4500 BCE - 2500 BCE
रक्षति,*Hrákṣati,Proto-Indo-Aryan,2000 BCE - 1500 BCE
रक्षति,*Hrákšati,Proto-Indo-Iranian,2200 BCE - 1800 BCE
रक्षति,*h₂lékseti,Proto-Indo-European,4500 BCE - 2500 BCE
मूर्धन्,*mr̥Hdʰā́,Proto-Indo-Aryan,2000 BCE - 1500 BCE
मूर्धन्,*mr̥Hdʰā́,Proto-Indo-Iranian,2200 BCE - 1800 BCE
मूर्धन्,*ml̥Hdʰṓ,Proto-Indo-European,4500 BCE - 2500 BCE
मुष्टि,*muštíš,Proto-Indo-Iranian,2200 BCE - 1800 BCE
सुरा,*súraH,Proto-Indo-Iranian,2200 BCE - 1800 BCE
दर्शयति,*darśáyati,Proto-Indo-Aryan,2000 BCE - 1500 BCE
दर्शयति,*darćáyati,Proto-Indo-Iranian,2200 BCE - 1800 BCE
स्वादु,*swáHduš,Proto-Indo-Iranian,2200 BCE - 1800 BCE
स्वादु,*swéh₂dus,Proto-Indo-European,4500 BCE - 2500 BCE
भाम,*bʰáHmas,Proto-Indo-Aryan,2000 BCE - 1500 BCE
भाम,*bʰáHmas,Proto-Indo-Iranian,2200 BCE - 1800 BCE
अवति,*Háwati,Proto-Indo-Aryan,2000 BCE - 1500 BCE
अवति,*Háwati,Proto-Indo-Iranian,2200 BCE - 1800 BCE
अवति,*h₂ew-,Proto-Indo-European,4500 BCE - 2500 BCE
तुष्यति,*túṣyati,Proto-Indo-Aryan,2000 BCE - 1500 BCE
तुष्यति,*tušyáti,Proto-Indo-Iranian,2200 BCE - 1800 BCE
हेड,*źʰáyẓḍas,Proto-Indo-Aryan,2000 BCE - 1500 BCE
हेड,*ȷ́ʰáyždas,Proto-Indo-Iranian,2200 BCE - 1800 BCE
जात,*ȷ́aHtás,Proto-Indo-Iranian,2200 BCE - 1800 BCE
जात,*ǵn̥h₁tós,Proto-Indo-European,4500 BCE - 2500 BCE
गर्जति,*gárȷ́ati,Proto-Indo-Aryan,2000 BCE - 1500 BCE
गर्जति,*gárǰati,Proto-Indo-Iranian,2200 BCE - 1800 BCE
रिक्षा,*rik-,Proto-Indo-European,4500 BCE - 2500 BCE
मीळ्ह,*miždʰám,Proto-Indo-Iranian,2200 BCE - 1800 BCE
मीळ्ह,*misdʰós,Proto-Indo-European,4500 BCE - 2500 BCE
श्रेयस्,*śráyHyas,Proto-Indo-Aryan,2000 BCE - 1500 BCE
श्रेयस्,*ćráyHyas,Proto-Indo-Iranian,2200 BCE - 1800 BCE
दूळभ,*duẓḍábʰas,Proto-Indo-Aryan,2000 BCE - 1500 BCE
दूळभ,*duždábʰas,Proto-Indo-Iranian,2200 BCE - 1800 BCE
मीढ,*miẓḍʰám,Proto-Indo-Aryan,2000 BCE - 1500 BCE
मीढ,*miždʰám,Proto-Indo-Iranian,2200 BCE - 1800 BCE
मीढ,*misdʰós,Proto-Indo-European,4500 BCE - 2500 BCE
मीढ,*Hmiẓḍʰás,Proto-Indo-Aryan,2000 BCE - 1500 BCE
मीढ,*Hmiždʰás,Proto-Indo-Iranian,2200 BCE - 1800 BCE
मीढ,*h₃meyǵʰ-,Proto-Indo-European,4500 BCE - 2500 BCE
हिर,*ǵʰer-,Proto-Indo-European,4500 BCE - 2500 BCE
नश्यति,*náćyati,Proto-Indo-Iranian,2200 BCE - 1800 BCE
नाशयति,*nāśáyati,Proto-Indo-Aryan,2000 BCE - 1500 BCE
नाशयति,*nāćáyati,Proto-Indo-Iranian,2200 BCE - 1800 BCE
स्कन्ध,*skandʰás,Proto-Indo-Aryan,2000 BCE - 1500 BCE
स्कन्ध,*skandʰás,Proto-Indo-Iranian,2200 BCE - 1800 BCE
स्कन्ध,*skendʰ-,Proto-Indo-European,4500 BCE - 2500 BCE
ऋणिन्,ऋण,Sanskrit,1500 BCE - present (liturgical/classical)
ऋणिन्,-इन्,Sanskrit,1500 BCE - present (liturgical/classical)
चन्द्,*(s)kand-,Proto-Indo-European,4500 BCE - 2500 BCE
श्चन्द्र,*(s)ćandrás,Proto-Indo-Aryan,2000 BCE - 1500 BCE
श्चन्द्र,*(s)čandrás,Proto-Indo-Iranian,2200 BCE - 1800 BCE
श्चन्द्र,*(s)kand-,Proto-Indo-European,4500 BCE - 2500 BCE
अव,*Háwa,Proto-Indo-Iranian,2200 BCE - 1800 BCE
अव,*h₂ew,Proto-Indo-European,4500 BCE - 2500 BCE
अव,*Hawa,Proto-Indo-Iranian,2200 BCE - 1800 BCE
अन्ध,*andʰás,Proto-Indo-Iranian,2200 BCE - 1800 BCE
पच्,*pać-,Proto-Indo-Aryan,2000 BCE - 1500 BCE
पच्,*pač-,Proto-Indo-Iranian,2200 BCE - 1800 BCE
पच्,*pekʷ-,Proto-Indo-European,4500 BCE - 2500 BCE
म्रियते,*mriyátay,Proto-Indo-Aryan,2000 BCE - 1500 BCE
म्रियते,*mriyátay,Proto-Indo-Iranian,2200 BCE - 1800 BCE
जयति,*ȷ́áyati,Proto-Indo-Aryan,2000 BCE - 1500 BCE
जयति,*ǰáyati,Proto-Indo-Iranian,2200 BCE - 1800 BCE
शरु,*śáruṣ,Proto-Indo-Aryan,2000 BCE - 1500 BCE
शरु,*ćáruš,Proto-Indo-Iranian,2200 BCE - 1800 BCE
शरु,*ḱérus,Proto-Indo-European,4500 BCE - 2500 BCE
अस्र,*HásHram,Proto-Indo-Aryan,2000 BCE - 1500 BCE
अस्र,*HásHram,Proto-Indo-Iranian,2200 BCE - 1800 BCE
अस्र,*h₁ésh₂rom,Proto-Indo-European,4500 BCE - 2500 BCE
चिता,*kʷey-,Proto-Indo-European,4500 BCE - 2500 BCE
नयति,*náyHati,Proto-Indo-Aryan,2000 BCE - 1500 BCE
नयति,*náyHati,Proto-Indo-Iranian,2200 BCE - 1800 BCE
नयति,*neyH-,Proto-Indo-European,4500 BCE - 2500 BCE
रन्धयति,*lendʰ-,Proto-Indo-European,4500 BCE - 2500 BCE
भाषते,*bʰeh₂-,Proto-Indo-European,4500 BCE - 2500 BCE
शोचति,*ḱew-,Proto-Indo-European,4500 BCE - 2500 BCE
जीव्,*ǰayHw-,Proto-Indo-Iranian,2200 BCE - 1800 BCE
जीव्,*gʷeyh₃-,Proto-Indo-European,4500 BCE - 2500 BCE
योस्,*Hyáwṣ,Proto-Indo-Aryan,2000 BCE - 1500 BCE
योस्,*Hyáwš,Proto-Indo-Iranian,2200 BCE - 1800 BCE
रम्,*Hram-,Proto-Indo-Iranian,2200 BCE - 1800 BCE
रम्,*h₁rem-,Proto-Indo-European,4500 BCE - 2500 BCE
अल्पप्राण,अल्प,Sanskrit,1500 BCE - present (liturgical/classical)
अल्पप्राण,प्राण,Sanskrit,1500 BCE - present (liturgical/classical)
रमते,*Hrámati,Proto-Indo-Iranian,2200 BCE - 1800 BCE
महाप्राण,महा,Sanskrit,1500 BCE - present (liturgical/classical)
महाप्राण,प्राण,Sanskrit,1500 BCE - present (liturgical/classical)
भजते,*bʰáHȷ́atay,Proto-Indo-Aryan,2000 BCE - 1500 BCE
भजते,*bʰáHǰatay,Proto-Indo-Iranian,2200 BCE - 1800 BCE
केसर,*káysaras,Proto-Indo-Aryan,2000 BCE - 1500 BCE
केसर,*káysaras,Proto-Indo-Iranian,2200 BCE - 1800 BCE
केसर,*kéysero-,Proto-Indo-European,4500 BCE - 2500 BCE
काशते,*kā́śatay,Proto-Indo-Aryan,2000 BCE - 1500 BCE
काशते,*kā́ćatay,Proto-Indo-Iranian,2200 BCE - 1800 BCE
शास्ति,*śáHsti,Proto-Indo-Aryan,2000 BCE - 1500 BCE
शास्ति,*ćáHsti,Proto-Indo-Iranian,2200 BCE - 1800 BCE
जायते,*ȷ́aHyátay,Proto-Indo-Aryan,2000 BCE - 1500 BCE
जायते,*ȷ́aHyátay,Proto-Indo-Iranian,2200 BCE - 1800 BCE
जायते,*ǵenh₁-,Proto-Indo-European,4500 BCE - 2500 BCE
मुह्,*mawǰʰ- ~ *mawgʰ-,Proto-Indo-Iranian,2200 BCE - 1800 BCE
मुह्यति,*muźʰyati,Proto-Indo-Aryan,2000 BCE - 1500 BCE
मुह्यति,*múǰʰyati,Proto-Indo-Iranian,2200 BCE - 1800 BCE
तुदति,*tudáti,Proto-Indo-Aryan,2000 BCE - 1500 BCE
तुदति,*tudáti,Proto-Indo-Iranian,2200 BCE - 1800 BCE
तुदति,*(s)tewd-,Proto-Indo-European,4500 BCE - 2500 BCE
विन्दति,*windáti,Proto-Indo-Aryan,2000 BCE - 1500 BCE
विन्दति,*windáti,Proto-Indo-Iranian,2200 BCE - 1800 BCE
ककार,क,Sanskrit,1500 BCE - present (liturgical/classical)
ककार,कार,Sanskrit,1500 BCE - present (liturgical/classical)
खकार,ख,Sanskrit,1500 BCE - present (liturgical/classical)
खकार,कार,Sanskrit,1500 BCE - present (liturgical/classical)
घकार,घ,Sanskrit,1500 BCE - present (liturgical/classical)
घकार,कार,Sanskrit,1500 BCE - present (liturgical/classical)
ङकार,ङ,Sanskrit,1500 BCE - present (liturgical/classical)
ङकार,कार,Sanskrit,1500 BCE - present (liturgical/classical)
गकार,ग,Sanskrit,1500 BCE - present (liturgical/classical)
गकार,कार,Sanskrit,1500 BCE - present (liturgical/classical)
चकार,च,Sanskrit,1500 BCE - present (liturgical/classical)
चकार,कार,Sanskrit,1500 BCE - present (liturgical/classical)
हकार,ह,Sanskrit,1500 BCE - present (liturgical/classical)
हकार,कार,Sanskrit,1500 BCE - present (liturgical/classical)
छकार,छ,Sanskrit,1500 BCE - present (liturgical/classical)
छकार,कार,Sanskrit,1500 BCE - present (liturgical/classical)
जकार,ज,Sanskrit,1500 BCE - present (liturgical/classical)
जकार,कार,Sanskrit,1500 BCE - present (liturgical/classical)
ञकार,ञ,Sanskrit,1500 BCE - present (liturgical/classical)
ञकार,कार,Sanskrit,1500 BCE - present (liturgical/classical)
झकार,झ,Sanskrit,1500 BCE - present (liturgical/classical)
झकार,कार,Sanskrit,1500 BCE - present (liturgical/classical)
उपकार,उप-,Sanskrit,1500 BCE - present (liturgical/classical)
उपकार,-कार,Sanskrit,1500 BCE - present (liturgical/classical)
यकार,य,Sanskrit,1500 BCE - present (liturgical/classical)
यकार,कार,Sanskrit,1500 BCE - present (liturgical/classical)
यभ्,*Hyabʰ-,Proto-Indo-Aryan,2000 BCE - 1500 BCE
यभ्,*Hyabʰ-,Proto-Indo-Iranian,2200 BCE - 1800 BCE
यभ्,*h₃yebʰ-,Proto-Indo-European,4500 BCE - 2500 BCE
शकार,श,Sanskrit,1500 BCE - present (liturgical/classical)
शकार,कार,Sanskrit,1500 BCE - present (liturgical/classical)
जन्तु,*ĵantúṣ,Proto-Indo-Aryan,2000 BCE - 1500 BCE
जन्तु,*ȷ́antúš,Proto-Indo-Iranian,2200 BCE - 1800 BCE
जन्तु,*ǵenh₁-,Proto-Indo-European,4500 BCE - 2500 BCE
अंशकरण,अंश,Sanskrit,1500 BCE - present (liturgical/classical)
अंशकरण,करण,Sanskrit,1500 BCE - present (liturgical/classical)
अर्धपथ,अर्ध,Sanskrit,1500 BCE - present (liturgical/classical)
अर्धपथ,पथ,Sanskrit,1500 BCE - present (liturgical/classical)
कक्ष,*káćšas,Proto-Indo-Iranian,2200 BCE - 1800 BCE
कक्ष,*kagʰ-,Proto-Indo-European,4500 BCE - 2500 BCE
मूर,*muHrós,Proto-Indo-European,4500 BCE - 2500 BCE
कनिष्क,Κανηϸκι,Bactrian,not available
चन्द्रगुप्त,चन्द्र,Sanskrit,1500 BCE - present (liturgical/classical)
चन्द्रगुप्त,गुप्त,Sanskrit,1500 BCE - present (liturgical/classical)
कस्तूरी,*kestor-,Proto-Indo-European,4500 BCE - 2500 BCE
अति,*áti,Proto-Indo-Aryan,2000 BCE - 1500 BCE
अति,*áti,Proto-Indo-Iranian,2200 BCE - 1800 BCE
अति,*éti,Proto-Indo-European,4500 BCE - 2500 BCE
त्वष्टृ,*twá(r)ṣṭā,Proto-Indo-Aryan,2000 BCE - 1500 BCE
त्वष्टृ,*twárštā,Proto-Indo-Iranian,2200 BCE - 1800 BCE
अञ्जस्,*Hánȷ́as,Proto-Indo-Aryan,2000 BCE - 1500 BCE
अञ्जस्,*Hánǰas,Proto-Indo-Iranian,2200 BCE - 1800 BCE
भर्तृ,*bʰártā,Proto-Indo-Aryan,2000 BCE - 1500 BCE
भर्तृ,*bʰártā,Proto-Indo-Iranian,2200 BCE - 1800 BCE
भर्तृ,*bʰartā́,Proto-Indo-Aryan,2000 BCE - 1500 BCE
भर्तृ,*bʰartā́,Proto-Indo-Iranian,2200 BCE - 1800 BCE
भर्तृ,*bʰer-,Proto-Indo-European,4500 BCE - 2500 BCE
असित,*n̥si-,Proto-Indo-European,4500 BCE - 2500 BCE
अर्शस्,*Hárćas,Proto-Indo-Iranian,2200 BCE - 1800 BCE
अर्शस्,*h₁élḱos,Proto-Indo-European,4500 BCE - 2500 BCE
श्मश्रु,*smoḱru,Proto-Indo-European,4500 BCE - 2500 BCE
रजनी,*Hráȷ́aniH,Proto-Indo-Aryan,2000 BCE - 1500 BCE
रजनी,*HráǰaniH,Proto-Indo-Iranian,2200 BCE - 1800 BCE
रजनी,*h₁régʷenih₂,Proto-Indo-European,4500 BCE - 2500 BCE
स्फ्य,*(s)piHn-,Proto-Indo-European,4500 BCE - 2500 BCE
एधते,*Háydʰatay,Proto-Indo-Aryan,2000 BCE - 1500 BCE
एधते,*Háydʰatay,Proto-Indo-Iranian,2200 BCE - 1800 BCE
एव,*Háywas,Proto-Indo-Iranian,2200 BCE - 1800 BCE
ब्रू,*mlewH-,Proto-Indo-European,4500 BCE - 2500 BCE
उत्तान,*uttaHnás,Proto-Indo-Aryan,2000 BCE - 1500 BCE
उत्तान,*utˢtaHnás,Proto-Indo-Iranian,2200 BCE - 1800 BCE
शीर्ष,*śr̥Hṣá,Proto-Indo-Aryan,2000 BCE - 1500 BCE
शीर्ष,*ćr̥Hšá,Proto-Indo-Iranian,2200 BCE - 1800 BCE
कदा,*kadáH,Proto-Indo-Aryan,2000 BCE - 1500 BCE
कदा,*kadáH,Proto-Indo-Iranian,2200 BCE - 1800 BCE
कदा,*kʷodéh₂,Proto-Indo-European,4500 BCE - 2500 BCE
इदम्,*éy,Proto-Indo-European,4500 BCE - 2500 BCE
उकरा,كُرَة,Arabic,600 CE - present
तत्र,*tátra,Proto-Indo-Aryan,2000 BCE - 1500 BCE
तत्र,*tátra,Proto-Indo-Iranian,2200 BCE - 1800 BCE
तत्र,*tód,Proto-Indo-European,4500 BCE - 2500 BCE
दृकाण,δεκανός,Ancient Greek,1500 BCE - 300 BCE
पलव,*pel-,Proto-Indo-European,4500 BCE - 2500 BCE
परिस्तोम,περίστρωμα,Ancient Greek,1500 BCE - 300 BCE
यवन,𑀬𑁄𑀦,Ashokan Prakrit,300 BCE - 100 BCE
यवन,𐎹𐎢𐎴,Old Persian,600 BCE - 300 BCE
यवन,Ἴων,Ancient Greek,1500 BCE - 300 BCE
हिङ्गु,*Hángwr̥,Proto-Iranian,not available
चरु,*ćarúṣ,Proto-Indo-Aryan,2000 BCE - 1500 BCE
चरु,*čarúš,Proto-Indo-Iranian,2200 BCE - 1800 BCE
चरु,*kʷerús,Proto-Indo-European,4500 BCE - 2500 BCE
शङ्कते,*śánkatay,Proto-Indo-Aryan,2000 BCE - 1500 BCE
शङ्कते,*ćánkatay,Proto-Indo-Iranian,2200 BCE - 1800 BCE
शङ्कते,*ḱenk-,Proto-Indo-European,4500 BCE - 2500 BCE
वश्,*weḱ-,Proto-Indo-European,4500 BCE - 2500 BCE
रोमन्थ,*sréwmn̥-,Proto-Indo-European,4500 BCE - 2500 BCE
भेद,*bʰeyd-,Proto-Indo-European,4500 BCE - 2500 BCE
ह्रादुनि,*ǵʰreh₃d-,Proto-Indo-European,4500 BCE - 2500 BCE
अज,*Haȷ́ás,Proto-Indo-Aryan,2000 BCE - 1500 BCE
अज,*Haȷ́ás,Proto-Indo-Iranian,2200 BCE - 1800 BCE
अमवत्,*Hámawants,Proto-Indo-Aryan,2000 BCE - 1500 BCE
अमवत्,*Hámawants,Proto-Indo-Iranian,2200 BCE - 1800 BCE
ह्वयति,*ȷ́ʰwáyati,Proto-Indo-Iranian,2200 BCE - 1800 BCE
ह्वयति,*ǵʰewH-,Proto-Indo-European,4500 BCE - 2500 BCE
गलति,*gálati,Proto-Indo-Aryan,2000 BCE - 1500 BCE
गलति,*gálati,Proto-Indo-Iranian,2200 BCE - 1800 BCE
जनितृ,*ǵénh₁tōr,Proto-Indo-European,4500 BCE - 2500 BCE
हुत,*ǵʰutós,Proto-Indo-European,4500 BCE - 2500 BCE
मातुःष्वसृ,मातुः,Sanskrit,1500 BCE - present (liturgical/classical)
मातुःष्वसृ,स्वसृ,Sanskrit,1500 BCE - present (liturgical/classical)
यूष,*yúHs,Proto-Indo-European,4500 BCE - 2500 BCE
निन्दा,*h₃neyd-,Proto-Indo-European,4500 BCE - 2500 BCE
भ्रूण,*bʰrewH-,Proto-Indo-European,4500 BCE - 2500 BCE
होम,*źʰáwmas,Proto-Indo-Aryan,2000 BCE - 1500 BCE
होम,*ȷ́ʰáwmas,Proto-Indo-Iranian,2200 BCE - 1800 BCE
स्तौति,*stā́wti,Proto-Indo-Aryan,2000 BCE - 1500 BCE
स्तौति,*stā́wti,Proto-Indo-Iranian,2200 BCE - 1800 BCE
आता,*HáHtaH,Proto-Indo-Aryan,2000 BCE - 1500 BCE
आता,*HáHtaH,Proto-Indo-Iranian,2200 BCE - 1800 BCE
आता,*h₂ń̻Hteh₂,Proto-Indo-European,4500 BCE - 2500 BCE
गर्दभ,*gordebʰó-,Proto-Indo-European,4500 BCE - 2500 BCE
स्नायु,*snáHwar,Proto-Indo-Aryan,2000 BCE - 1500 BCE
स्नायु,*snéh₁wr̥,Proto-Indo-European,4500 BCE - 2500 BCE
रोहित,*Hráwdʰitas,Proto-Indo-Aryan,2000 BCE - 1500 BCE
रोहित,*Hráwdʰitas,Proto-Indo-Iranian,2200 BCE - 1800 BCE
रोहित,*h₁rewdʰ-,Proto-Indo-European,4500 BCE - 2500 BCE
शुभ्र,*śubʰrás,Proto-Indo-Aryan,2000 BCE - 1500 BCE
शुभ्र,*ćubʰrás,Proto-Indo-Iranian,2200 BCE - 1800 BCE
पिशाच,*peys-,Proto-Indo-European,4500 BCE - 2500 BCE
ओष,*Hawṣás,Proto-Indo-Aryan,2000 BCE - 1500 BCE
ओष,*Hawšás,Proto-Indo-Iranian,2200 BCE - 1800 BCE
क्षीयते,*gẓʰiyátay,Proto-Indo-Aryan,2000 BCE - 1500 BCE
क्षीयते,*gžʰiyátay,Proto-Indo-Iranian,2200 BCE - 1800 BCE
क्षीयते,*dʰgʷʰey-,Proto-Indo-European,4500 BCE - 2500 BCE
जीर्ण,*źr̥Hnás,Proto-Indo-Aryan,2000 BCE - 1500 BCE
जीर्ण,*ȷ́r̥Hnás,Proto-Indo-Iranian,2200 BCE - 1800 BCE
गोरूप,गो,Sanskrit,1500 BCE - present (liturgical/classical)
गोरूप,रूप,Sanskrit,1500 BCE - present (liturgical/classical)
क्षित,*gẓʰitás,Proto-Indo-Aryan,2000 BCE - 1500 BCE
क्षित,*gžʰitás,Proto-Indo-Iranian,2200 BCE - 1800 BCE
ध्रुव,*dʰruwás,Proto-Indo-Aryan,2000 BCE - 1500 BCE
ध्रुव,*dʰruwás,Proto-Indo-Iranian,2200 BCE - 1800 BCE
ऐश्वर्य,*h₂eyḱ-,Proto-Indo-European,4500 BCE - 2500 BCE
हन्,*ǰʰā́,Proto-Indo-Iranian,2200 BCE - 1800 BCE
हन्,*gʷʰen-,Proto-Indo-European,4500 BCE - 2500 BCE
हन्,*ǰʰan-,Proto-Indo-Iranian,2200 BCE - 1800 BCE
हरस्,*źʰáras,Proto-Indo-Aryan,2000 BCE - 1500 BCE
हरस्,*ǰʰáras,Proto-Indo-Iranian,2200 BCE - 1800 BCE
हरस्,*gʷʰéros,Proto-Indo-European,4500 BCE - 2500 BCE
धामन्,*dʰáHma,Proto-Indo-Aryan,2000 BCE - 1500 BCE
धामन्,*dʰáHma,Proto-Indo-Iranian,2200 BCE - 1800 BCE
धामन्,*dʰéh₁mn̥,Proto-Indo-European,4500 BCE - 2500 BCE
वास,*h₂wes-,Proto-Indo-European,4500 BCE - 2500 BCE
क्षेषत्,*ṭṣáysat,Proto-Indo-Aryan,2000 BCE - 1500 BCE
क्षेषत्,*ćšáysat,Proto-Indo-Iranian,2200 BCE - 1800 BCE
तक्षन्,*táṭṣā,Proto-Indo-Aryan,2000 BCE - 1500 BCE
तक्षन्,*táćšā,Proto-Indo-Iranian,2200 BCE - 1800 BCE
तक्षन्,*tétḱō,Proto-Indo-European,4500 BCE - 2500 BCE
वरिष्ठ,*Hwárištʰas,Proto-Indo-Aryan,2000 BCE - 1500 BCE
वरिष्ठ,*Hwáriṣṭʰas,Proto-Indo-Iranian,2200 BCE - 1800 BCE
वरिष्ठ,*welh₁-,Proto-Indo-European,4500 BCE - 2500 BCE
वरिष्ठ,*h₁wer-,Proto-Indo-European,4500 BCE - 2500 BCE
नी,*neyH-,Proto-Indo-European,4500 BCE - 2500 BCE
गत,*gatás,Proto-Indo-Iranian,2200 BCE - 1800 BCE
गत,*gʷm̥tós,Proto-Indo-European,4500 BCE - 2500 BCE
कासते,*káHsatay,Proto-Indo-Iranian,2200 BCE - 1800 BCE
कासते,*kʷeh₂s-,Proto-Indo-European,4500 BCE - 2500 BCE
आयतन,आ,Sanskrit,1500 BCE - present (liturgical/classical)
आयतन,यत्,Sanskrit,1500 BCE - present (liturgical/classical)
आयतन,-अन,Sanskrit,1500 BCE - present (liturgical/classical)
एधस्,*Háydʰas,Proto-Indo-Aryan,2000 BCE - 1500 BCE
एधस्,*Háydʰas,Proto-Indo-Iranian,2200 BCE - 1800 BCE
दूर्वा,*dŕ̥HwaH,Proto-Indo-Aryan,2000 BCE - 1500 BCE
दूर्वा,*dŕ̥HwaH,Proto-Indo-Iranian,2200 BCE - 1800 BCE
यच्छति,*yasćáti,Proto-Indo-Iranian,2200 BCE - 1800 BCE
यच्छति,*yem-,Proto-Indo-European,4500 BCE - 2500 BCE
-अन,*-onom,Proto-Indo-European,4500 BCE - 2500 BCE
जङ्घा,*źʰángʰaH,Proto-Indo-Aryan,2000 BCE - 1500 BCE
जङ्घा,*ȷ́ʰángʰas,Proto-Indo-Iranian,2200 BCE - 1800 BCE
जङ्घा,*ǵʰengʰ-,Proto-Indo-European,4500 BCE - 2500 BCE
धारयति,*dʰāráyati,Proto-Indo-Aryan,2000 BCE - 1500 BCE
धारयति,*dʰāráyati,Proto-Indo-Iranian,2200 BCE - 1800 BCE
धारयति,*dʰer-,Proto-Indo-European,4500 BCE - 2500 BCE
तत्क्षण,तद्,Sanskrit,1500 BCE - present (liturgical/classical)
तत्क्षण,क्षण,Sanskrit,1500 BCE - present (liturgical/classical)
अन्त्र,*Hántram,Proto-Indo-Aryan,2000 BCE - 1500 BCE
अन्त्र,*Hántram,Proto-Indo-Iranian,2200 BCE - 1800 BCE
अन्त्र,*h₁éntrom,Proto-Indo-European,4500 BCE - 2500 BCE
अनु-,*ánu,Proto-Indo-Iranian,2200 BCE - 1800 BCE
भर्मन्,*bʰárma,Proto-Indo-Aryan,2000 BCE - 1500 BCE
भर्मन्,*bʰárma,Proto-Indo-Iranian,2200 BCE - 1800 BCE
भर्मन्,*bʰer-,Proto-Indo-European,4500 BCE - 2500 BCE
अनु,*ánu,Proto-Indo-Iranian,2200 BCE - 1800 BCE
अनु,*énu,Proto-Indo-European,4500 BCE - 2500 BCE
अनु,*āṉu,Proto-Dravidian,3000 BCE - 1500 BCE (disputed)
शर्कर,*ḱorkeh₂,Proto-Indo-European,4500 BCE - 2500 BCE
गोष्ठ,गो,Sanskrit,1500 BCE - present (liturgical/classical)
गोष्ठ,स्थ,Sanskrit,1500 BCE - present (liturgical/classical)
आत्,*éy,Proto-Indo-European,4500 BCE - 2500 BCE
इति,*éy,Proto-Indo-European,4500 BCE - 2500 BCE
मेधा,*mazdʰáH,Proto-Indo-Aryan,2000 BCE - 1500 BCE
मेधा,*mazdʰáH,Proto-Indo-Iranian,2200 BCE - 1800 BCE
करम्भ,*ḱerh₃-,Proto-Indo-European,4500 BCE - 2500 BCE
तक्र,*tákram,Proto-Indo-Iranian,2200 BCE - 1800 BCE
तक्र,*ténkl̥-,Proto-Indo-European,4500 BCE - 2500 BCE
मेक्षयति,*meyḱ-,Proto-Indo-European,4500 BCE - 2500 BCE
बन्धु,*bʰendʰ-,Proto-Indo-European,4500 BCE - 2500 BCE
रुजति,*ruȷ́áti,Proto-Indo-Aryan,2000 BCE - 1500 BCE
रुजति,*ruȷ́áti,Proto-Indo-Iranian,2200 BCE - 1800 BCE
दिनेश,दिन,Sanskrit,1500 BCE - present (liturgical/classical)
दिनेश,ईश,Sanskrit,1500 BCE - present (liturgical/classical)
स्वरु,*swérus,Proto-Indo-European,4500 BCE - 2500 BCE
अजमोद,अज,Sanskrit,1500 BCE - present (liturgical/classical)
अजमोद,मोद,Sanskrit,1500 BCE - present (liturgical/classical)
भ्रंश,*bʰrenḱ-,Proto-Indo-European,4500 BCE - 2500 BCE
सूर,*sóh₂wl̥,Proto-Indo-European,4500 BCE - 2500 BCE
जासयति,*ȷ́āsáyati,Proto-Indo-Aryan,2000 BCE - 1500 BCE
जासयति,*ǰāsáyati,Proto-Indo-Iranian,2200 BCE - 1800 BCE
स्याल,*syo(w)ros,Proto-Indo-European,4500 BCE - 2500 BCE
धारा,*dʰā́raH,Proto-Indo-Aryan,2000 BCE - 1500 BCE
धारा,*dʰā́raH,Proto-Indo-Iranian,2200 BCE - 1800 BCE
जागर्ति,*h₁ger-,Proto-Indo-European,4500 BCE - 2500 BCE
रज्जु,*ráźȷ́uṣ,Proto-Indo-Aryan,2000 BCE - 1500 BCE
रज्जु,*rázǰuš,Proto-Indo-Iranian,2200 BCE - 1800 BCE
रश्मि,*raśmíṣ,Proto-Indo-Aryan,2000 BCE - 1500 BCE
रश्मि,*raćmíš,Proto-Indo-Iranian,2200 BCE - 1800 BCE
जहका,*ȷ́áźʰakas,Proto-Indo-Aryan,2000 BCE - 1500 BCE
जहका,*ǰáǰʰukas,Proto-Indo-Iranian,2200 BCE - 1800 BCE
भर्व्,*bʰarw-,Proto-Indo-Iranian,2200 BCE - 1800 BCE
देवन्,*daHiwā́,Proto-Indo-Aryan,2000 BCE - 1500 BCE
देवन्,*daHiwā́,Proto-Indo-Iranian,2200 BCE - 1800 BCE
देवन्,*dayh₂wḗr,Proto-Indo-European,4500 BCE - 2500 BCE
सपत्नी,*sapátniH,Proto-Indo-Iranian,2200 BCE - 1800 BCE
साद,*sādás,Proto-Indo-Aryan,2000 BCE - 1500 BCE
साद,*sādás,Proto-Indo-Iranian,2200 BCE - 1800 BCE
अरत्नि,*Haratníš,Proto-Indo-Iranian,2200 BCE - 1800 BCE
अरत्नि,*Heh₃l-,Proto-Indo-European,4500 BCE - 2500 BCE
वस्मन्,*wásma,Proto-Indo-Aryan,2000 BCE - 1500 BCE
वस्मन्,*wásma,Proto-Indo-Iranian,2200 BCE - 1800 BCE
वस्मन्,*wésmn̥,Proto-Indo-European,4500 BCE - 2500 BCE
श्रुत,*śrutás,Proto-Indo-Aryan,2000 BCE - 1500 BCE
श्रुत,*ćrutás,Proto-Indo-Iranian,2200 BCE - 1800 BCE
स्वनति,*swenh₂-,Proto-Indo-European,4500 BCE - 2500 BCE
प्लवते,*pláwatay,Proto-Indo-Aryan,2000 BCE - 1500 BCE
प्लवते,*pláwatay,Proto-Indo-Iranian,2200 BCE - 1800 BCE
भानु,*bʰaHnúṣ,Proto-Indo-Aryan,2000 BCE - 1500 BCE
भानु,*bʰaHnúš,Proto-Indo-Iranian,2200 BCE - 1800 BCE
स्रेधति,*sráydʰati,Proto-Indo-Aryan,2000 BCE - 1500 BCE
स्रेधति,*sráydʰati,Proto-Indo-Iranian,2200 BCE - 1800 BCE
उष्णकाल,उष्ण,Sanskrit,1500 BCE - present (liturgical/classical)
उष्णकाल,काल,Sanskrit,1500 BCE - present (liturgical/classical)
मृष्यति,*mers-,Proto-Indo-European,4500 BCE - 2500 BCE
हेषस्,*źʰáyṣas,Proto-Indo-Aryan,2000 BCE - 1500 BCE
हेषस्,*ȷ́ʰáyšas,Proto-Indo-Iranian,2200 BCE - 1800 BCE
कुठार,*kuṭāri,Proto-Dravidian,3000 BCE - 1500 BCE (disputed)
लोक्,*lewk-,Proto-Indo-European,4500 BCE - 2500 BCE
वम्र,*wamrás,Proto-Indo-Aryan,2000 BCE - 1500 BCE
वम्र,*marwíš,Proto-Indo-Iranian,2200 BCE - 1800 BCE
वम्र,*morwi-,Proto-Indo-European,4500 BCE - 2500 BCE
स्तृनाति,*str̥náHti,Proto-Indo-Aryan,2000 BCE - 1500 BCE
स्तृनाति,*str̥náHti,Proto-Indo-Iranian,2200 BCE - 1800 BCE
स्तृनाति,*sterh₃-,Proto-Indo-European,4500 BCE - 2500 BCE
श्लक्ष्ण,*slagžʰnás,Proto-Indo-Iranian,2200 BCE - 1800 BCE
श्लक्ष्ण,*sleg⁽ʷ⁾ʰ-,Proto-Indo-European,4500 BCE - 2500 BCE
खनति,*kánati,Proto-Indo-Iranian,2200 BCE - 1800 BCE
ज्ञात,*ȷ́naHtás,Proto-Indo-Aryan,2000 BCE - 1500 BCE
ज्ञात,*ȷ́naHtás,Proto-Indo-Iranian,2200 BCE - 1800 BCE
ज्ञात,*ǵn̥h₃tós,Proto-Indo-European,4500 BCE - 2500 BCE
युक्त,*yuktás,Proto-Indo-Iranian,2200 BCE - 1800 BCE
युक्त,*yugtós,Proto-Indo-European,4500 BCE - 2500 BCE
रिहति,*rizʰáti,Proto-Indo-Aryan,2000 BCE - 1500 BCE
रिहति,*riȷ́ʰáti,Proto-Indo-Iranian,2200 BCE - 1800 BCE
लिहति,*lizʰáti,Proto-Indo-Aryan,2000 BCE - 1500 BCE
लिहति,*riȷ́ʰáti,Proto-Indo-Iranian,2200 BCE - 1800 BCE
गोधूम,गो,Sanskrit,1500 BCE - present (liturgical/classical)
गोधूम,धूम,Sanskrit,1500 BCE - present (liturgical/classical)
मेहति,*Hmáyȷ́ʰati,Proto-Indo-Iranian,2200 BCE - 1800 BCE
मेहति,*h₃méyǵʰeti,Proto-Indo-European,4500 BCE - 2500 BCE
स्पर्धते,*spárdʰatay,Proto-Indo-Aryan,2000 BCE - 1500 BCE
स्पर्धते,*spárdʰatay,Proto-Indo-Iranian,2200 BCE - 1800 BCE
आकाशवाणी,आकाश,Sanskrit,1500 BCE - present (liturgical/classical)
आकाशवाणी,वाणी,Sanskrit,1500 BCE - present (liturgical/classical)
आकाशवाणी,ಆಕಾಶವಾಣಿ,Kannada,not available
स्पर्धा,*sperdʰ-,Proto-Indo-European,4500 BCE - 2500 BCE
मेह,*Hmáyźʰas,Proto-Indo-Aryan,2000 BCE - 1500 BCE
मेह,*Hmáyȷ́ʰas,Proto-Indo-Iranian,2200 BCE - 1800 BCE
दृणाति,*dr̥náHti,Proto-Indo-Aryan,2000 BCE - 1500 BCE
दृणाति,*dr̥náHti,Proto-Indo-Iranian,2200 BCE - 1800 BCE
गायति,*gáHyati,Proto-Indo-Aryan,2000 BCE - 1500 BCE
गायति,*gáHyati,Proto-Indo-Iranian,2200 BCE - 1800 BCE
गायति,*geH-,Proto-Indo-European,4500 BCE - 2500 BCE
देवपुत्र,देव,Sanskrit,1500 BCE - present (liturgical/classical)
देवपुत्र,पुत्र,Sanskrit,1500 BCE - present (liturgical/classical)
भयते,*bʰáyatay,Proto-Indo-Aryan,2000 BCE - 1500 BCE
भयते,*bʰáyatay,Proto-Indo-Iranian,2200 BCE - 1800 BCE
दा,*deh₃-,Proto-Indo-European,4500 BCE - 2500 BCE
शृणोति,*śr̥náwti,Proto-Indo-Aryan,2000 BCE - 1500 BCE
शृणोति,*ćr̥náwti,Proto-Indo-Iranian,2200 BCE - 1800 BCE
शृणोति,*ḱl̥néwti,Proto-Indo-European,4500 BCE - 2500 BCE
भार,*bʰārás,Proto-Indo-Aryan,2000 BCE - 1500 BCE
भार,*bʰārás,Proto-Indo-Iranian,2200 BCE - 1800 BCE
भार,*bʰorós,Proto-Indo-European,4500 BCE - 2500 BCE
दशति,*dáśati,Proto-Indo-Aryan,2000 BCE - 1500 BCE
दशति,*dáćati,Proto-Indo-Iranian,2200 BCE - 1800 BCE
दशति,*denḱ-,Proto-Indo-European,4500 BCE - 2500 BCE
खान,𑀔𑀸𑀡,Prakrit,500 BCE - 1000 CE
खान,खादन,Sanskrit,1500 BCE - present (liturgical/classical)
तेजते,*(s)teyg-,Proto-Indo-European,4500 BCE - 2500 BCE
माति,*mā́tiṣ,Proto-Indo-Aryan,2000 BCE - 1500 BCE
माति,*mā́tiš,Proto-Indo-Iranian,2200 BCE - 1800 BCE
पलाव,*pel-,Proto-Indo-European,4500 BCE - 2500 BCE
पिष्ट,*pištás,Proto-Indo-Iranian,2200 BCE - 1800 BCE
लिम्पति,*leyp-,Proto-Indo-European,4500 BCE - 2500 BCE
रोचस्,*ráwčas,Proto-Indo-Iranian,2200 BCE - 1800 BCE
गृभ्णाति,*gr̥bʰnáHti,Proto-Indo-Aryan,2000 BCE - 1500 BCE
गृभ्णाति,*gʰr̥bʰnáHti,Proto-Indo-Iranian,2200 BCE - 1800 BCE
गृभ्णाति,*gʰrebʰ-,Proto-Indo-European,4500 BCE - 2500 BCE
वस्,*wos,Proto-Indo-European,4500 BCE - 2500 BCE
मिश्र,*miśrás,Proto-Indo-Aryan,2000 BCE - 1500 BCE
मिश्र,*mićrás,Proto-Indo-Iranian,2200 BCE - 1800 BCE
वितस्ति,*wítastiṣ,Proto-Indo-Aryan,2000 BCE - 1500 BCE
वितस्ति,*wítastiš,Proto-Indo-Iranian,2200 BCE - 1800 BCE
क्वथते,*kwátʰatay,Proto-Indo-Aryan,2000 BCE - 1500 BCE
क्वथते,*kwátʰatay,Proto-Indo-Iranian,2200 BCE - 1800 BCE
क्वथते,*kwh₂et-,Proto-Indo-European,4500 BCE - 2500 BCE
शरणागत,शरण,Sanskrit,1500 BCE - present (liturgical/classical)
शरणागत,गत,Sanskrit,1500 BCE - present (liturgical/classical)
शूर,*ćuHrás,Proto-Indo-Iranian,2200 BCE - 1800 BCE
शूर,*ḱewH-,Proto-Indo-European,4500 BCE - 2500 BCE
मन्त्रालय,मन्त्रिन्,Sanskrit,1500 BCE - present (liturgical/classical)
मन्त्रालय,आलय,Sanskrit,1500 BCE - present (liturgical/classical)
स्तनति,*stánati,Proto-Indo-Aryan,2000 BCE - 1500 BCE
स्तनति,*stánati,Proto-Indo-Iranian,2200 BCE - 1800 BCE
अर्घ,*Hargʰás,Proto-Indo-Iranian,2200 BCE - 1800 BCE
अर्घ,*h₂elgʷʰ-ós,Proto-Indo-European,4500 BCE - 2500 BCE
अर्हति,*Hárǰʰati,Proto-Indo-Iranian,2200 BCE - 1800 BCE
अर्हति,*h₂elgʷʰ-,Proto-Indo-European,4500 BCE - 2500 BCE
द्विगु,द्वि,Sanskrit,1500 BCE - present (liturgical/classical)
द्विगु,गु,Sanskrit,1500 BCE - present (liturgical/classical)
वर्त्मन्,*wártma,Proto-Indo-Aryan,2000 BCE - 1500 BCE
वर्त्मन्,*wártma,Proto-Indo-Iranian,2200 BCE - 1800 BCE
वर्त्मन्,*wértmn̥,Proto-Indo-European,4500 BCE - 2500 BCE
घर्षति,*gʰárṣati,Proto-Indo-Aryan,2000 BCE - 1500 BCE
घर्षति,*gʰáršati,Proto-Indo-Iranian,2200 BCE - 1800 BCE
शिक्षति,*ćikš-,Proto-Indo-Iranian,2200 BCE - 1800 BCE
इतर,*Hítaras,Proto-Indo-Iranian,2200 BCE - 1800 BCE
इतर,*ís,Proto-Indo-European,4500 BCE - 2500 BCE
प्रियदर्शिन्,प्रिय,Sanskrit,1500 BCE - present (liturgical/classical)
प्रियदर्शिन्,दर्शिन्,Sanskrit,1500 BCE - present (liturgical/classical)
वष्टि,*wáṣṭi,Proto-Indo-Aryan,2000 BCE - 1500 BCE
वष्टि,*wášti,Proto-Indo-Iranian,2200 BCE - 1800 BCE
गूर्त,*gr̥Htás,Proto-Indo-Aryan,2000 BCE - 1500 BCE
गूर्त,*gr̥Htás,Proto-Indo-Iranian,2200 BCE - 1800 BCE
घृणोति,*gʰr̥náwti,Proto-Indo-Aryan,2000 BCE - 1500 BCE
घृणोति,*gʰr̥náwti,Proto-Indo-Iranian,2200 BCE - 1800 BCE
आत्मनेपद,आत्मन्,Sanskrit,1500 BCE - present (liturgical/classical)
आत्मनेपद,पद,Sanskrit,1500 BCE - present (liturgical/classical)
उच्यति,*Húćyati,Proto-Indo-Aryan,2000 BCE - 1500 BCE
उच्यति,*Húčyati,Proto-Indo-Iranian,2200 BCE - 1800 BCE
रायति,*ráHyati,Proto-Indo-Aryan,2000 BCE - 1500 BCE
रायति,*ráHyati,Proto-Indo-Iranian,2200 BCE - 1800 BCE
रायति,*leh₂-,Proto-Indo-European,4500 BCE - 2500 BCE
-त्व,*-twam,Proto-Indo-Aryan,2000 BCE - 1500 BCE
-त्व,*-twam,Proto-Indo-Iranian,2200 BCE - 1800 BCE
त्रसति,*trásati,Proto-Indo-Aryan,2000 BCE - 1500 BCE
त्रसति,*trásati,Proto-Indo-Iranian,2200 BCE - 1800 BCE
त्रसति,*tres-,Proto-Indo-European,4500 BCE - 2500 BCE
सहस्,*sáȷ́ʰas,Proto-Indo-Iranian,2200 BCE - 1800 BCE
सहस्,*seǵʰ-,Proto-Indo-European,4500 BCE - 2500 BCE
जीर्यति,*ȷ́ŕ̥Hyati,Proto-Indo-Iranian,2200 BCE - 1800 BCE
जीर्यति,*ǵerh₂-,Proto-Indo-European,4500 BCE - 2500 BCE
कृश,*kr̥śás,Proto-Indo-Aryan,2000 BCE - 1500 BCE
कृश,*kr̥ćás,Proto-Indo-Iranian,2200 BCE - 1800 BCE
कृश,*kr̥ḱós,Proto-Indo-European,4500 BCE - 2500 BCE
लुप्त,*Hluptás,Proto-Indo-Iranian,2200 BCE - 1800 BCE
लुप्त,*Hrewp-,Proto-Indo-European,4500 BCE - 2500 BCE
लुप्त,*Hluptám,Proto-Indo-Iranian,2200 BCE - 1800 BCE
युध्यते,*Hyawdʰ-,Proto-Indo-Iranian,2200 BCE - 1800 BCE
युध्यते,*Hyewdʰ-,Proto-Indo-European,4500 BCE - 2500 BCE
ईर्ष्यति,*Harš-,Proto-Indo-Iranian,2200 BCE - 1800 BCE
ईर्ष्यति,*h₁ers-,Proto-Indo-European,4500 BCE - 2500 BCE
तक्षशिला,तक्ष,Sanskrit,1500 BCE - present (liturgical/classical)
तक्षशिला,शिला,Sanskrit,1500 BCE - present (liturgical/classical)
रिणक्ति,*rinákti,Proto-Indo-Aryan,2000 BCE - 1500 BCE
रिणक्ति,*rinákti,Proto-Indo-Iranian,2200 BCE - 1800 BCE
रिणक्ति,*linékʷti,Proto-Indo-European,4500 BCE - 2500 BCE
गा,*gʷeh₂-,Proto-Indo-European,4500 BCE - 2500 BCE
हित,*ǵʰey-,Proto-Indo-European,4500 BCE - 2500 BCE
मृडति,*mr̥žd-,Proto-Indo-Iranian,2200 BCE - 1800 BCE
गदा,*gadā,Proto-Indo-Iranian,2200 BCE - 1800 BCE
मज्जति,*máźȷ́ati,Proto-Indo-Aryan,2000 BCE - 1500 BCE
मज्जति,*mázǰati,Proto-Indo-Iranian,2200 BCE - 1800 BCE
मज्जति,*mesg-,Proto-Indo-European,4500 BCE - 2500 BCE
भिषज्,*bʰišáȷ́,Proto-Indo-Iranian,2200 BCE - 1800 BCE
भेषज्य,*bʰiš-,Proto-Indo-Iranian,2200 BCE - 1800 BCE
स्वपति,*swápati,Proto-Indo-Aryan,2000 BCE - 1500 BCE
स्वपति,*swápati,Proto-Indo-Iranian,2200 BCE - 1800 BCE
कश्यप,*kaćyápas,Proto-Indo-Iranian,2200 BCE - 1800 BCE
जिघ्रति,*ȷ́ígʰrati,Proto-Indo-Aryan,2000 BCE - 1500 BCE
जिघ्रति,*ǰʰígʰrati,Proto-Indo-Iranian,2200 BCE - 1800 BCE
पद्यते,*pádyatay,Proto-Indo-Aryan,2000 BCE - 1500 BCE
पद्यते,*pádyati,Proto-Indo-Iranian,2200 BCE - 1800 BCE
वक्ति,*wákti,Proto-Indo-Aryan,2000 BCE - 1500 BCE
वक्ति,*wákti,Proto-Indo-Iranian,2200 BCE - 1800 BCE
स्रोतस्,*sráwtas,Proto-Indo-Iranian,2200 BCE - 1800 BCE
वक्षति,*Hwákṣati,Proto-Indo-Aryan,2000 BCE - 1500 BCE
वक्षति,*Hwákšati,Proto-Indo-Iranian,2200 BCE - 1800 BCE
उष्ट,*Huṣṭás,Proto-Indo-Aryan,2000 BCE - 1500 BCE
उष्ट,*Huštás,Proto-Indo-Iranian,2200 BCE - 1800 BCE
मयूख,*mayū́kʰas,Proto-Indo-Iranian,2200 BCE - 1800 BCE
हीन,*ȷ́ʰHnás,Proto-Indo-Iranian,2200 BCE - 1800 BCE
हीन,*ǵʰh₁-nós,Proto-Indo-European,4500 BCE - 2500 BCE
पीडयति,*piždáyati,Proto-Indo-Iranian,2200 BCE - 1800 BCE
सन्ति,*Hsánti,Proto-Indo-Aryan,2000 BCE - 1500 BCE
सन्ति,*Hsánti,Proto-Indo-Iranian,2200 BCE - 1800 BCE
सन्ति,*h₁sénti,Proto-Indo-European,4500 BCE - 2500 BCE
गद्य,*gʷet-,Proto-Indo-European,4500 BCE - 2500 BCE
दक्षिणापथ,दक्षिणा,Sanskrit,1500 BCE - present (liturgical/classical)
दक्षिणापथ,पथ,Sanskrit,1500 BCE - present (liturgical/classical)
गभीर,*gabʰrás,Proto-Indo-Aryan,2000 BCE - 1500 BCE
गभीर,*gabʰrás,Proto-Indo-Iranian,2200 BCE - 1800 BCE
स्वधा,*swádʰaH,Proto-Indo-Aryan,2000 BCE - 1500 BCE
स्वधा,*swádʰaH,Proto-Indo-Iranian,2200 BCE - 1800 BCE
स्वधा,*dʰeh₁-,Proto-Indo-European,4500 BCE - 2500 BCE
सनितुर्,*sanHtŕ̥,Proto-Indo-Aryan,2000 BCE - 1500 BCE
सनितुर्,*sanHtŕ̥,Proto-Indo-Iranian,2200 BCE - 1800 BCE
ऋभु,*Hr̥bʰúṣ,Proto-Indo-Aryan,2000 BCE - 1500 BCE
ऋभु,*Hr̥bʰúš,Proto-Indo-Iranian,2200 BCE - 1800 BCE
ऋभु,*h₂elbʰós,Proto-Indo-European,4500 BCE - 2500 BCE
एरका,*h₂eyr-,Proto-Indo-European,4500 BCE - 2500 BCE
कर्पास,*k-rn-pas,Proto-Austroasiatic,not available
कर्पास,*kpaas,Proto-Mon-Khmer,not available
छर्दति,*kerd-,Proto-Indo-European,4500 BCE - 2500 BCE
मिथस्,*meytH-,Proto-Indo-European,4500 BCE - 2500 BCE
मीर,*mey-,Proto-Indo-European,4500 BCE - 2500 BCE
मीर,*móri,Proto-Indo-European,4500 BCE - 2500 BCE
स्वपिति,*swápati,Proto-Indo-Aryan,2000 BCE - 1500 BCE
स्वपिति,*swápati,Proto-Indo-Iranian,2200 BCE - 1800 BCE
उन्नत,उन्नति,Sanskrit,1500 BCE - present (liturgical/classical)
अही,*Haȷ́ʰíH,Proto-Indo-Iranian,2200 BCE - 1800 BCE
अही,*h₂eǵʰ-,Proto-Indo-European,4500 BCE - 2500 BCE
मास्,*mā́Has,Proto-Indo-Iranian,2200 BCE - 1800 BCE
मास्,*mḗh₁n̥s,Proto-Indo-European,4500 BCE - 2500 BCE
प्रतीति,प्रति,Sanskrit,1500 BCE - present (liturgical/classical)
प्रतीति,इति,Sanskrit,1500 BCE - present (liturgical/classical)
नेम,*náymas,Proto-Indo-Iranian,2200 BCE - 1800 BCE
स्वपस्,*HsuHápas,Proto-Indo-Aryan,2000 BCE - 1500 BCE
स्वपस्,*HsuHápas,Proto-Indo-Iranian,2200 BCE - 1800 BCE
स्वपस्,*h₁suh₃épos,Proto-Indo-European,4500 BCE - 2500 BCE
शफर,*ḱeph₂elos,Proto-Indo-European,4500 BCE - 2500 BCE
चष्टे,*ćáṣtay,Proto-Indo-Aryan,2000 BCE - 1500 BCE
चष्टे,*čáštay,Proto-Indo-Iranian,2200 BCE - 1800 BCE
रेष,*rayṣás,Proto-Indo-Aryan,2000 BCE - 1500 BCE
रेष,*rayšás,Proto-Indo-Iranian,2200 BCE - 1800 BCE
रिष्ट,*riṣṭás,Proto-Indo-Aryan,2000 BCE - 1500 BCE
रिष्ट,*rištás,Proto-Indo-Iranian,2200 BCE - 1800 BCE
सृक,*sr̥gás,Proto-Indo-Aryan,2000 BCE - 1500 BCE
सृक,*sr̥gás,Proto-Indo-Iranian,2200 BCE - 1800 BCE
तुरीय,*turíHas,Proto-Indo-Aryan,2000 BCE - 1500 BCE
तुरीय,*turíHas,Proto-Indo-Iranian,2200 BCE - 1800 BCE
तुरीय,*kʷetwr̥-,Proto-Indo-European,4500 BCE - 2500 BCE
वहित्र,*weǵʰitlom,Proto-Indo-European,4500 BCE - 2500 BCE
यशस्,*yáćas,Proto-Indo-Iranian,2200 BCE - 1800 BCE
त्रास,*trāsás,Proto-Indo-Iranian,2200 BCE - 1800 BCE
क्षरति,*gẓʰar-,Proto-Indo-Aryan,2000 BCE - 1500 BCE
क्षरति,*gžʰárati,Proto-Indo-Iranian,2200 BCE - 1800 BCE
क्षरति,*dʰgʷʰéreti,Proto-Indo-European,4500 BCE - 2500 BCE
अस्त,*ástam,Proto-Indo-Aryan,2000 BCE - 1500 BCE
अस्त,*ástam,Proto-Indo-Iranian,2200 BCE - 1800 BCE
वसिष्ठ,*Hwásištʰas,Proto-Indo-Iranian,2200 BCE - 1800 BCE
लभ्,*labʰ-,Proto-Indo-Iranian,2200 BCE - 1800 BCE
लभ्,*lebʰ-,Proto-Indo-European,4500 BCE - 2500 BCE
ईडयति,*iẓḍ-,Proto-Indo-Aryan,2000 BCE - 1500 BCE
ईडयति,*h₂eysd-,Proto-Indo-European,4500 BCE - 2500 BCE
ईळे,*Híẓḍay,Proto-Indo-Aryan,2000 BCE - 1500 BCE
ईळे,*Hížday,Proto-Indo-Iranian,2200 BCE - 1800 BCE
ईळे,*h₂eysd-,Proto-Indo-European,4500 BCE - 2500 BCE
ऋणोति,*Hr̥náwti,Proto-Indo-Aryan,2000 BCE - 1500 BCE
ऋणोति,*Hr̥náwti,Proto-Indo-Iranian,2200 BCE - 1800 BCE
नीळ,*niẓḍás,Proto-Indo-Aryan,2000 BCE - 1500 BCE
नीळ,*niždás,Proto-Indo-Iranian,2200 BCE - 1800 BCE
नीळ,*nisdós,Proto-Indo-European,4500 BCE - 2500 BCE
वोळ्हृ,*wáẓḍʰā,Proto-Indo-Aryan,2000 BCE - 1500 BCE
वोळ्हृ,*wáždʰā,Proto-Indo-Iranian,2200 BCE - 1800 BCE
वोळ्हृ,*wéǵʰtōr,Proto-Indo-European,4500 BCE - 2500 BCE
वोढृ,*wáẓḍʰā,Proto-Indo-Aryan,2000 BCE - 1500 BCE
वोढृ,*wáždʰā,Proto-Indo-Iranian,2200 BCE - 1800 BCE
वोढृ,*wéǵʰtōr,Proto-Indo-European,4500 BCE - 2500 BCE
त्रिष्टुभ्,त्रि,Sanskrit,1500 BCE - present (liturgical/classical)
त्रिष्टुभ्,स्तुभ्,Sanskrit,1500 BCE - present (liturgical/classical)
निक्त,*neygʷ-,Proto-Indo-European,4500 BCE - 2500 BCE
महादेव,महा,Sanskrit,1500 BCE - present (liturgical/classical)
महादेव,देव,Sanskrit,1500 BCE - present (liturgical/classical)
भूमिपुत्र,भूमि,Sanskrit,1500 BCE - present (liturgical/classical)
भूमिपुत्र,पुत्र,Sanskrit,1500 BCE - present (liturgical/classical)
सुवर्णभूमि,सुवर्ण,Sanskrit,1500 BCE - present (liturgical/classical)
सुवर्णभूमि,भूमि,Sanskrit,1500 BCE - present (liturgical/classical)
अयस्कार,*Háyaskāras,Proto-Indo-Aryan,2000 BCE - 1500 BCE
अयस्कार,*Háyaskāras,Proto-Indo-Iranian,2200 BCE - 1800 BCE
अयस्कार,अयस्,Sanskrit,1500 BCE - present (liturgical/classical)
अयस्कार,कार,Sanskrit,1500 BCE - present (liturgical/classical)
रेक्णस्,*ráyknas,Proto-Indo-Aryan,2000 BCE - 1500 BCE
रेक्णस्,*ráyknas,Proto-Indo-Iranian,2200 BCE - 1800 BCE
जिज्ञासते,*ȷ́íȷ́naHsatay,Proto-Indo-Aryan,2000 BCE - 1500 BCE
जिज्ञासते,*ȷ́íȷ́naHsatay,Proto-Indo-Iranian,2200 BCE - 1800 BCE
मिमीते,*mímHatay,Proto-Indo-Iranian,2200 BCE - 1800 BCE
भजति,*bʰáȷ́ati,Proto-Indo-Aryan,2000 BCE - 1500 BCE
भजति,*bʰáǰati,Proto-Indo-Iranian,2200 BCE - 1800 BCE
अर्चति,*Hárčati,Proto-Indo-Iranian,2200 BCE - 1800 BCE
भाजयति,*bʰaHȷ́áyati,Proto-Indo-Aryan,2000 BCE - 1500 BCE
भाजयति,*bʰaHǰáyati,Proto-Indo-Iranian,2200 BCE - 1800 BCE
भनक्ति,*bʰanákti,Proto-Indo-Aryan,2000 BCE - 1500 BCE
भनक्ति,*bʰanákti,Proto-Indo-Iranian,2200 BCE - 1800 BCE
वस्यस्,*Hwásyas,Proto-Indo-Iranian,2200 BCE - 1800 BCE
कारयति,*kāráyati,Proto-Indo-Aryan,2000 BCE - 1500 BCE
कारयति,*kāráyati,Proto-Indo-Iranian,2200 BCE - 1800 BCE
अकर्,*Hákart,Proto-Indo-Aryan,2000 BCE - 1500 BCE
अकर्,*Hákart,Proto-Indo-Iranian,2200 BCE - 1800 BCE
स्रुत,*srutás,Proto-Indo-Aryan,2000 BCE - 1500 BCE
स्रुत,*srutás,Proto-Indo-Iranian,2200 BCE - 1800 BCE
स्रुत,*srutám,Proto-Indo-Aryan,2000 BCE - 1500 BCE
स्रुत,*srutám,Proto-Indo-Iranian,2200 BCE - 1800 BCE
पुष्यति,*(H)pušyáti,Proto-Indo-Iranian,2200 BCE - 1800 BCE
वृद्ध,*wr̥dᶻdʰás,Proto-Indo-Iranian,2200 BCE - 1800 BCE
क्रीणाति,*krináHti,Proto-Indo-Iranian,2200 BCE - 1800 BCE
क्रीणाति,*kʷrinéh₂ti,Proto-Indo-European,4500 BCE - 2500 BCE
रदति,*rádati,Proto-Indo-Aryan,2000 BCE - 1500 BCE
रदति,*rádati,Proto-Indo-Iranian,2200 BCE - 1800 BCE
क्रुद्ध,*krudᶻdʰás,Proto-Indo-Iranian,2200 BCE - 1800 BCE
सनुतर्,*senH-,Proto-Indo-European,4500 BCE - 2500 BCE
ऋति,*h₃er-,Proto-Indo-European,4500 BCE - 2500 BCE
सदस्,*sádas,Proto-Indo-Iranian,2200 BCE - 1800 BCE
अधात्,*HádʰaHt,Proto-Indo-Aryan,2000 BCE - 1500 BCE
अधात्,*HádʰaHt,Proto-Indo-Iranian,2200 BCE - 1800 BCE
अधात्,*dʰéh₁t,Proto-Indo-European,4500 BCE - 2500 BCE
तुमुल,*tumúlas,Proto-Indo-Aryan,2000 BCE - 1500 BCE
तुमुल,*tumúlas,Proto-Indo-Iranian,2200 BCE - 1800 BCE
ध्रजति,*dʰráȷ́ati,Proto-Indo-Aryan,2000 BCE - 1500 BCE
ध्रजति,*dʰráȷ́ati,Proto-Indo-Iranian,2200 BCE - 1800 BCE
नारि,*Hnā́riš,Proto-Indo-Iranian,2200 BCE - 1800 BCE
गूहति,*gʰawȷ́ʰ-,Proto-Indo-Iranian,2200 BCE - 1800 BCE
गूढ,*gʰuẓḍʰás,Proto-Indo-Aryan,2000 BCE - 1500 BCE
गूढ,*gʰuždʰás,Proto-Indo-Iranian,2200 BCE - 1800 BCE
गूळ्ह,*guẓḍʰás,Proto-Indo-Aryan,2000 BCE - 1500 BCE
गूळ्ह,*gʰuždʰás,Proto-Indo-Iranian,2200 BCE - 1800 BCE
षोडशन्,*swáẓḍaśa,Proto-Indo-Aryan,2000 BCE - 1500 BCE
ऊढ,*uẓḍʰás,Proto-Indo-Aryan,2000 BCE - 1500 BCE
ऊढ,*uždʰás,Proto-Indo-Iranian,2200 BCE - 1800 BCE
अविद्वस्,*áwidwas,Proto-Indo-Aryan,2000 BCE - 1500 BCE
अविद्वस्,*áwidwas,Proto-Indo-Iranian,2200 BCE - 1800 BCE
-वत्,*-wánts,Proto-Indo-Aryan,2000 BCE - 1500 BCE
-वत्,*-wánts,Proto-Indo-Iranian,2200 BCE - 1800 BCE
-वत्,*-wénts,Proto-Indo-European,4500 BCE - 2500 BCE
तुच्छ्य,*tuśćyás,Proto-Indo-Aryan,2000 BCE - 1500 BCE
तुच्छ्य,*tusćyás,Proto-Indo-Iranian,2200 BCE - 1800 BCE
स्पृध्,*spŕ̥dʰ,Proto-Indo-Aryan,2000 BCE - 1500 BCE
स्पृध्,*spŕ̥dʰ,Proto-Indo-Iranian,2200 BCE - 1800 BCE
स्पृध्,*spŕ̥dʰ,Proto-Indo-European,4500 BCE - 2500 BCE
हर्म्य,*ȷ́ʰarmyám,Proto-Indo-Iranian,2200 BCE - 1800 BCE
दृष्ट,*dr̥štás,Proto-Indo-Iranian,2200 BCE - 1800 BCE
दृळ्ह,*dr̥ẓḍʰás,Proto-Indo-Aryan,2000 BCE - 1500 BCE
दृळ्ह,*dʰr̥ždʰás,Proto-Indo-Iranian,2200 BCE - 1800 BCE
दृळ्ह,*dʰr̥ǵʰtós,Proto-Indo-European,4500 BCE - 2500 BCE
एकादश,एक,Sanskrit,1500 BCE - present (liturgical/classical)
एकादश,दश,Sanskrit,1500 BCE - present (liturgical/classical)
द्वादश,द्व,Sanskrit,1500 BCE - present (liturgical/classical)
द्वादश,दश,Sanskrit,1500 BCE - present (liturgical/classical)
चतुर्दश,चतुर्,Sanskrit,1500 BCE - present (liturgical/classical)
चतुर्दश,दश,Sanskrit,1500 BCE - present (liturgical/classical)
पञ्चदश,पञ्चन्,Sanskrit,1500 BCE - present (liturgical/classical)
पञ्चदश,दश,Sanskrit,1500 BCE - present (liturgical/classical)
त्रयोदश,*tráyazdaśa,Proto-Indo-Aryan,2000 BCE - 1500 BCE
सप्तदश,सप्तन्,Sanskrit,1500 BCE - present (liturgical/classical)
सप्तदश,दश,Sanskrit,1500 BCE - present (liturgical/classical)
ऊनविंशति,ऊन,Sanskrit,1500 BCE - present (liturgical/classical)
ऊनविंशति,विंशति,Sanskrit,1500 BCE - present (liturgical/classical)
अष्टादश,अष्ट,Sanskrit,1500 BCE - present (liturgical/classical)
अष्टादश,दश,Sanskrit,1500 BCE - present (liturgical/classical)
नवदश,नवन्,Sanskrit,1500 BCE - present (liturgical/classical)
नवदश,दश,Sanskrit,1500 BCE - present (liturgical/classical)
द्वाविंशति,द्व,Sanskrit,1500 BCE - present (liturgical/classical)
द्वाविंशति,विंशति,Sanskrit,1500 BCE - present (liturgical/classical)
त्रयोविंशति,*tráyaźwiHśati,Proto-Indo-Aryan,2000 BCE - 1500 BCE
एकविंशति,एक,Sanskrit,1500 BCE - present (liturgical/classical)
एकविंशति,विंशति,Sanskrit,1500 BCE - present (liturgical/classical)
पुच्छ,*púšćas,Proto-Indo-Iranian,2200 BCE - 1800 BCE
सप्तविंशति,सप्तन्,Sanskrit,1500 BCE - present (liturgical/classical)
सप्तविंशति,विंशति,Sanskrit,1500 BCE - present (liturgical/classical)
षड्विंशति,*ṣwáẓḍwiHśati,Proto-Indo-Aryan,2000 BCE - 1500 BCE
पञ्चविंशति,पञ्चन्,Sanskrit,1500 BCE - present (liturgical/classical)
पञ्चविंशति,विंशति,Sanskrit,1500 BCE - present (liturgical/classical)
चतुर्विंशति,चतुर्,Sanskrit,1500 BCE - present (liturgical/classical)
चतुर्विंशति,विंशति,Sanskrit,1500 BCE - present (liturgical/classical)
नवविंशति,नवन्,Sanskrit,1500 BCE - present (liturgical/classical)
नवविंशति,विंशति,Sanskrit,1500 BCE - present (liturgical/classical)
अष्टाविंशति,अष्ट,Sanskrit,1500 BCE - present (liturgical/classical)
अष्टाविंशति,विंशति,Sanskrit,1500 BCE - present (liturgical/classical)
ऊनत्रिंशत्,ऊन,Sanskrit,1500 BCE - present (liturgical/classical)
ऊनत्रिंशत्,त्रिंशत्,Sanskrit,1500 BCE - present (liturgical/classical)
योधयति,*Hyawdʰáyati,Proto-Indo-Aryan,2000 BCE - 1500 BCE
योधयति,*Hyawdʰ-,Proto-Indo-Iranian,2200 BCE - 1800 BCE
स्निह्यति,*sníźʰyati,Proto-Indo-Aryan,2000 BCE - 1500 BCE
स्निह्यति,*sniǰʰyáti,Proto-Indo-Iranian,2200 BCE - 1800 BCE
क्षुध्,*ṭṣudʰ-,Proto-Indo-Aryan,2000 BCE - 1500 BCE
क्षुध्,*ćšudʰ-,Proto-Indo-Iranian,2200 BCE - 1800 BCE
ददर्श,*dadárśa,Proto-Indo-Aryan,2000 BCE - 1500 BCE
ददर्श,*dadárća,Proto-Indo-Iranian,2200 BCE - 1800 BCE
ददर्श,*dedórḱe,Proto-Indo-European,4500 BCE - 2500 BCE
द्रुह्,*dʰrúkš,Proto-Indo-Iranian,2200 BCE - 1800 BCE
पृथिवी,*pr̥tHwíH,Proto-Indo-Iranian,2200 BCE - 1800 BCE
पृथिवी,*pl̥th₂éwih₂,Proto-Indo-European,4500 BCE - 2500 BCE
उपानह्,उप,Sanskrit,1500 BCE - present (liturgical/classical)
उपानह्,नह्,Sanskrit,1500 BCE - present (liturgical/classical)
अघ,*Hagʰás,Proto-Indo-Iranian,2200 BCE - 1800 BCE
विभूति,वि,Sanskrit,1500 BCE - present (liturgical/classical)
विभूति,भूति,Sanskrit,1500 BCE - present (liturgical/classical)
ध्वान्त,*dʰwanH-,Proto-Indo-Iranian,2200 BCE - 1800 BCE
खरोष्ठी,खर,Sanskrit,1500 BCE - present (liturgical/classical)
खरोष्ठी,उष्ट्र,Sanskrit,1500 BCE - present (liturgical/classical)
तृ,*h₂stḗr,Proto-Indo-European,4500 BCE - 2500 BCE
स्तृणोति,*str̥náwti,Proto-Indo-Aryan,2000 BCE - 1500 BCE
स्तृणोति,*str̥náwti,Proto-Indo-Iranian,2200 BCE - 1800 BCE
स्तृणोति,*sterh₃-,Proto-Indo-European,4500 BCE - 2500 BCE
ओजिष्ठ,*Háwǰištʰas,Proto-Indo-Iranian,2200 BCE - 1800 BCE
सीक्षते,*síẓgẓʰatay,Proto-Indo-Aryan,2000 BCE - 1500 BCE
उशिज्,*uśíkṣ,Proto-Indo-Aryan,2000 BCE - 1500 BCE
उशिज्,*ućíkš,Proto-Indo-Iranian,2200 BCE - 1800 BCE
पू,*pewH-,Proto-Indo-European,4500 BCE - 2500 BCE
पूयति,*púHyati,Proto-Indo-Aryan,2000 BCE - 1500 BCE
पूयति,*púHyati,Proto-Indo-Iranian,2200 BCE - 1800 BCE
पूय,*púHyas,Proto-Indo-Iranian,2200 BCE - 1800 BCE
तृप्ति,*terp-,Proto-Indo-European,4500 BCE - 2500 BCE
तृप्त,*terp-,Proto-Indo-European,4500 BCE - 2500 BCE
त्यजस्,*tyáǰas,Proto-Indo-Iranian,2200 BCE - 1800 BCE
कृष्णायस्,कृष्ण,Sanskrit,1500 BCE - present (liturgical/classical)
कृष्णायस्,अयस्,Sanskrit,1500 BCE - present (liturgical/classical)
जरत्,*ȷ́árHants,Proto-Indo-Iranian,2200 BCE - 1800 BCE
जरत्,*ǵérh₂onts,Proto-Indo-European,4500 BCE - 2500 BCE
नयनपुट,नयन,Sanskrit,1500 BCE - present (liturgical/classical)
नयनपुट,पुट,Sanskrit,1500 BCE - present (liturgical/classical)
नेत्रच्छद,नेत्र,Sanskrit,1500 BCE - present (liturgical/classical)
नेत्रच्छद,-च्-,Sanskrit,1500 BCE - present (liturgical/classical)
नेत्रच्छद,छद,Sanskrit,1500 BCE - present (liturgical/classical)
वचस्,*wáčas,Proto-Indo-Iranian,2200 BCE - 1800 BCE
वचस्,*wekʷ-,Proto-Indo-European,4500 BCE - 2500 BCE
महावीर,महा,Sanskrit,1500 BCE - present (liturgical/classical)
महावीर,वीर,Sanskrit,1500 BCE - present (liturgical/classical)
उत्तराधरविवर,उत्तर,Sanskrit,1500 BCE - present (liturgical/classical)
उत्तराधरविवर,अधर,Sanskrit,1500 BCE - present (liturgical/classical)
उत्तराधरविवर,विवर,Sanskrit,1500 BCE - present (liturgical/classical)
उत्तराधर,उत्तर,Sanskrit,1500 BCE - present (liturgical/classical)
उत्तराधर,अधर,Sanskrit,1500 BCE - present (liturgical/classical)
पादप,पाद,Sanskrit,1500 BCE - present (liturgical/classical)
पादप,प,Sanskrit,1500 BCE - present (liturgical/classical)
सित,*sHitás,Proto-Indo-Iranian,2200 BCE - 1800 BCE
नगण्य,न,Sanskrit,1500 BCE - present (liturgical/classical)
नगण्य,गण्य,Sanskrit,1500 BCE - present (liturgical/classical)
तिग्म,*tigmás,Proto-Indo-Iranian,2200 BCE - 1800 BCE
त्रपते,*trápatay,Proto-Indo-Aryan,2000 BCE - 1500 BCE
त्रपते,*trápatay,Proto-Indo-Iranian,2200 BCE - 1800 BCE
वेष,*wáyṣas,Proto-Indo-Aryan,2000 BCE - 1500 BCE
वेष,*wáyšas,Proto-Indo-Iranian,2200 BCE - 1800 BCE
पीयूष,*piHyúHṣas,Proto-Indo-Aryan,2000 BCE - 1500 BCE
पीयूष,*piHyúHšas,Proto-Indo-Iranian,2200 BCE - 1800 BCE
छिद्,*skeyd-,Proto-Indo-European,4500 BCE - 2500 BCE
पयोहिम,पयस्,Sanskrit,1500 BCE - present (liturgical/classical)
पयोहिम,हिम,Sanskrit,1500 BCE - present (liturgical/classical)
दुग्धाग्र,दुग्ध,Sanskrit,1500 BCE - present (liturgical/classical)
दुग्धाग्र,अग्र,Sanskrit,1500 BCE - present (liturgical/classical)
पीयूषधाराकिर्,पीयूष,Sanskrit,1500 BCE - present (liturgical/classical)
पीयूषधाराकिर्,धारा,Sanskrit,1500 BCE - present (liturgical/classical)
पीयूषधाराकिर्,किर्,Sanskrit,1500 BCE - present (liturgical/classical)
हास्यास्पद,हास्य,Sanskrit,1500 BCE - present (liturgical/classical)
हास्यास्पद,आस्पद,Sanskrit,1500 BCE - present (liturgical/classical)
स्मेर,*smáyras,Proto-Indo-Aryan,2000 BCE - 1500 BCE
स्मेर,*smáyras,Proto-Indo-Iranian,2200 BCE - 1800 BCE
स्मेर,*smey-,Proto-Indo-European,4500 BCE - 2500 BCE
लक्ष्मणपुर,लक्ष्मण,Sanskrit,1500 BCE - present (liturgical/classical)
लक्ष्मणपुर,पुर,Sanskrit,1500 BCE - present (liturgical/classical)
वासर,*wāsarás,Proto-Indo-Iranian,2200 BCE - 1800 BCE
वासर,*h₂wes-,Proto-Indo-European,4500 BCE - 2500 BCE
द्यूत,*dyuH-,Proto-Indo-Iranian,2200 BCE - 1800 BCE
गोग्रह,गो,Sanskrit,1500 BCE - present (liturgical/classical)
गोग्रह,ग्रह,Sanskrit,1500 BCE - present (liturgical/classical)
नष्टाप्तिसूत्र,नष्ट,Sanskrit,1500 BCE - present (liturgical/classical)
नष्टाप्तिसूत्र,आप्ति,Sanskrit,1500 BCE - present (liturgical/classical)
नष्टाप्तिसूत्र,सूत्र,Sanskrit,1500 BCE - present (liturgical/classical)
शाक्यमुनि,शाक्य,Sanskrit,1500 BCE - present (liturgical/classical)
शाक्यमुनि,मुनि,Sanskrit,1500 BCE - present (liturgical/classical)
शकटव्यूह,शकट,Sanskrit,1500 BCE - present (liturgical/classical)
शकटव्यूह,व्यूह,Sanskrit,1500 BCE - present (liturgical/classical)
शर्मण्यदेश,शर्मण्य,Sanskrit,1500 BCE - present (liturgical/classical)
शर्मण्यदेश,देश,Sanskrit,1500 BCE - present (liturgical/classical)
जालवृत्ति,जाल,Sanskrit,1500 BCE - present (liturgical/classical)
जालवृत्ति,वृत्ति,Sanskrit,1500 BCE - present (liturgical/classical)
वेलाभूमि,वेला,Sanskrit,1500 BCE - present (liturgical/classical)
वेलाभूमि,भूमि,Sanskrit,1500 BCE - present (liturgical/classical)
तत्रैव,तत्र,Sanskrit,1500 BCE - present (liturgical/classical)
तत्रैव,एव,Sanskrit,1500 BCE - present (liturgical/classical)
कुत्रापि,कुत्र,Sanskrit,1500 BCE - present (liturgical/classical)
कुत्रापि,अपि,Sanskrit,1500 BCE - present (liturgical/classical)
स्पश्,*spáṭṣ,Proto-Indo-Aryan,2000 BCE - 1500 BCE
स्पश्,*spáćš,Proto-Indo-Iranian,2200 BCE - 1800 BCE
स्पश्,*spéḱs,Proto-Indo-European,4500 BCE - 2500 BCE
गन्तुन्नेच्छाम्यहम्,गन्तुम्,Sanskrit,1500 BCE - present (liturgical/classical)
गन्तुन्नेच्छाम्यहम्,न,Sanskrit,1500 BCE - present (liturgical/classical)
गन्तुन्नेच्छाम्यहम्,इच्छामि,Sanskrit,1500 BCE - present (liturgical/classical)
गन्तुन्नेच्छाम्यहम्,अहम्,Sanskrit,1500 BCE - present (liturgical/classical)
क्षु,*kṣú,Proto-Indo-Aryan,2000 BCE - 1500 BCE
क्षु,*gʰas-,Proto-Indo-Iranian,2200 BCE - 1800 BCE
दूरवाणीं करोति,दूरवाणीं,Sanskrit,1500 BCE - present (liturgical/classical)
दूरवाणीं करोति,करोति,Sanskrit,1500 BCE - present (liturgical/classical)
दूरभाषसङ्ख्या,दूरभाष,Sanskrit,1500 BCE - present (liturgical/classical)
दूरभाषसङ्ख्या,सङ्ख्या,Sanskrit,1500 BCE - present (liturgical/classical)
दूरभाषसङ्ख्या,दूर,Sanskrit,1500 BCE - present (liturgical/classical)
दूरभाषसङ्ख्या,भाष,Sanskrit,1500 BCE - present (liturgical/classical)
त्यजति,*tyáȷ́ati,Proto-Indo-Aryan,2000 BCE - 1500 BCE
त्यजति,*tyáǰati,Proto-Indo-Iranian,2200 BCE - 1800 BCE
त्यजति,*tyegʷ-,Proto-Indo-European,4500 BCE - 2500 BCE
बहुल,*baźʰulás,Proto-Indo-Aryan,2000 BCE - 1500 BCE
कृष्णव्याल,कृष्ण,Sanskrit,1500 BCE - present (liturgical/classical)
कृष्णव्याल,व्याल,Sanskrit,1500 BCE - present (liturgical/classical)
तस्थौ,*stastáHa,Proto-Indo-Aryan,2000 BCE - 1500 BCE
तस्थौ,*stastáHa,Proto-Indo-Iranian,2200 BCE - 1800 BCE
तस्थौ,*stestóh₂e,Proto-Indo-European,4500 BCE - 2500 BCE
च्यवते,*ḱey-,Proto-Indo-European,4500 BCE - 2500 BCE
सेधति,*sáydʰati,Proto-Indo-Aryan,2000 BCE - 1500 BCE
सेधति,*sáydʰati,Proto-Indo-Iranian,2200 BCE - 1800 BCE
उत्कटदुःख,उत्कट,Sanskrit,1500 BCE - present (liturgical/classical)
उत्कटदुःख,दुःख,Sanskrit,1500 BCE - present (liturgical/classical)
अभवत्,*HabʰawHát,Proto-Indo-Iranian,2200 BCE - 1800 BCE
अभवत्,*bʰewH-,Proto-Indo-European,4500 BCE - 2500 BCE
याति,*yáHti,Proto-Indo-Aryan,2000 BCE - 1500 BCE
याति,*yáHti,Proto-Indo-Iranian,2200 BCE - 1800 BCE
प्रतिगच्छति,प्रति,Sanskrit,1500 BCE - present (liturgical/classical)
प्रतिगच्छति,गच्छति,Sanskrit,1500 BCE - present (liturgical/classical)
मेढ्र,*Hmáyẓḍʰram,Proto-Indo-Aryan,2000 BCE - 1500 BCE
मेढ्र,*Hmáyždʰram,Proto-Indo-Iranian,2200 BCE - 1800 BCE
शरभ,*śarHabʰás,Proto-Indo-Aryan,2000 BCE - 1500 BCE
शरभ,*ćarHabʰás,Proto-Indo-Iranian,2200 BCE - 1800 BCE
शरभ,*ḱerh₂-,Proto-Indo-European,4500 BCE - 2500 BCE
पुरोळाश्,*pr̥Haẓḍā́ṭṣ,Proto-Indo-Aryan,2000 BCE - 1500 BCE
पुरस्,*pr̥Hás,Proto-Indo-Iranian,2200 BCE - 1800 BCE
रै,*raHíš,Proto-Indo-Iranian,2200 BCE - 1800 BCE
रै,*reh₁ís,Proto-Indo-European,4500 BCE - 2500 BCE
सहते,*sáźʰatay,Proto-Indo-Aryan,2000 BCE - 1500 BCE
सहते,*sáȷ́ʰatay,Proto-Indo-Iranian,2200 BCE - 1800 BCE
सहते,*seǵʰ-,Proto-Indo-European,4500 BCE - 2500 BCE
दंष्ट्र,*dánštra-,Proto-Indo-Iranian,2200 BCE - 1800 BCE
जक्षत्,*ȷ́ʰagẓʰ-,Proto-Indo-Aryan,2000 BCE - 1500 BCE
रीति,*h₃réyHtis,Proto-Indo-European,4500 BCE - 2500 BCE
युध्य,*Hyudʰyás,Proto-Indo-Aryan,2000 BCE - 1500 BCE
युध्य,*Hyawdʰ-,Proto-Indo-Iranian,2200 BCE - 1800 BCE
युध्य,*Hyewdʰ-,Proto-Indo-European,4500 BCE - 2500 BCE
भक्ष,*bʰakš-,Proto-Indo-Iranian,2200 BCE - 1800 BCE
भक्ष,*bʰeh₂g-,Proto-Indo-European,4500 BCE - 2500 BCE
क्रीळति,*kriẓḍ-,Proto-Indo-Aryan,2000 BCE - 1500 BCE
अश्रीर,*ćriHrás,Proto-Indo-Iranian,2200 BCE - 1800 BCE
रोमन्,*Hráwma,Proto-Indo-Aryan,2000 BCE - 1500 BCE
रोमन्,*Hráwma,Proto-Indo-Iranian,2200 BCE - 1800 BCE
ऋजिप्य,*Hr̥ȷ́ipyás,Proto-Indo-Aryan,2000 BCE - 1500 BCE
ऋजिप्य,*Hr̥ȷ́ipyás,Proto-Indo-Iranian,2200 BCE - 1800 BCE
सप्तति,*saptatí,Proto-Indo-Aryan,2000 BCE - 1500 BCE
सप्तति,*saptaHtí,Proto-Indo-Iranian,2200 BCE - 1800 BCE
सप्तति,*septḿ̥h₁ḱomt,Proto-Indo-European,4500 BCE - 2500 BCE
नवति,*Hnawatíṣ,Proto-Indo-Aryan,2000 BCE - 1500 BCE
नवति,*Hnawatí,Proto-Indo-Iranian,2200 BCE - 1800 BCE
नवति,*h₁néwn̥h₁ḱomt,Proto-Indo-European,4500 BCE - 2500 BCE
अशीति,*aśiHtíṣ,Proto-Indo-Aryan,2000 BCE - 1500 BCE
अशीति,*aštaHtí,Proto-Indo-Iranian,2200 BCE - 1800 BCE
अशीति,*oḱtoh₁ḱomt,Proto-Indo-European,4500 BCE - 2500 BCE
द्वेषस्,*dwáyṣas,Proto-Indo-Aryan,2000 BCE - 1500 BCE
द्वेषस्,*dwáyšas,Proto-Indo-Iranian,2200 BCE - 1800 BCE
युध्,*Hyawdʰ-,Proto-Indo-Iranian,2200 BCE - 1800 BCE
युध्,*Hyewdʰ-,Proto-Indo-European,4500 BCE - 2500 BCE
एलीका,*ēlakāy,Proto-Dravidian,3000 BCE - 1500 BCE (disputed)
नक्,*nókʷts,Proto-Indo-European,4500 BCE - 2500 BCE
पीडा,*pisd-,Proto-Indo-European,4500 BCE - 2500 BCE
नेदिष्ठ,*názdiṣṭʰas,Proto-Indo-Aryan,2000 BCE - 1500 BCE
नेदिष्ठ,*názdištʰas,Proto-Indo-Iranian,2200 BCE - 1800 BCE
नेदिष्ठ,*nesd-,Proto-Indo-European,4500 BCE - 2500 BCE
नेदीयस्,*názdyas,Proto-Indo-Aryan,2000 BCE - 1500 BCE
नेदीयस्,*názdyas,Proto-Indo-Iranian,2200 BCE - 1800 BCE
नेदीयस्,*nésdyos,Proto-Indo-European,4500 BCE - 2500 BCE
पीयति,*píHyati,Proto-Indo-Aryan,2000 BCE - 1500 BCE
पीयति,*píHyati,Proto-Indo-Iranian,2200 BCE - 1800 BCE
पीयति,*peh₁-,Proto-Indo-European,4500 BCE - 2500 BCE
अष्ट्रा,*HáṣṭraH,Proto-Indo-Aryan,2000 BCE - 1500 BCE
अष्ट्रा,*HáštraH,Proto-Indo-Iranian,2200 BCE - 1800 BCE
शरदा,*śarHádaH,Proto-Indo-Aryan,2000 BCE - 1500 BCE
शरदा,*ćarHáts,Proto-Indo-Iranian,2200 BCE - 1800 BCE
शरदा,*ḱelh₁-,Proto-Indo-European,4500 BCE - 2500 BCE
सुश्रवस्,*Hsuśráwas,Proto-Indo-Aryan,2000 BCE - 1500 BCE
सुश्रवस्,*Hsućráwas,Proto-Indo-Iranian,2200 BCE - 1800 BCE
जेन्य,*ǵenh₁-,Proto-Indo-European,4500 BCE - 2500 BCE
नावाज,*naHuHaĵás,Proto-Indo-Aryan,2000 BCE - 1500 BCE
नावाज,*naHuHaȷ́ás,Proto-Indo-Iranian,2200 BCE - 1800 BCE
नावाज,नौ,Sanskrit,1500 BCE - present (liturgical/classical)
नावाज,अज,Sanskrit,1500 BCE - present (liturgical/classical)
अरमति,*Harámatiš,Proto-Indo-Iranian,2200 BCE - 1800 BCE
कृणोति,*kr̥náwti,Proto-Indo-Iranian,2200 BCE - 1800 BCE
युनक्ति,*yunákti,Proto-Indo-Aryan,2000 BCE - 1500 BCE
युनक्ति,*yunákti,Proto-Indo-Iranian,2200 BCE - 1800 BCE
युनक्ति,*yunégti,Proto-Indo-European,4500 BCE - 2500 BCE
तनस्,*tánas,Proto-Indo-Aryan,2000 BCE - 1500 BCE
तनस्,*tánas,Proto-Indo-Iranian,2200 BCE - 1800 BCE
तनस्,*ténos,Proto-Indo-European,4500 BCE - 2500 BCE
शुष्यति,*Hsúšyati,Proto-Indo-Iranian,2200 BCE - 1800 BCE
शोषयति,*Hsawṣáyati,Proto-Indo-Aryan,2000 BCE - 1500 BCE
शोषयति,*Hsawšáyati,Proto-Indo-Iranian,2200 BCE - 1800 BCE
जूर्ण,*źr̥Hnás,Proto-Indo-Aryan,2000 BCE - 1500 BCE
जूर्ण,*ȷ́r̥Hnás,Proto-Indo-Iranian,2200 BCE - 1800 BCE
सिन्व,*seh₂-,Proto-Indo-European,4500 BCE - 2500 BCE
क्वथित,*kwh₂et-,Proto-Indo-European,4500 BCE - 2500 BCE
खग,ख,Sanskrit,1500 BCE - present (liturgical/classical)
खग,गम्,Sanskrit,1500 BCE - present (liturgical/classical)
दत्तांश,दत्त,Sanskrit,1500 BCE - present (liturgical/classical)
दत्तांश,अंश,Sanskrit,1500 BCE - present (liturgical/classical)
दत्तनिधि,दत्त,Sanskrit,1500 BCE - present (liturgical/classical)
दत्तनिधि,निधि,Sanskrit,1500 BCE - present (liturgical/classical)
श्वित्र,*świtrás,Proto-Indo-Aryan,2000 BCE - 1500 BCE
श्वित्र,*ćwitrás,Proto-Indo-Iranian,2200 BCE - 1800 BCE
श्वित्र,*ḱweyt-,Proto-Indo-European,4500 BCE - 2500 BCE
प्रतिरोध,प्रति-,Sanskrit,1500 BCE - present (liturgical/classical)
प्रतिरोध,रोध,Sanskrit,1500 BCE - present (liturgical/classical)
कृन्तति,*(s)ker-,Proto-Indo-European,4500 BCE - 2500 BCE
राजति,*h₃reǵ-,Proto-Indo-European,4500 BCE - 2500 BCE
रिणाति,*HrináHti,Proto-Indo-Aryan,2000 BCE - 1500 BCE
रिणाति,*HrináHti,Proto-Indo-Iranian,2200 BCE - 1800 BCE
सरति,*sárati,Proto-Indo-Aryan,2000 BCE - 1500 BCE
सरति,*sárati,Proto-Indo-Iranian,2200 BCE - 1800 BCE
काङ्क्षति,*kank-,Proto-Indo-European,4500 BCE - 2500 BCE
बाधति,*báHdʰati,Proto-Indo-Aryan,2000 BCE - 1500 BCE
बाधति,*bʰáHdʰati,Proto-Indo-Iranian,2200 BCE - 1800 BCE
बोधयति,*bʰowdʰéyeti,Proto-Indo-European,4500 BCE - 2500 BCE
इष्,*h₂eys-,Proto-Indo-European,4500 BCE - 2500 BCE
इष्,*h₁eysh₂-,Proto-Indo-European,4500 BCE - 2500 BCE
धर्मयुद्ध,धर्म,Sanskrit,1500 BCE - present (liturgical/classical)
धर्मयुद्ध,युद्ध,Sanskrit,1500 BCE - present (liturgical/classical)
धृ,*dʰar-,Proto-Indo-Aryan,2000 BCE - 1500 BCE
धृ,*dʰar-,Proto-Indo-Iranian,2200 BCE - 1800 BCE
धृ,*dʰer-,Proto-Indo-European,4500 BCE - 2500 BCE
अगन्,*Hágant,Proto-Indo-Aryan,2000 BCE - 1500 BCE
अगन्,*Hágant,Proto-Indo-Iranian,2200 BCE - 1800 BCE
अगन्,*gʷémt,Proto-Indo-European,4500 BCE - 2500 BCE
अश्रोत्,*Háśrawt,Proto-Indo-Aryan,2000 BCE - 1500 BCE
अश्रोत्,*Háćrawt,Proto-Indo-Iranian,2200 BCE - 1800 BCE
अश्रोत्,*ḱléwt,Proto-Indo-European,4500 BCE - 2500 BCE
अत्यद्भुत,अति,Sanskrit,1500 BCE - present (liturgical/classical)
अत्यद्भुत,अद्भुत,Sanskrit,1500 BCE - present (liturgical/classical)
मुञ्चति,*munćáti,Proto-Indo-Aryan,2000 BCE - 1500 BCE
मुञ्चति,*munčáti,Proto-Indo-Iranian,2200 BCE - 1800 BCE
मुच्,*(s)mewk-,Proto-Indo-European,4500 BCE - 2500 BCE
मुमोच,*mumáwća,Proto-Indo-Aryan,2000 BCE - 1500 BCE
मुमोच,*mumáwča,Proto-Indo-Iranian,2200 BCE - 1800 BCE
मुमोच,*muméwke,Proto-Indo-European,4500 BCE - 2500 BCE
जगाम,*ǰagā́ma,Proto-Indo-Iranian,2200 BCE - 1800 BCE
जगाम,*gʷegʷóme,Proto-Indo-European,4500 BCE - 2500 BCE
जज्ञौ,*ȷ́aȷ́náHa,Proto-Indo-Aryan,2000 BCE - 1500 BCE
जज्ञौ,*ȷ́aȷ́náHa,Proto-Indo-Iranian,2200 BCE - 1800 BCE
जज्ञौ,*ǵneh₃-,Proto-Indo-European,4500 BCE - 2500 BCE
होरा,ὥρα,Ancient Greek,1500 BCE - 300 BCE
स्यूत,*syuHtás,Proto-Indo-Iranian,2200 BCE - 1800 BCE
उभ्नाति,*ubʰnáHti,Proto-Indo-Aryan,2000 BCE - 1500 BCE
उभ्नाति,*ubʰnáHti,Proto-Indo-Iranian,2200 BCE - 1800 BCE
ददौ,*dadáHa,Proto-Indo-Aryan,2000 BCE - 1500 BCE
ददौ,*dadáHa,Proto-Indo-Iranian,2200 BCE - 1800 BCE
ददौ,*deh₃-,Proto-Indo-European,4500 BCE - 2500 BCE
अस्थात्,*HástaHt,Proto-Indo-Aryan,2000 BCE - 1500 BCE
अस्थात्,*HástaHt,Proto-Indo-Iranian,2200 BCE - 1800 BCE
अस्थात्,*stéh₂t,Proto-Indo-European,4500 BCE - 2500 BCE
द्वय,*dwayHás,Proto-Indo-Aryan,2000 BCE - 1500 BCE
द्वय,*dwayHás,Proto-Indo-Iranian,2200 BCE - 1800 BCE
द्वय,*dwoyHós,Proto-Indo-European,4500 BCE - 2500 BCE
त्रिस्,*tríṣ,Proto-Indo-Aryan,2000 BCE - 1500 BCE
त्रिस्,*tríś,Proto-Indo-Iranian,2200 BCE - 1800 BCE
त्रिस्,*trís,Proto-Indo-European,4500 BCE - 2500 BCE
द्विस्,*dwíṣ,Proto-Indo-Aryan,2000 BCE - 1500 BCE
द्विस्,*dwíš,Proto-Indo-Iranian,2200 BCE - 1800 BCE
द्विस्,*dwís,Proto-Indo-European,4500 BCE - 2500 BCE
युष्माक,*túh₂,Proto-Indo-European,4500 BCE - 2500 BCE
द्रवति,*dráwati,Proto-Indo-Aryan,2000 BCE - 1500 BCE
द्रवति,*dráwati,Proto-Indo-Iranian,2200 BCE - 1800 BCE
द्रवति,*dréwh₂-eti,Proto-Indo-European,4500 BCE - 2500 BCE
विवेश,*wawáyśa,Proto-Indo-Aryan,2000 BCE - 1500 BCE
विवेश,*wawáyća,Proto-Indo-Iranian,2200 BCE - 1800 BCE
विवेश,*wewóyḱe,Proto-Indo-European,4500 BCE - 2500 BCE
चुद्,*(s)kewd-,Proto-Indo-European,4500 BCE - 2500 BCE
चोदति,*čáwdati,Proto-Indo-Iranian,2200 BCE - 1800 BCE
इरस्यति,*h₁ers-,Proto-Indo-European,4500 BCE - 2500 BCE
शू,*ḱewH-,Proto-Indo-European,4500 BCE - 2500 BCE
जस्यति,*ȷ́ásHyati,Proto-Indo-Aryan,2000 BCE - 1500 BCE
जस्यति,*ǰásHyati,Proto-Indo-Iranian,2200 BCE - 1800 BCE
जस्यति,*(s)gʷésh₂yeti,Proto-Indo-European,4500 BCE - 2500 BCE
ववर्ध,*wawárdʰa,Proto-Indo-Aryan,2000 BCE - 1500 BCE
ववर्ध,*wawárdʰa,Proto-Indo-Iranian,2200 BCE - 1800 BCE
वर्धति,*Hwárdʰati,Proto-Indo-Aryan,2000 BCE - 1500 BCE
वर्धति,*Hwárdʰati,Proto-Indo-Iranian,2200 BCE - 1800 BCE
नमति,*námati,Proto-Indo-Aryan,2000 BCE - 1500 BCE
नमति,*námati,Proto-Indo-Iranian,2200 BCE - 1800 BCE
घिण्ण्,ग्रह्,Sanskrit,1500 BCE - present (liturgical/classical)
बिभाय,*babʰáyHa,Proto-Indo-Aryan,2000 BCE - 1500 BCE
बिभाय,*bʰabʰáyHa,Proto-Indo-Iranian,2200 BCE - 1800 BCE
बिभाय,*bʰebʰóyh₂e,Proto-Indo-European,4500 BCE - 2500 BCE
बिभेति,*bʰíbʰayHti,Proto-Indo-Iranian,2200 BCE - 1800 BCE
बिभेति,*bʰíbʰeyh₂ti,Proto-Indo-European,4500 BCE - 2500 BCE
जिह्रेति,*ȷ́áźʰrayHti,Proto-Indo-Aryan,2000 BCE - 1500 BCE
जिह्रेति,*ȷ́ʰáȷ́ʰrayHti,Proto-Indo-Iranian,2200 BCE - 1800 BCE
बिभर्ति,*bíbʰarti,Proto-Indo-Aryan,2000 BCE - 1500 BCE
बिभर्ति,*bʰíbʰarti,Proto-Indo-Iranian,2200 BCE - 1800 BCE
बिभर्ति,*bʰíbʰerti,Proto-Indo-European,4500 BCE - 2500 BCE
पृ,*per-,Proto-Indo-European,4500 BCE - 2500 BCE
निज्,*neygʷ-,Proto-Indo-European,4500 BCE - 2500 BCE
नेनेक्ति,*náynaykti,Proto-Indo-Aryan,2000 BCE - 1500 BCE
नेनेक्ति,*náynaykti,Proto-Indo-Iranian,2200 BCE - 1800 BCE
विष्,*weys-,Proto-Indo-European,4500 BCE - 2500 BCE
घृ,*gʰrēy-,Proto-Indo-European,4500 BCE - 2500 BCE
जिघर्ति,*ȷ́igʰárti,Proto-Indo-Aryan,2000 BCE - 1500 BCE
जिघर्ति,*ǰʰigʰárti,Proto-Indo-Iranian,2200 BCE - 1800 BCE
वेवेक्ति,*wáywaykti,Proto-Indo-Aryan,2000 BCE - 1500 BCE
वेवेक्ति,*wáywaykti,Proto-Indo-Iranian,2200 BCE - 1800 BCE
वेवेक्ति,*wéywoykti,Proto-Indo-European,4500 BCE - 2500 BCE
वेवेष्टि,*wáywayṣṭi,Proto-Indo-Aryan,2000 BCE - 1500 BCE
इयर्ति,*HiHárti,Proto-Indo-Iranian,2200 BCE - 1800 BCE
बभस्ति,*bábʰasti,Proto-Indo-Aryan,2000 BCE - 1500 BCE
बभस्ति,*bábʰasti,Proto-Indo-Iranian,2200 BCE - 1800 BCE
जिगाति,*ȷ́ígaHti,Proto-Indo-Aryan,2000 BCE - 1500 BCE
जिगाति,*ǰígaHti,Proto-Indo-Iranian,2200 BCE - 1800 BCE
ववर्त,*wawárta,Proto-Indo-Aryan,2000 BCE - 1500 BCE
ववर्त,*wawárta,Proto-Indo-Iranian,2200 BCE - 1800 BCE
ववर्त,*wewórte,Proto-Indo-European,4500 BCE - 2500 BCE
एध्,*Haydʰ-,Proto-Indo-Iranian,2200 BCE - 1800 BCE
एध्,*h₂eydʰ-,Proto-Indo-European,4500 BCE - 2500 BCE
बभार,*babʰā́ra,Proto-Indo-Aryan,2000 BCE - 1500 BCE
बभार,*bʰabʰā́ra,Proto-Indo-Iranian,2200 BCE - 1800 BCE
बभ्रे,*bʰer-,Proto-Indo-European,4500 BCE - 2500 BCE
प्रीयते,*príHyati,Proto-Indo-Aryan,2000 BCE - 1500 BCE
प्रीयते,*príHyati,Proto-Indo-Iranian,2200 BCE - 1800 BCE
महस्,*máźʰas,Proto-Indo-Aryan,2000 BCE - 1500 BCE
महस्,*máȷ́ʰas,Proto-Indo-Iranian,2200 BCE - 1800 BCE
मनोगत,मनस्,Sanskrit,1500 BCE - present (liturgical/classical)
मनोगत,गत,Sanskrit,1500 BCE - present (liturgical/classical)
उदगद्रि,उदक्,Sanskrit,1500 BCE - present (liturgical/classical)
उदगद्रि,अद्रि,Sanskrit,1500 BCE - present (liturgical/classical)
ओकार,ओ,Sanskrit,1500 BCE - present (liturgical/classical)
ओकार,कार,Sanskrit,1500 BCE - present (liturgical/classical)
वन्,*wenh₁-,Proto-Indo-European,4500 BCE - 2500 BCE
वन्,*wán-,Proto-Indo-Iranian,2200 BCE - 1800 BCE
मया,*máyaH,Proto-Indo-Iranian,2200 BCE - 1800 BCE
मया,*éǵh₂,Proto-Indo-European,4500 BCE - 2500 BCE
मह्यम्,*mábʰyam,Proto-Indo-Iranian,2200 BCE - 1800 BCE
ओतु,*Háwtuṣ,Proto-Indo-Aryan,2000 BCE - 1500 BCE
निद्,*h₃neyd-,Proto-Indo-European,4500 BCE - 2500 BCE
हिम्,*źʰíms,Proto-Indo-Aryan,2000 BCE - 1500 BCE
हिम्,*ȷ́ʰíms,Proto-Indo-Iranian,2200 BCE - 1800 BCE
हिम्,*ǵʰey-,Proto-Indo-European,4500 BCE - 2500 BCE
ह्वृ,*ǵʰwel-,Proto-Indo-European,4500 BCE - 2500 BCE
स्वरति,*swárati,Proto-Indo-Aryan,2000 BCE - 1500 BCE
स्वरति,*swárati,Proto-Indo-Iranian,2200 BCE - 1800 BCE
स्वरति,*swer-,Proto-Indo-European,4500 BCE - 2500 BCE
गमति,*ȷ́ámati,Proto-Indo-Aryan,2000 BCE - 1500 BCE
गमति,*ǰámati,Proto-Indo-Iranian,2200 BCE - 1800 BCE
क्षेत्रनाम,क्षेत्र,Sanskrit,1500 BCE - present (liturgical/classical)
क्षेत्रनाम,नाम,Sanskrit,1500 BCE - present (liturgical/classical)
आस्ते,*HaHstay,Proto-Indo-Iranian,2200 BCE - 1800 BCE
आस्ते,*h₁eh₁s-,Proto-Indo-European,4500 BCE - 2500 BCE
उनत्ति,*unátti,Proto-Indo-Aryan,2000 BCE - 1500 BCE
उनत्ति,*unátˢti,Proto-Indo-Iranian,2200 BCE - 1800 BCE
लेढि,*láyẓḍʰi,Proto-Indo-Aryan,2000 BCE - 1500 BCE
लेढि,*láyždʰi,Proto-Indo-Iranian,2200 BCE - 1800 BCE
लेढि,*léyǵʰti,Proto-Indo-European,4500 BCE - 2500 BCE
पिनष्टि,*pináṣṭi,Proto-Indo-Aryan,2000 BCE - 1500 BCE
पिनष्टि,*pinášti,Proto-Indo-Iranian,2200 BCE - 1800 BCE
भुनक्ति,*bʰunákti,Proto-Indo-Aryan,2000 BCE - 1500 BCE
भुनक्ति,*bʰunákti,Proto-Indo-Iranian,2200 BCE - 1800 BCE
बभूव,*babʰúHa,Proto-Indo-Aryan,2000 BCE - 1500 BCE
बभूव,*bʰabʰúHa,Proto-Indo-Iranian,2200 BCE - 1800 BCE
रीळ्ह,*riẓḍʰás,Proto-Indo-Aryan,2000 BCE - 1500 BCE
रीळ्ह,*riždʰás,Proto-Indo-Iranian,2200 BCE - 1800 BCE
लीढ,*liẓḍʰás,Proto-Indo-Aryan,2000 BCE - 1500 BCE
लीढ,*liždʰás,Proto-Indo-Iranian,2200 BCE - 1800 BCE
रुक्म,*rukmás,Proto-Indo-Aryan,2000 BCE - 1500 BCE
रुक्म,*rukmás,Proto-Indo-Iranian,2200 BCE - 1800 BCE
सनुते,*senh₂-,Proto-Indo-European,4500 BCE - 2500 BCE
सस्य,*sasás,Proto-Indo-Iranian,2200 BCE - 1800 BCE
सस्य,*(s)h₁es-,Proto-Indo-European,4500 BCE - 2500 BCE
सस,*sasás,Proto-Indo-Aryan,2000 BCE - 1500 BCE
सस,*sasás,Proto-Indo-Iranian,2200 BCE - 1800 BCE
सस,*(s)h₁es-,Proto-Indo-European,4500 BCE - 2500 BCE
क्षोदस्,*kšáwdas,Proto-Indo-Iranian,2200 BCE - 1800 BCE
यूस्,*yúHs,Proto-Indo-European,4500 BCE - 2500 BCE
गिर्,*gŕ̥H,Proto-Indo-Aryan,2000 BCE - 1500 BCE
गिर्,*gŕ̥H,Proto-Indo-Iranian,2200 BCE - 1800 BCE
भिनत्ति,*bʰinátti,Proto-Indo-Aryan,2000 BCE - 1500 BCE
भिनत्ति,*bʰinátˢti,Proto-Indo-Iranian,2200 BCE - 1800 BCE
भिनत्ति,*bʰinédti,Proto-Indo-European,4500 BCE - 2500 BCE
बाळ्ह,*baẓḍʰás,Proto-Indo-Aryan,2000 BCE - 1500 BCE
बाळ्ह,*bʰaždʰás,Proto-Indo-Iranian,2200 BCE - 1800 BCE
पृच्छा,*pr̥śćaH,Proto-Indo-Aryan,2000 BCE - 1500 BCE
पृच्छा,*pr̥sćaH,Proto-Indo-Iranian,2200 BCE - 1800 BCE
जुघुक्षति,*ȷ́ugʰuṭṣati,Proto-Indo-Aryan,2000 BCE - 1500 BCE
जुघुक्षति,*ǰʰugʰućšati,Proto-Indo-Iranian,2200 BCE - 1800 BCE
योक्त्र,*yáwktram,Proto-Indo-Iranian,2200 BCE - 1800 BCE
पिच्छोरा,*(s)peys-,Proto-Indo-European,4500 BCE - 2500 BCE
रजिष्ठ,*Hráȷ́ištʰas,Proto-Indo-Iranian,2200 BCE - 1800 BCE
चूडामणि,चूडा,Sanskrit,1500 BCE - present (liturgical/classical)
चूडामणि,मणि,Sanskrit,1500 BCE - present (liturgical/classical)
लिह्,*líṭṣ,Proto-Indo-Aryan,2000 BCE - 1500 BCE
लिह्,*líćš,Proto-Indo-Iranian,2200 BCE - 1800 BCE
लिह्,*leyǵʰ-,Proto-Indo-European,4500 BCE - 2500 BCE
शंस,*ćánsas,Proto-Indo-Iranian,2200 BCE - 1800 BCE
शंस,*ḱéns-o-s,Proto-Indo-European,4500 BCE - 2500 BCE
खडु,khaḷu,Pali,500 BCE - 1 CE
काट,kāḷa,Pali,500 BCE - 1 CE
पृणाति,*pr̥náHti,Proto-Indo-Aryan,2000 BCE - 1500 BCE
पृणाति,*pr̥náHti,Proto-Indo-Iranian,2200 BCE - 1800 BCE
बर्हिष्ठ,*bʰárźʰiṣṭʰas,Proto-Indo-Aryan,2000 BCE - 1500 BCE
बर्हिष्ठ,*bʰárȷ́ʰištʰas,Proto-Indo-Iranian,2200 BCE - 1800 BCE
बर्हिष्ठ,*bʰerǵʰ-,Proto-Indo-European,4500 BCE - 2500 BCE
मेनि,*mayHníš,Proto-Indo-Iranian,2200 BCE - 1800 BCE
मेनि,*meh₂y-,Proto-Indo-European,4500 BCE - 2500 BCE
म्ना,*mnaH-,Proto-Indo-Iranian,2200 BCE - 1800 BCE
म्ना,*men-,Proto-Indo-European,4500 BCE - 2500 BCE
मम्नौ,*man-,Proto-Indo-Iranian,2200 BCE - 1800 BCE
मम्नौ,*men-,Proto-Indo-European,4500 BCE - 2500 BCE
वृत्,*wert-,Proto-Indo-European,4500 BCE - 2500 BCE
मृ,*mer-,Proto-Indo-European,4500 BCE - 2500 BCE
जिह्म,*dh₃ǵʰmós,Proto-Indo-European,4500 BCE - 2500 BCE
रुग्ण,*lewg-,Proto-Indo-European,4500 BCE - 2500 BCE
अन्तःपुर,अन्तर्,Sanskrit,1500 BCE - present (liturgical/classical)
अन्तःपुर,पुर,Sanskrit,1500 BCE - present (liturgical/classical)
आयुस्,*Hā́yu,Proto-Indo-Aryan,2000 BCE - 1500 BCE
आयुस्,*Hā́yu,Proto-Indo-Iranian,2200 BCE - 1800 BCE
आयुस्,*h₂óyu,Proto-Indo-European,4500 BCE - 2500 BCE
मन्तृ,*mántā,Proto-Indo-Iranian,2200 BCE - 1800 BCE
मन्तृ,*men-,Proto-Indo-European,4500 BCE - 2500 BCE
मन्तु,*men-,Proto-Indo-European,4500 BCE - 2500 BCE
दम्,*dṓm,Proto-Indo-European,4500 BCE - 2500 BCE
जनू,*ǵenh₁-,Proto-Indo-European,4500 BCE - 2500 BCE
युग्य,*yewg-,Proto-Indo-European,4500 BCE - 2500 BCE
योगस्,*yáwgas,Proto-Indo-Aryan,2000 BCE - 1500 BCE
योगस्,*yáwgas,Proto-Indo-Iranian,2200 BCE - 1800 BCE
योगस्,*yéwgos,Proto-Indo-European,4500 BCE - 2500 BCE
युज्,*yewg-,Proto-Indo-European,4500 BCE - 2500 BCE
तोक,*tawkás,Proto-Indo-Aryan,2000 BCE - 1500 BCE
तोक,*tawkás,Proto-Indo-Iranian,2200 BCE - 1800 BCE
यज्यु,*h₁yaǵ-,Proto-Indo-European,4500 BCE - 2500 BCE
यज्,*h₁yaǵ-,Proto-Indo-European,4500 BCE - 2500 BCE
यावन्,*yeh₂-,Proto-Indo-European,4500 BCE - 2500 BCE
यामन्,*yáHma,Proto-Indo-Aryan,2000 BCE - 1500 BCE
यामन्,*yáHma,Proto-Indo-Iranian,2200 BCE - 1800 BCE
प्सु,*psúš,Proto-Indo-Iranian,2200 BCE - 1800 BCE
अप्सस्,*Hápsas,Proto-Indo-Iranian,2200 BCE - 1800 BCE
अप्सस्,*h₂épsos,Proto-Indo-European,4500 BCE - 2500 BCE
वस्ति,*wend-tri-,Proto-Indo-European,4500 BCE - 2500 BCE
वस्ति,*h₂wéstis,Proto-Indo-European,4500 BCE - 2500 BCE
दुरोण,*d(ʰ)wā́r,Proto-Indo-Aryan,2000 BCE - 1500 BCE
दुरोण,*dʰwā́r,Proto-Indo-Iranian,2200 BCE - 1800 BCE
दुरोण,*dʰwṓr,Proto-Indo-European,4500 BCE - 2500 BCE
दुर्योण,*d(ʰ)wā́r,Proto-Indo-Aryan,2000 BCE - 1500 BCE
दुर्योण,*dʰwā́r,Proto-Indo-Iranian,2200 BCE - 1800 BCE
दुर्योण,*dʰwṓr,Proto-Indo-European,4500 BCE - 2500 BCE
दुर,*d(ʰ)wā́r,Proto-Indo-Aryan,2000 BCE - 1500 BCE
दुर,*dʰwā́r,Proto-Indo-Iranian,2200 BCE - 1800 BCE
दुर,*dʰwṓr,Proto-Indo-European,4500 BCE - 2500 BCE
दुर्,*d(ʰ)wā́r,Proto-Indo-Aryan,2000 BCE - 1500 BCE
दुर्,*dʰwā́r,Proto-Indo-Iranian,2200 BCE - 1800 BCE
दुर्,*dʰwṓr,Proto-Indo-European,4500 BCE - 2500 BCE
विशति,*wiśáti,Proto-Indo-Aryan,2000 BCE - 1500 BCE
विशति,*wićáti,Proto-Indo-Iranian,2200 BCE - 1800 BCE
अतिथिपति,अतिथि,Sanskrit,1500 BCE - present (liturgical/classical)
अतिथिपति,पति,Sanskrit,1500 BCE - present (liturgical/classical)
धर्मन्,*dʰárma,Proto-Indo-Aryan,2000 BCE - 1500 BCE
धर्मन्,*dʰárma,Proto-Indo-Iranian,2200 BCE - 1800 BCE
स्तायु,*(s)taHyúṣ,Proto-Indo-Aryan,2000 BCE - 1500 BCE
स्तायु,*(s)taHyúš,Proto-Indo-Iranian,2200 BCE - 1800 BCE
स्तायु,*(s)teh₂y-,Proto-Indo-European,4500 BCE - 2500 BCE
स्तुका,*stewe-,Proto-Indo-European,4500 BCE - 2500 BCE
भार्मन्,*bʰárma,Proto-Indo-Aryan,2000 BCE - 1500 BCE
भार्मन्,*bʰárma,Proto-Indo-Iranian,2200 BCE - 1800 BCE
भार्मन्,*bʰer-,Proto-Indo-European,4500 BCE - 2500 BCE
द्रापि,*drap,Proto-Indo-European,4500 BCE - 2500 BCE
शेव,*ćáyHwas,Proto-Indo-Iranian,2200 BCE - 1800 BCE
शेप,*ćáypas,Proto-Indo-Iranian,2200 BCE - 1800 BCE
शेप,*ḱéypos,Proto-Indo-European,4500 BCE - 2500 BCE
अशनि,*aḱanā,Proto-Indo-European,4500 BCE - 2500 BCE
अशनि,*h₂eḱ-,Proto-Indo-European,4500 BCE - 2500 BCE
अश्वश्चन्द्र,अश्व,Sanskrit,1500 BCE - present (liturgical/classical)
अश्वश्चन्द्र,श्चन्द्र,Sanskrit,1500 BCE - present (liturgical/classical)
वी,*weyh₁-,Proto-Indo-European,4500 BCE - 2500 BCE
राद्ध,*HraHdᶻdʰás,Proto-Indo-Iranian,2200 BCE - 1800 BCE
राद्ध,*Hreh₁dʰ-,Proto-Indo-European,4500 BCE - 2500 BCE
रिप्,*leyp-,Proto-Indo-European,4500 BCE - 2500 BCE
शवस्,*śáwHas,Proto-Indo-Aryan,2000 BCE - 1500 BCE
शवस्,*ćáwHas,Proto-Indo-Iranian,2200 BCE - 1800 BCE
तुर,*twr̥Hás,Proto-Indo-Aryan,2000 BCE - 1500 BCE
तुर,*twr̥Hás,Proto-Indo-Iranian,2200 BCE - 1800 BCE
बप्सति,*bábʰasti,Proto-Indo-Aryan,2000 BCE - 1500 BCE
ग्मा,*gẓʰā́s,Proto-Indo-Aryan,2000 BCE - 1500 BCE
ग्मा,*ȷ́žʰā́s,Proto-Indo-Iranian,2200 BCE - 1800 BCE
ग्मा,*dʰéǵʰōm,Proto-Indo-European,4500 BCE - 2500 BCE
रभस्,*rebʰ,Proto-Indo-European,4500 BCE - 2500 BCE
राधस्,*Hréh₁dʰeti,Proto-Indo-European,4500 BCE - 2500 BCE
राध्,*HraHdʰ-,Proto-Indo-Aryan,2000 BCE - 1500 BCE
राध्,*HraHdʰ-,Proto-Indo-Iranian,2200 BCE - 1800 BCE
राध्,*Hreh₁dʰ-,Proto-Indo-European,4500 BCE - 2500 BCE
तवस्,*tawHā́s,Proto-Indo-Aryan,2000 BCE - 1500 BCE
तवस्,*tawHā́s,Proto-Indo-Iranian,2200 BCE - 1800 BCE
पनस,*palṇas,Proto-Dravidian,3000 BCE - 1500 BCE (disputed)
वक्षस्,*Hwákṣas,Proto-Indo-Aryan,2000 BCE - 1500 BCE
वक्षस्,*Hwákšas,Proto-Indo-Iranian,2200 BCE - 1800 BCE
नर्य,*h₂nḗr,Proto-Indo-European,4500 BCE - 2500 BCE
राष्टि,*Hrā́ṣṭi,Proto-Indo-Aryan,2000 BCE - 1500 BCE
राष्टि,*Hrā́šti,Proto-Indo-Iranian,2200 BCE - 1800 BCE
राष्टि,*h₃rḗǵti,Proto-Indo-European,4500 BCE - 2500 BCE
राष्टि,*h₃réǵeti,Proto-Indo-European,4500 BCE - 2500 BCE
चनस्,*ćánas,Proto-Indo-Aryan,2000 BCE - 1500 BCE
चनस्,*čánas ,Proto-Indo-Iranian,2200 BCE - 1800 BCE
चनस्,*kenh₂-,Proto-Indo-European,4500 BCE - 2500 BCE
अंसकूट,अंस,Sanskrit,1500 BCE - present (liturgical/classical)
अंसकूट,कूट,Sanskrit,1500 BCE - present (liturgical/classical)
अंसफलक,अंस,Sanskrit,1500 BCE - present (liturgical/classical)
अंसफलक,फलक,Sanskrit,1500 BCE - present (liturgical/classical)
अंसत्र,अंस,Sanskrit,1500 BCE - present (liturgical/classical)
अंसत्र,त्र,Sanskrit,1500 BCE - present (liturgical/classical)
अंसपृष्ठ,अंस,Sanskrit,1500 BCE - present (liturgical/classical)
अंसपृष्ठ,पृष्ठ,Sanskrit,1500 BCE - present (liturgical/classical)
तूय,*túHyas,Proto-Indo-Aryan,2000 BCE - 1500 BCE
तूय,*túHyas,Proto-Indo-Iranian,2200 BCE - 1800 BCE
दोषा,*dawṣáH,Proto-Indo-Aryan,2000 BCE - 1500 BCE
दोषा,*dawšáH,Proto-Indo-Iranian,2200 BCE - 1800 BCE
दोषा,*dowséh₂,Proto-Indo-European,4500 BCE - 2500 BCE
ऊबध्य,*HúHbadʰyam,Proto-Indo-Aryan,2000 BCE - 1500 BCE
ऊबध्य,*HúHbʰadʰyam,Proto-Indo-Iranian,2200 BCE - 1800 BCE
इन्द्रनील,इन्द्र,Sanskrit,1500 BCE - present (liturgical/classical)
इन्द्रनील,नील,Sanskrit,1500 BCE - present (liturgical/classical)
स्कम्भ,*skambʰás,Proto-Indo-Aryan,2000 BCE - 1500 BCE
स्कम्भ,*skambʰás,Proto-Indo-Iranian,2200 BCE - 1800 BCE
स्कम्भ,*skabʰ-,Proto-Indo-European,4500 BCE - 2500 BCE
ओकस्,*Hawkás,Proto-Indo-Iranian,2200 BCE - 1800 BCE
क्षुर,*kšurás,Proto-Indo-Iranian,2200 BCE - 1800 BCE
तति,*toti,Proto-Indo-European,4500 BCE - 2500 BCE
जनयति,*ȷ́anHáyati,Proto-Indo-Iranian,2200 BCE - 1800 BCE
जनयति,*ǵenh₁-,Proto-Indo-European,4500 BCE - 2500 BCE
श्लोक,*śláwkas,Proto-Indo-Aryan,2000 BCE - 1500 BCE
श्लोक,*ḱlew-,Proto-Indo-European,4500 BCE - 2500 BCE
म्लात,*mlaHtás,Proto-Indo-Aryan,2000 BCE - 1500 BCE
म्लात,*mlaHtás,Proto-Indo-Iranian,2200 BCE - 1800 BCE
गूर्ति,*gʷerH-,Proto-Indo-European,4500 BCE - 2500 BCE
बन्ध,*bʰendʰ-,Proto-Indo-European,4500 BCE - 2500 BCE
गेह,*gʰr̥dʰás,Proto-Indo-Aryan,2000 BCE - 1500 BCE
गेह,*gʰr̥dʰás,Proto-Indo-Iranian,2200 BCE - 1800 BCE
गेह,*gʰr̥dʰós,Proto-Indo-European,4500 BCE - 2500 BCE
त्मन्,*HáHtmā,Proto-Indo-Aryan,2000 BCE - 1500 BCE
त्मन्,*HáHtmā,Proto-Indo-Iranian,2200 BCE - 1800 BCE
स्फुरति,*spʰr̥Háti,Proto-Indo-Iranian,2200 BCE - 1800 BCE
रेतस्,*h₃reyH-,Proto-Indo-European,4500 BCE - 2500 BCE
प्साति,*bzʰā́ti,Proto-Indo-Iranian,2200 BCE - 1800 BCE
प्साति,*bʰes-,Proto-Indo-European,4500 BCE - 2500 BCE
भान,*bʰeh₂-,Proto-Indo-European,4500 BCE - 2500 BCE
गदति,*gʷet-,Proto-Indo-European,4500 BCE - 2500 BCE
वेदस्,*wáydas,Proto-Indo-Aryan,2000 BCE - 1500 BCE
वेदस्,*wáydas,Proto-Indo-Iranian,2200 BCE - 1800 BCE
वेदस्,*wéydos,Proto-Indo-European,4500 BCE - 2500 BCE
मरीचि,*mr̥Hko-,Proto-Indo-European,4500 BCE - 2500 BCE
कुह,*kʷú-dʰe,Proto-Indo-European,4500 BCE - 2500 BCE
क्रीड,*kriẓḍ-,Proto-Indo-Aryan,2000 BCE - 1500 BCE
क्रीडा,*kriẓḍ-,Proto-Indo-Aryan,2000 BCE - 1500 BCE
क्रीळ,*kriẓḍ-,Proto-Indo-Aryan,2000 BCE - 1500 BCE
स्थामन्,*stéh₂mn̥,Proto-Indo-European,4500 BCE - 2500 BCE
स्कुनाति,*(s)kewh₂-,Proto-Indo-European,4500 BCE - 2500 BCE
-मन्,*-ma,Proto-Indo-Iranian,2200 BCE - 1800 BCE
-मन्,*-mn̥,Proto-Indo-European,4500 BCE - 2500 BCE
गोस्वामिन्,गो,Sanskrit,1500 BCE - present (liturgical/classical)
गोस्वामिन्,स्वामिन्,Sanskrit,1500 BCE - present (liturgical/classical)
प्रभाकर,प्रभा,Sanskrit,1500 BCE - present (liturgical/classical)
प्रभाकर,कर,Sanskrit,1500 BCE - present (liturgical/classical)
गुहा,*gʰawȷ́ʰ-,Proto-Indo-Iranian,2200 BCE - 1800 BCE
नव्य,*náwyas,Proto-Indo-Aryan,2000 BCE - 1500 BCE
नव्य,*náwyas,Proto-Indo-Iranian,2200 BCE - 1800 BCE
नव्य,*néwyos,Proto-Indo-European,4500 BCE - 2500 BCE
पर्द,*perd-,Proto-Indo-European,4500 BCE - 2500 BCE
उत,*Hutá,Proto-Indo-Iranian,2200 BCE - 1800 BCE
उत,*h₂ew,Proto-Indo-European,4500 BCE - 2500 BCE
माष,*máša-,Proto-Indo-Iranian,2200 BCE - 1800 BCE
पठति,*pártʰati,Proto-Indo-Aryan,2000 BCE - 1500 BCE
मलपृष्ठ,मल,Sanskrit,1500 BCE - present (liturgical/classical)
मलपृष्ठ,पृष्ठ,Sanskrit,1500 BCE - present (liturgical/classical)
धर्मचक्र,धर्म,Sanskrit,1500 BCE - present (liturgical/classical)
धर्मचक्र,चक्र,Sanskrit,1500 BCE - present (liturgical/classical)
द्विप,द्व,Sanskrit,1500 BCE - present (liturgical/classical)
द्विप,पा,Sanskrit,1500 BCE - present (liturgical/classical)
अक,*ákas,Proto-Indo-Aryan,2000 BCE - 1500 BCE
अक,*ákas,Proto-Indo-Iranian,2200 BCE - 1800 BCE
अत्क,*átkas,Proto-Indo-Aryan,2000 BCE - 1500 BCE
अत्क,*átkas,Proto-Indo-Iranian,2200 BCE - 1800 BCE
सकार,स,Sanskrit,1500 BCE - present (liturgical/classical)
सकार,कार,Sanskrit,1500 BCE - present (liturgical/classical)
छिनत्ति,*śćinátti,Proto-Indo-Aryan,2000 BCE - 1500 BCE
छिनत्ति,*śćinátˢti,Proto-Indo-Iranian,2200 BCE - 1800 BCE
छिनत्ति,*skinédti,Proto-Indo-European,4500 BCE - 2500 BCE
आर्यमार्ग,आर्य,Sanskrit,1500 BCE - present (liturgical/classical)
आर्यमार्ग,मार्ग,Sanskrit,1500 BCE - present (liturgical/classical)
जॄ,*ȷ́arH-,Proto-Indo-Aryan,2000 BCE - 1500 BCE
जॄ,*ȷ́arH-,Proto-Indo-Iranian,2200 BCE - 1800 BCE
जॄ,*ǵerh₂-,Proto-Indo-European,4500 BCE - 2500 BCE
उच्छिन्न,*utśćidnás,Proto-Indo-Aryan,2000 BCE - 1500 BCE
उच्छिन्न,*utsčidnás,Proto-Indo-Iranian,2200 BCE - 1800 BCE
-अन्,*-Hō,Proto-Indo-European,4500 BCE - 2500 BCE
-आनी,*-Hō,Proto-Indo-European,4500 BCE - 2500 BCE
ब्रध्न,*bradʰnás,Proto-Indo-Aryan,2000 BCE - 1500 BCE
ब्रध्न,*bʰradʰnás,Proto-Indo-Iranian,2200 BCE - 1800 BCE
ब्रध्न,*bʰlendʰ-,Proto-Indo-European,4500 BCE - 2500 BCE
वृकी,*wl̥kʷíh₂s,Proto-Indo-European,4500 BCE - 2500 BCE
पुवस्,*púHas,Proto-Indo-Iranian,2200 BCE - 1800 BCE
जंहस्,*ǵʰengʰ-,Proto-Indo-European,4500 BCE - 2500 BCE
अशैक्षमार्ग,अशैक्ष,Sanskrit,1500 BCE - present (liturgical/classical)
अशैक्षमार्ग,मार्ग,Sanskrit,1500 BCE - present (liturgical/classical)
अशैक्ष,अ-,Sanskrit,1500 BCE - present (liturgical/classical)
अशैक्ष,शिक्षा,Sanskrit,1500 BCE - present (liturgical/classical)
कर्तनी,*(s)ker-,Proto-Indo-European,4500 BCE - 2500 BCE
भवक्षय,भव,Sanskrit,1500 BCE - present (liturgical/classical)
भवक्षय,क्षय,Sanskrit,1500 BCE - present (liturgical/classical)
धीता,dhītā,Pali,500 BCE - 1 CE
गुह्,*gʰúṭṣ,Proto-Indo-Aryan,2000 BCE - 1500 BCE
गुह्,*gʰúćš,Proto-Indo-Iranian,2200 BCE - 1800 BCE
भूपति,भू,Sanskrit,1500 BCE - present (liturgical/classical)
भूपति,पति,Sanskrit,1500 BCE - present (liturgical/classical)
पुनाति,*pewH-,Proto-Indo-European,4500 BCE - 2500 BCE
शिरोपधान,शिर,Sanskrit,1500 BCE - present (liturgical/classical)
शिरोपधान,उपधान,Sanskrit,1500 BCE - present (liturgical/classical)
ध्रुति,*dʰrew-,Proto-Indo-European,4500 BCE - 2500 BCE
मियेध,*myázdʰas,Proto-Indo-Iranian,2200 BCE - 1800 BCE
मियेध,*meyh₁-,Proto-Indo-European,4500 BCE - 2500 BCE
साढृ,*sáẓḍʰā,Proto-Indo-Aryan,2000 BCE - 1500 BCE
साढृ,*sáždʰā,Proto-Indo-Iranian,2200 BCE - 1800 BCE
साळ्हृ,*sáẓḍʰā,Proto-Indo-Aryan,2000 BCE - 1500 BCE
साळ्हृ,*sáždʰā,Proto-Indo-Iranian,2200 BCE - 1800 BCE
स्मृत,*smr̥tás,Proto-Indo-Iranian,2200 BCE - 1800 BCE
मयस्,*máyHas,Proto-Indo-Iranian,2200 BCE - 1800 BCE
मयस्,*meyh₁-,Proto-Indo-European,4500 BCE - 2500 BCE
सृष्ट,*sr̥ṣṭás,Proto-Indo-Aryan,2000 BCE - 1500 BCE
सृष्ट,*sr̥štás,Proto-Indo-Iranian,2200 BCE - 1800 BCE
नीत,*niHtás,Proto-Indo-Iranian,2200 BCE - 1800 BCE
यत,*yatás,Proto-Indo-Iranian,2200 BCE - 1800 BCE
रुद्ध,*rudᶻdʰás,Proto-Indo-Iranian,2200 BCE - 1800 BCE
शस्त,*ćastás,Proto-Indo-Iranian,2200 BCE - 1800 BCE
वकार,व,Sanskrit,1500 BCE - present (liturgical/classical)
वकार,कार,Sanskrit,1500 BCE - present (liturgical/classical)
छिद्र,*sčidrás,Proto-Indo-Iranian,2200 BCE - 1800 BCE
छिद्र,*skeyd-,Proto-Indo-European,4500 BCE - 2500 BCE
स्रुव,*srew-,Proto-Indo-European,4500 BCE - 2500 BCE
उर्वरा,*Hr̥HwáraH,Proto-Indo-Iranian,2200 BCE - 1800 BCE
जग्ध,*ǰʰagdʰás,Proto-Indo-Iranian,2200 BCE - 1800 BCE
दोग्धि,*dʰéwgʰti,Proto-Indo-European,4500 BCE - 2500 BCE
जातिफल,जाति,Sanskrit,1500 BCE - present (liturgical/classical)
जातिफल,फल,Sanskrit,1500 BCE - present (liturgical/classical)
उच्चा,*utˢčáH,Proto-Indo-Iranian,2200 BCE - 1800 BCE
इत,*h₁itós,Proto-Indo-European,4500 BCE - 2500 BCE
योद्धृ,*Hyewdʰ-,Proto-Indo-European,4500 BCE - 2500 BCE
करवस्त्र,कर,Sanskrit,1500 BCE - present (liturgical/classical)
करवस्त्र,वस्त्र,Sanskrit,1500 BCE - present (liturgical/classical)
हस्तत्राण,हस्त,Sanskrit,1500 BCE - present (liturgical/classical)
हस्तत्राण,त्राण,Sanskrit,1500 BCE - present (liturgical/classical)
पुष्पशाक,पुष्प,Sanskrit,1500 BCE - present (liturgical/classical)
पुष्पशाक,शाक,Sanskrit,1500 BCE - present (liturgical/classical)
वातिङ्गण,*wātinganas,Proto-Indo-Aryan,2000 BCE - 1500 BCE
रक्तफल,रक्त,Sanskrit,1500 BCE - present (liturgical/classical)
रक्तफल,फल,Sanskrit,1500 BCE - present (liturgical/classical)
पटोल,*puṭala,Proto-Dravidian,3000 BCE - 1500 BCE (disputed)
कारवेल्ल,*kāravella,Proto-Dravidian,3000 BCE - 1500 BCE (disputed)
राजमाष,ਰਾਜਮਾਂਹ,Punjabi,not available
अथ,*átHa,Proto-Indo-Iranian,2200 BCE - 1800 BCE
अथ,*áth₂o,Proto-Indo-European,4500 BCE - 2500 BCE
अथ,*h₂et-#Root_2,Proto-Indo-European,4500 BCE - 2500 BCE
अथ,*h₂o,Proto-Indo-European,4500 BCE - 2500 BCE
न्यून,नि,Sanskrit,1500 BCE - present (liturgical/classical)
न्यून,ऊन,Sanskrit,1500 BCE - present (liturgical/classical)
मांस्,*mḗms,Proto-Indo-European,4500 BCE - 2500 BCE
वृक्क,*wr̥tkás,Proto-Indo-Iranian,2200 BCE - 1800 BCE
बन्धन,*bʰendʰ-,Proto-Indo-European,4500 BCE - 2500 BCE
लिखति,*raykʰ-,Proto-Indo-Aryan,2000 BCE - 1500 BCE
लिखति,*raykʰ-,Proto-Indo-Iranian,2200 BCE - 1800 BCE
लिखति,*rikh₂-é-ti,Proto-Indo-European,4500 BCE - 2500 BCE
लिखति,*h₁reyḱ-,Proto-Indo-European,4500 BCE - 2500 BCE
वाताद,بادام,Persian,1000 CE - present
क्रुध्यति,*krawdʰ-,Proto-Indo-Iranian,2200 BCE - 1800 BCE
हेळ,*ȷ́ʰáyždas,Proto-Indo-Iranian,2200 BCE - 1800 BCE
शल्यक्रिया,शल्य,Sanskrit,1500 BCE - present (liturgical/classical)
शल्यक्रिया,क्रिया,Sanskrit,1500 BCE - present (liturgical/classical)
शल्यकार,शल्य,Sanskrit,1500 BCE - present (liturgical/classical)
शल्यकार,-कार,Sanskrit,1500 BCE - present (liturgical/classical)
गोलदीप,गोल,Sanskrit,1500 BCE - present (liturgical/classical)
गोलदीप,दीप,Sanskrit,1500 BCE - present (liturgical/classical)
दण्डदीप,दण्ड,Sanskrit,1500 BCE - present (liturgical/classical)
दण्डदीप,दीप,Sanskrit,1500 BCE - present (liturgical/classical)
करदीप,कर,Sanskrit,1500 BCE - present (liturgical/classical)
करदीप,दीप,Sanskrit,1500 BCE - present (liturgical/classical)
शाक,𐎿𐎣,Old Persian,600 BCE - 300 BCE
मषिपात्र,मषि,Sanskrit,1500 BCE - present (liturgical/classical)
मषिपात्र,पात्र,Sanskrit,1500 BCE - present (liturgical/classical)
मसिपात्र,मसि,Sanskrit,1500 BCE - present (liturgical/classical)
मसिपात्र,पात्र,Sanskrit,1500 BCE - present (liturgical/classical)
मसीपात्र,मसी,Sanskrit,1500 BCE - present (liturgical/classical)
मसीपात्र,पात्र,Sanskrit,1500 BCE - present (liturgical/classical)
मषीपात्र,मषी,Sanskrit,1500 BCE - present (liturgical/classical)
मषीपात्र,पात्र,Sanskrit,1500 BCE - present (liturgical/classical)
मोमुघ,*mawgʰ-,Proto-Indo-Aryan,2000 BCE - 1500 BCE
मोमुघ,*mawgʰ-,Proto-Indo-Iranian,2200 BCE - 1800 BCE
ऋद्ध,*Hr̥dᶻdʰás,Proto-Indo-Iranian,2200 BCE - 1800 BCE
ऋद्ध,*h₃erdʰ-,Proto-Indo-European,4500 BCE - 2500 BCE
गृह्णाति,*gʰr̥bʰnáHti,Proto-Indo-Iranian,2200 BCE - 1800 BCE
गृह्णाति,*gʰrebʰ-,Proto-Indo-European,4500 BCE - 2500 BCE
यत्रा,*Hyátra,Proto-Indo-Iranian,2200 BCE - 1800 BCE
यत्रा,*yós,Proto-Indo-European,4500 BCE - 2500 BCE
यत्र,*Hyátra,Proto-Indo-Iranian,2200 BCE - 1800 BCE
यत्र,*yós,Proto-Indo-European,4500 BCE - 2500 BCE
शयनागार,शयन,Sanskrit,1500 BCE - present (liturgical/classical)
शयनागार,आगार,Sanskrit,1500 BCE - present (liturgical/classical)
रेखाङ्कित,रेखा,Sanskrit,1500 BCE - present (liturgical/classical)
रेखाङ्कित,अङ्कित,Sanskrit,1500 BCE - present (liturgical/classical)
अङ्कित,अङ्क,Sanskrit,1500 BCE - present (liturgical/classical)
अङ्कित,-इत,Sanskrit,1500 BCE - present (liturgical/classical)
सव्य,*sawyás,Proto-Indo-Iranian,2200 BCE - 1800 BCE
सव्य,*sewyós,Proto-Indo-European,4500 BCE - 2500 BCE
पालिका,पालन,Sanskrit,1500 BCE - present (liturgical/classical)
पालिका,-इका,Sanskrit,1500 BCE - present (liturgical/classical)
नहि,*naǰʰí,Proto-Indo-Iranian,2200 BCE - 1800 BCE
नहि,*ne,Proto-Indo-European,4500 BCE - 2500 BCE
नहि,न,Sanskrit,1500 BCE - present (liturgical/classical)
नहि,हि,Sanskrit,1500 BCE - present (liturgical/classical)
बन्दिन्,بندی,Persian,1000 CE - present
कश्यपमेरु,कश्यप,Sanskrit,1500 BCE - present (liturgical/classical)
कश्यपमेरु,मेरु,Sanskrit,1500 BCE - present (liturgical/classical)
कश्यपमेरु,मीर,Sanskrit,1500 BCE - present (liturgical/classical)
घ्रंस,*gʰransás,Proto-Indo-Iranian,2200 BCE - 1800 BCE
गर्हति,*garȷ́ʰ-,Proto-Indo-Iranian,2200 BCE - 1800 BCE
बन्दिनी,*bandī,Proto-Indo-Iranian,2200 BCE - 1800 BCE
लोहित,*Hráwdʰitas,Proto-Indo-Iranian,2200 BCE - 1800 BCE
लोहित,*h₁rewdʰ-,Proto-Indo-European,4500 BCE - 2500 BCE
शास्त्रिन्,शास्त्र,Sanskrit,1500 BCE - present (liturgical/classical)
शास्त्रिन्,-इन्,Sanskrit,1500 BCE - present (liturgical/classical)
मन्त्रिणी,मन्त्र,Sanskrit,1500 BCE - present (liturgical/classical)
मन्त्रिणी,-इणी,Sanskrit,1500 BCE - present (liturgical/classical)
स्नात,*snaHtás,Proto-Indo-Iranian,2200 BCE - 1800 BCE
स्नात,*(s)neh₂-,Proto-Indo-European,4500 BCE - 2500 BCE
तदुपरान्त,तद्,Sanskrit,1500 BCE - present (liturgical/classical)
तदुपरान्त,उपरान्त,Sanskrit,1500 BCE - present (liturgical/classical)
तत्पश्चात्,तत्,Sanskrit,1500 BCE - present (liturgical/classical)
तत्पश्चात्,पश्चात्,Sanskrit,1500 BCE - present (liturgical/classical)
सर्वनामन्,सर्व,Sanskrit,1500 BCE - present (liturgical/classical)
सर्वनामन्,नामन्,Sanskrit,1500 BCE - present (liturgical/classical)
तापयति,*tāpáyati,Proto-Indo-Iranian,2200 BCE - 1800 BCE
तापयति,*tep-,Proto-Indo-European,4500 BCE - 2500 BCE
प्रत्याशिन्,प्रति-,Sanskrit,1500 BCE - present (liturgical/classical)
प्रत्याशिन्,आशा,Sanskrit,1500 BCE - present (liturgical/classical)
प्रत्याशिन्,-इन्,Sanskrit,1500 BCE - present (liturgical/classical)
प्रत्याशिनी,प्रति-,Sanskrit,1500 BCE - present (liturgical/classical)
प्रत्याशिनी,आशा,Sanskrit,1500 BCE - present (liturgical/classical)
प्रत्याशिनी,-इनी,Sanskrit,1500 BCE - present (liturgical/classical)
पश्चा,*pasčaH,Proto-Indo-Iranian,2200 BCE - 1800 BCE
मेधिर,*mazdʰHrás,Proto-Indo-Iranian,2200 BCE - 1800 BCE
अन्तःपात्र,अन्तर्,Sanskrit,1500 BCE - present (liturgical/classical)
अन्तःपात्र,पात्र,Sanskrit,1500 BCE - present (liturgical/classical)
कर्गद,कागद,Hindi,not available
कर्गद,کاغذ,Persian,1000 CE - present
कर्गद,𐼸𐼰𐼲𐼹𐼰,Sogdian,not available
अन्तर्जाल,internet,English,1550 CE - present
अन्तर्जाल,अन्तर्,Sanskrit,1500 BCE - present (liturgical/classical)
अन्तर्जाल,जाल,Sanskrit,1500 BCE - present (liturgical/classical)
गर्भिणी,गर्भ,Sanskrit,1500 BCE - present (liturgical/classical)
गर्भिणी,-इन्,Sanskrit,1500 BCE - present (liturgical/classical)
तृढ,*tr̥ẓḍʰás,Proto-Indo-Aryan,2000 BCE - 1500 BCE
तृढ,*(s)terǵʰ-,Proto-Indo-European,4500 BCE - 2500 BCE
अज्ञ,अ-,Sanskrit,1500 BCE - present (liturgical/classical)
अज्ञ,-ज्ञ,Sanskrit,1500 BCE - present (liturgical/classical)
संज्ञापद,संज्ञा,Sanskrit,1500 BCE - present (liturgical/classical)
संज्ञापद,पद,Sanskrit,1500 BCE - present (liturgical/classical)
क्षिणाति,*gẓʰináHti,Proto-Indo-Aryan,2000 BCE - 1500 BCE
क्षिणाति,*gžʰináHti,Proto-Indo-Iranian,2200 BCE - 1800 BCE
योगिनी,योग,Sanskrit,1500 BCE - present (liturgical/classical)
योगिनी,-इनी,Sanskrit,1500 BCE - present (liturgical/classical)
साक्षिन्,साक्ष,Sanskrit,1500 BCE - present (liturgical/classical)
साक्षिन्,-इन्,Sanskrit,1500 BCE - present (liturgical/classical)
मघ,*magʰám,Proto-Indo-Iranian,2200 BCE - 1800 BCE
मघ,*megʰ-,Proto-Indo-European,4500 BCE - 2500 BCE
अधिकारिन्,अधिकार,Sanskrit,1500 BCE - present (liturgical/classical)
अधिकारिन्,-इन्,Sanskrit,1500 BCE - present (liturgical/classical)
उत्तराधिकारिन्,उत्तर,Sanskrit,1500 BCE - present (liturgical/classical)
उत्तराधिकारिन्,अधिकार,Sanskrit,1500 BCE - present (liturgical/classical)
उत्तराधिकारिन्,-इन्,Sanskrit,1500 BCE - present (liturgical/classical)
ओजोदा,*h₂ewg-,Proto-Indo-European,4500 BCE - 2500 BCE
क्षमते,*segʷʰ-,Proto-Indo-European,4500 BCE - 2500 BCE
पादकन्दुकक्रीडा,पादकन्दुक,Sanskrit,1500 BCE - present (liturgical/classical)
पादकन्दुकक्रीडा,क्रीडा,Sanskrit,1500 BCE - present (liturgical/classical)
पादकन्दुक,पाद,Sanskrit,1500 BCE - present (liturgical/classical)
पादकन्दुक,कन्दुक,Sanskrit,1500 BCE - present (liturgical/classical)
पादकन्दुक,football,English,1550 CE - present
काण,*kāṇ-a,Proto-Dravidian,3000 BCE - 1500 BCE (disputed)
कटु,*kaṭ-u,Proto-Dravidian,3000 BCE - 1500 BCE (disputed)
नो,*ne,Proto-Indo-European,4500 BCE - 2500 BCE
संयमिन्,संयम,Sanskrit,1500 BCE - present (liturgical/classical)
संयमिन्,-इन्,Sanskrit,1500 BCE - present (liturgical/classical)
स्वार्थ,स्व,Sanskrit,1500 BCE - present (liturgical/classical)
स्वार्थ,अर्थ,Sanskrit,1500 BCE - present (liturgical/classical)
अगरु,அகில்,Tamil,300 BCE - present
कपीश,कपि,Sanskrit,1500 BCE - present (liturgical/classical)
कपीश,ईश,Sanskrit,1500 BCE - present (liturgical/classical)
भोग्य,*bʰewg-,Proto-Indo-European,4500 BCE - 2500 BCE
साढ,*saždʰás,Proto-Indo-Iranian,2200 BCE - 1800 BCE
साढ,*seǵʰ-,Proto-Indo-European,4500 BCE - 2500 BCE
अषाळ्ह,*asaẓḍʰas,Proto-Indo-Aryan,2000 BCE - 1500 BCE
अषाळ्ह,*seǵʰ-,Proto-Indo-European,4500 BCE - 2500 BCE
अषाढ,*asaẓḍʰas,Proto-Indo-Aryan,2000 BCE - 1500 BCE
अषाढ,*seǵʰ-,Proto-Indo-European,4500 BCE - 2500 BCE
चन्द्रमस्,चन्द्र,Sanskrit,1500 BCE - present (liturgical/classical)
चन्द्रमस्,मस्,Sanskrit,1500 BCE - present (liturgical/classical)
निस्-,*ní,Proto-Indo-Aryan,2000 BCE - 1500 BCE
निस्-,*ní,Proto-Indo-Iranian,2200 BCE - 1800 BCE
निस्-,*(h₁)ni,Proto-Indo-European,4500 BCE - 2500 BCE
निस्-,*h₁én,Proto-Indo-European,4500 BCE - 2500 BCE
ऋणिनी,ऋण,Sanskrit,1500 BCE - present (liturgical/classical)
ऋणिनी,-इनी,Sanskrit,1500 BCE - present (liturgical/classical)
सनोति,*sanáwti,Proto-Indo-Iranian,2200 BCE - 1800 BCE
सनातन,सन,Sanskrit,1500 BCE - present (liturgical/classical)
सनातन,अतन,Sanskrit,1500 BCE - present (liturgical/classical)
-इन्,*-iHnas,Proto-Indo-Iranian,2200 BCE - 1800 BCE
-इन्,*-iHnos,Proto-Indo-European,4500 BCE - 2500 BCE
आपयति,*Hap-,Proto-Indo-Iranian,2200 BCE - 1800 BCE
आपयति,*h₁ep-,Proto-Indo-European,4500 BCE - 2500 BCE
ईषद्वीर्य,ईषद्,Sanskrit,1500 BCE - present (liturgical/classical)
ईषद्वीर्य,वीर्य,Sanskrit,1500 BCE - present (liturgical/classical)
नेत्रोपम,नेत्र,Sanskrit,1500 BCE - present (liturgical/classical)
नेत्रोपम,उपम,Sanskrit,1500 BCE - present (liturgical/classical)
सम्-,*sam-,Proto-Indo-Aryan,2000 BCE - 1500 BCE
सम्-,*sam-,Proto-Indo-Iranian,2200 BCE - 1800 BCE
सम्-,*sem-,Proto-Indo-European,4500 BCE - 2500 BCE
पुनर्दर्शनाय,पुनर्,Sanskrit,1500 BCE - present (liturgical/classical)
पुनर्दर्शनाय,दर्शनाय,Sanskrit,1500 BCE - present (liturgical/classical)
भगदत्त,भग,Sanskrit,1500 BCE - present (liturgical/classical)
भगदत्त,दत्त,Sanskrit,1500 BCE - present (liturgical/classical)
आजि,*h₂eǵ-,Proto-Indo-European,4500 BCE - 2500 BCE
क्रियाविशेषण,क्रिया,Sanskrit,1500 BCE - present (liturgical/classical)
क्रियाविशेषण,विशेषण,Sanskrit,1500 BCE - present (liturgical/classical)
अद्यैव,अद्य,Sanskrit,1500 BCE - present (liturgical/classical)
अद्यैव,एव,Sanskrit,1500 BCE - present (liturgical/classical)
षण्मास,षण्,Sanskrit,1500 BCE - present (liturgical/classical)
षण्मास,मास,Sanskrit,1500 BCE - present (liturgical/classical)
जित,*gʷey-,Proto-Indo-European,4500 BCE - 2500 BCE
दामन्,*deh₃-,Proto-Indo-European,4500 BCE - 2500 BCE
आङ्ग्ल,Anglia,Latin,700 BCE - 500 CE
तरणताल,तरण,Sanskrit,1500 BCE - present (liturgical/classical)
तरणताल,ताल,Sanskrit,1500 BCE - present (liturgical/classical)
धनाढ्य,धन,Sanskrit,1500 BCE - present (liturgical/classical)
धनाढ्य,आढ्य,Sanskrit,1500 BCE - present (liturgical/classical)
पादत्राण,पाद,Sanskrit,1500 BCE - present (liturgical/classical)
पादत्राण,त्राण,Sanskrit,1500 BCE - present (liturgical/classical)
ग्रन्थि,*gretH-,Proto-Indo-European,4500 BCE - 2500 BCE
बहिस्,*bʰe,Proto-Indo-European,4500 BCE - 2500 BCE
दृढबीज,दृढ,Sanskrit,1500 BCE - present (liturgical/classical)
दृढबीज,बीज,Sanskrit,1500 BCE - present (liturgical/classical)
अद्यापि,अद्य,Sanskrit,1500 BCE - present (liturgical/classical)
अद्यापि,अपि,Sanskrit,1500 BCE - present (liturgical/classical)
वेदान्त,वेद,Sanskrit,1500 BCE - present (liturgical/classical)
वेदान्त,अन्त,Sanskrit,1500 BCE - present (liturgical/classical)
विषकन्या,विष,Sanskrit,1500 BCE - present (liturgical/classical)
विषकन्या,कन्या,Sanskrit,1500 BCE - present (liturgical/classical)
वृक्षशायिका,वृक्ष,Sanskrit,1500 BCE - present (liturgical/classical)
वृक्षशायिका,शायिका,Sanskrit,1500 BCE - present (liturgical/classical)
क्रीडाङ्गन,क्रीडा,Sanskrit,1500 BCE - present (liturgical/classical)
क्रीडाङ्गन,अङ्गन,Sanskrit,1500 BCE - present (liturgical/classical)
लोभ,*lewbʰ-,Proto-Indo-European,4500 BCE - 2500 BCE
उड्डीयानबन्ध,उड्डीयान,Sanskrit,1500 BCE - present (liturgical/classical)
उड्डीयानबन्ध,बन्ध,Sanskrit,1500 BCE - present (liturgical/classical)
अभिनवगुप्त,अभिनव,Sanskrit,1500 BCE - present (liturgical/classical)
अभिनवगुप्त,गुप्त,Sanskrit,1500 BCE - present (liturgical/classical)
अभिज्ञान,अभि,Sanskrit,1500 BCE - present (liturgical/classical)
अभिज्ञान,ज्ञान,Sanskrit,1500 BCE - present (liturgical/classical)
फिरङ्ग,फ़िरंग,Hindi,not available
फिरङ्ग,فرنگ,Persian,1000 CE - present
फिरङ्ग,Franc,French,1600 CE - present
शाकपुष्प,शाक,Sanskrit,1500 BCE - present (liturgical/classical)
शाकपुष्प,पुष्प,Sanskrit,1500 BCE - present (liturgical/classical)
फल्,*(t-),Proto-Indo-European,4500 BCE - 2500 BCE
दह्,*dʰegʷʰ-,Proto-Indo-European,4500 BCE - 2500 BCE
द्विचक्रिका,bicycle,English,1550 CE - present
यव्या,*yaw(i)yā́,Proto-Indo-Iranian,2200 BCE - 1800 BCE
कामकेलि,काम,Sanskrit,1500 BCE - present (liturgical/classical)
कामकेलि,केलि,Sanskrit,1500 BCE - present (liturgical/classical)
विश्वकर्मन्,विश्व,Sanskrit,1500 BCE - present (liturgical/classical)
विश्वकर्मन्,कर्मन्,Sanskrit,1500 BCE - present (liturgical/classical)
मेरुदण्ड,मेरु,Sanskrit,1500 BCE - present (liturgical/classical)
मेरुदण्ड,दण्ड,Sanskrit,1500 BCE - present (liturgical/classical)
धनंजय,धन,Sanskrit,1500 BCE - present (liturgical/classical)
धनंजय,जय,Sanskrit,1500 BCE - present (liturgical/classical)
पादांशुक,पाद,Sanskrit,1500 BCE - present (liturgical/classical)
पादांशुक,अंशुक,Sanskrit,1500 BCE - present (liturgical/classical)
बालक्रीडा,बाल,Sanskrit,1500 BCE - present (liturgical/classical)
बालक्रीडा,क्रीडा,Sanskrit,1500 BCE - present (liturgical/classical)
बालकेलि,बाल,Sanskrit,1500 BCE - present (liturgical/classical)
बालकेलि,केलि,Sanskrit,1500 BCE - present (liturgical/classical)
अञ्च्,*Hanč-,Proto-Indo-Iranian,2200 BCE - 1800 BCE
अञ्च्,*h₂enk-,Proto-Indo-European,4500 BCE - 2500 BCE
रकार,र,Sanskrit,1500 BCE - present (liturgical/classical)
रकार,कार,Sanskrit,1500 BCE - present (liturgical/classical)
सायंकाल,सायं,Sanskrit,1500 BCE - present (liturgical/classical)
सायंकाल,काल,Sanskrit,1500 BCE - present (liturgical/classical)
सायम्,*seh₁-,Proto-Indo-European,4500 BCE - 2500 BCE
संदिह्,*sem-,Proto-Indo-European,4500 BCE - 2500 BCE
त्वरितरम्,त्वरि,Sanskrit,1500 BCE - present (liturgical/classical)
त्वरितरम्,-तरम्,Sanskrit,1500 BCE - present (liturgical/classical)
भूप,भू,Sanskrit,1500 BCE - present (liturgical/classical)
भूप,प,Sanskrit,1500 BCE - present (liturgical/classical)
शंतनु,शम्,Sanskrit,1500 BCE - present (liturgical/classical)
शंतनु,तनु,Sanskrit,1500 BCE - present (liturgical/classical)
दिह्,*dʰayǰʰ-,Proto-Indo-Iranian,2200 BCE - 1800 BCE
दिह्,*dʰeyǵʰ-,Proto-Indo-European,4500 BCE - 2500 BCE
शम्,*ḱemh₂-,Proto-Indo-European,4500 BCE - 2500 BCE
शम्,*ćwamH-,Proto-Indo-Iranian,2200 BCE - 1800 BCE
शम्,*ḱewh₁-,Proto-Indo-European,4500 BCE - 2500 BCE
महागज,महा,Sanskrit,1500 BCE - present (liturgical/classical)
महागज,गज,Sanskrit,1500 BCE - present (liturgical/classical)
हठयोग,हठ,Sanskrit,1500 BCE - present (liturgical/classical)
हठयोग,योग,Sanskrit,1500 BCE - present (liturgical/classical)
सहवास,सह,Sanskrit,1500 BCE - present (liturgical/classical)
सहवास,वास,Sanskrit,1500 BCE - present (liturgical/classical)
रक्षस्,*(H)ráćšas,Proto-Indo-Iranian,2200 BCE - 1800 BCE
रक्षस्,*h₂rétḱ-os,Proto-Indo-European,4500 BCE - 2500 BCE
नीच,*h₂enk-,Proto-Indo-European,4500 BCE - 2500 BCE
कद्रु,*kádruṣ,Proto-Indo-Aryan,2000 BCE - 1500 BCE
कद्रु,*kádruš,Proto-Indo-Iranian,2200 BCE - 1800 BCE
वसन्तर्तु,वसन्त,Sanskrit,1500 BCE - present (liturgical/classical)
वसन्तर्तु,ऋतु,Sanskrit,1500 BCE - present (liturgical/classical)
फकार,फ,Sanskrit,1500 BCE - present (liturgical/classical)
फकार,कार,Sanskrit,1500 BCE - present (liturgical/classical)
पकार,प,Sanskrit,1500 BCE - present (liturgical/classical)
पकार,कार,Sanskrit,1500 BCE - present (liturgical/classical)
बकार,ब,Sanskrit,1500 BCE - present (liturgical/classical)
बकार,कार,Sanskrit,1500 BCE - present (liturgical/classical)
इकार,इ,Sanskrit,1500 BCE - present (liturgical/classical)
इकार,कार,Sanskrit,1500 BCE - present (liturgical/classical)
ऋकार,ऋ,Sanskrit,1500 BCE - present (liturgical/classical)
ऋकार,कार,Sanskrit,1500 BCE - present (liturgical/classical)
षकार,ष,Sanskrit,1500 BCE - present (liturgical/classical)
षकार,कार,Sanskrit,1500 BCE - present (liturgical/classical)
कृदन्त,कृत्,Sanskrit,1500 BCE - present (liturgical/classical)
कृदन्त,अन्त,Sanskrit,1500 BCE - present (liturgical/classical)
बसयान,bus,English,1550 CE - present
कारयान,car,English,1550 CE - present
अर्ह्,*h₂elgʷʰ-,Proto-Indo-European,4500 BCE - 2500 BCE
पादोपधान,पाद,Sanskrit,1500 BCE - present (liturgical/classical)
पादोपधान,उपधान,Sanskrit,1500 BCE - present (liturgical/classical)
कम्,*keh₂-,Proto-Indo-European,4500 BCE - 2500 BCE
शिग्रु,*θigraʰ,Old Persian,600 BCE - 300 BCE
ऊर्ध्ववायु,ऊर्ध्व,Sanskrit,1500 BCE - present (liturgical/classical)
ऊर्ध्ववायु,वायु,Sanskrit,1500 BCE - present (liturgical/classical)
हस्ततल,हस्त,Sanskrit,1500 BCE - present (liturgical/classical)
हस्ततल,तल,Sanskrit,1500 BCE - present (liturgical/classical)
तलातल,तल,Sanskrit,1500 BCE - present (liturgical/classical)
तलातल,अतल,Sanskrit,1500 BCE - present (liturgical/classical)
शब्दालंकार,शब्द,Sanskrit,1500 BCE - present (liturgical/classical)
शब्दालंकार,अलंकार,Sanskrit,1500 BCE - present (liturgical/classical)
अर्थालंकार,अर्थ,Sanskrit,1500 BCE - present (liturgical/classical)
अर्थालंकार,अलंकार,Sanskrit,1500 BCE - present (liturgical/classical)
साध्वलंकृत,साधु,Sanskrit,1500 BCE - present (liturgical/classical)
साध्वलंकृत,अलंकृत,Sanskrit,1500 BCE - present (liturgical/classical)
स्वलंकृत,सु,Sanskrit,1500 BCE - present (liturgical/classical)
स्वलंकृत,अलंकृत,Sanskrit,1500 BCE - present (liturgical/classical)
यम्,*yam-,Proto-Indo-Iranian,2200 BCE - 1800 BCE
यम्,*yem-,Proto-Indo-European,4500 BCE - 2500 BCE
अलंकृ,अलम्,Sanskrit,1500 BCE - present (liturgical/classical)
अलंकृ,कृ,Sanskrit,1500 BCE - present (liturgical/classical)
द्विरेफ,द्वि,Sanskrit,1500 BCE - present (liturgical/classical)
द्विरेफ,रेफ,Sanskrit,1500 BCE - present (liturgical/classical)
ग्रामचर्या,ग्राम,Sanskrit,1500 BCE - present (liturgical/classical)
ग्रामचर्या,चर्या,Sanskrit,1500 BCE - present (liturgical/classical)
खानि,*kan-,Proto-Indo-Iranian,2200 BCE - 1800 BCE
दन्तघर्षण,दन्त,Sanskrit,1500 BCE - present (liturgical/classical)
दन्तघर्षण,घर्षण,Sanskrit,1500 BCE - present (liturgical/classical)
दन्तकूर्च,दन्त,Sanskrit,1500 BCE - present (liturgical/classical)
दन्तकूर्च,कूर्च,Sanskrit,1500 BCE - present (liturgical/classical)
कश्यपमीर,कश्यप,Sanskrit,1500 BCE - present (liturgical/classical)
कश्यपमीर,मीर,Sanskrit,1500 BCE - present (liturgical/classical)
ताम्रमुख,ताम्र,Sanskrit,1500 BCE - present (liturgical/classical)
ताम्रमुख,मुख,Sanskrit,1500 BCE - present (liturgical/classical)
खद्योत,ख,Sanskrit,1500 BCE - present (liturgical/classical)
खद्योत,द्योत,Sanskrit,1500 BCE - present (liturgical/classical)
पूर्णमास्,पूर्ण,Sanskrit,1500 BCE - present (liturgical/classical)
पूर्णमास्,मास्,Sanskrit,1500 BCE - present (liturgical/classical)
सोढ,*saždʰás,Proto-Indo-Iranian,2200 BCE - 1800 BCE
सोढ,*seǵʰ-,Proto-Indo-European,4500 BCE - 2500 BCE
सामवेद,सामन्,Sanskrit,1500 BCE - present (liturgical/classical)
सामवेद,वेद,Sanskrit,1500 BCE - present (liturgical/classical)
नकार,न,Sanskrit,1500 BCE - present (liturgical/classical)
नकार,कार,Sanskrit,1500 BCE - present (liturgical/classical)
भूभाग,भू,Sanskrit,1500 BCE - present (liturgical/classical)
भूभाग,भाग,Sanskrit,1500 BCE - present (liturgical/classical)
करिबन्ध,करिन्,Sanskrit,1500 BCE - present (liturgical/classical)
करिबन्ध,बन्ध,Sanskrit,1500 BCE - present (liturgical/classical)
करिकृष्णा,करिन्,Sanskrit,1500 BCE - present (liturgical/classical)
करिकृष्णा,कृष्णा,Sanskrit,1500 BCE - present (liturgical/classical)
करिमुक्ता,करिन्,Sanskrit,1500 BCE - present (liturgical/classical)
करिमुक्ता,मुक्ता,Sanskrit,1500 BCE - present (liturgical/classical)
करिकुम्भ,करिन्,Sanskrit,1500 BCE - present (liturgical/classical)
करिकुम्भ,कुम्भ,Sanskrit,1500 BCE - present (liturgical/classical)
करिवैजयन्ती,करिन्,Sanskrit,1500 BCE - present (liturgical/classical)
करिवैजयन्ती,वैजयन्ती,Sanskrit,1500 BCE - present (liturgical/classical)
करिकणा,करिन्,Sanskrit,1500 BCE - present (liturgical/classical)
करिकणा,कणा,Sanskrit,1500 BCE - present (liturgical/classical)
करिकुसुम्भ,करिन्,Sanskrit,1500 BCE - present (liturgical/classical)
करिकुसुम्भ,कुसुम्भ,Sanskrit,1500 BCE - present (liturgical/classical)
करिमाचल,करिन्,Sanskrit,1500 BCE - present (liturgical/classical)
करिमाचल,माचल,Sanskrit,1500 BCE - present (liturgical/classical)
करिहस्त,करिन्,Sanskrit,1500 BCE - present (liturgical/classical)
करिहस्त,हस्त,Sanskrit,1500 BCE - present (liturgical/classical)
करिपोत,करिन्,Sanskrit,1500 BCE - present (liturgical/classical)
करिपोत,पोत,Sanskrit,1500 BCE - present (liturgical/classical)
करिज,करिन्,Sanskrit,1500 BCE - present (liturgical/classical)
करिज,ज,Sanskrit,1500 BCE - present (liturgical/classical)
करिशावक,करिन्,Sanskrit,1500 BCE - present (liturgical/classical)
करिशावक,शावक,Sanskrit,1500 BCE - present (liturgical/classical)
करिदन्त,करिन्,Sanskrit,1500 BCE - present (liturgical/classical)
करिदन्त,दन्त,Sanskrit,1500 BCE - present (liturgical/classical)
करीन्द्र,करिन्,Sanskrit,1500 BCE - present (liturgical/classical)
करीन्द्र,इन्द्र,Sanskrit,1500 BCE - present (liturgical/classical)
करिपथ,करिन्,Sanskrit,1500 BCE - present (liturgical/classical)
करिपथ,पथ,Sanskrit,1500 BCE - present (liturgical/classical)
करिदारक,करिन्,Sanskrit,1500 BCE - present (liturgical/classical)
करिदारक,दारक,Sanskrit,1500 BCE - present (liturgical/classical)
करिप,करिन्,Sanskrit,1500 BCE - present (liturgical/classical)
करिप,प,Sanskrit,1500 BCE - present (liturgical/classical)
करिस्कन्ध,करिन्,Sanskrit,1500 BCE - present (liturgical/classical)
करिस्कन्ध,स्कन्ध,Sanskrit,1500 BCE - present (liturgical/classical)
करिगर्जित,करिन्,Sanskrit,1500 BCE - present (liturgical/classical)
करिगर्जित,गर्जित,Sanskrit,1500 BCE - present (liturgical/classical)
करिरत,करिन्,Sanskrit,1500 BCE - present (liturgical/classical)
करिरत,रत,Sanskrit,1500 BCE - present (liturgical/classical)
करिमण्डित,करिन्,Sanskrit,1500 BCE - present (liturgical/classical)
करिमण्डित,मण्डित,Sanskrit,1500 BCE - present (liturgical/classical)
करिपत्त्र,करिन्,Sanskrit,1500 BCE - present (liturgical/classical)
करिपत्त्र,पत्त्र,Sanskrit,1500 BCE - present (liturgical/classical)
करिमुख,करिन्,Sanskrit,1500 BCE - present (liturgical/classical)
करिमुख,क,Sanskrit,1500 BCE - present (liturgical/classical)
करिमकर,करिन्,Sanskrit,1500 BCE - present (liturgical/classical)
करिमकर,मकर,Sanskrit,1500 BCE - present (liturgical/classical)
करिचर्मन्,करिन्,Sanskrit,1500 BCE - present (liturgical/classical)
करिचर्मन्,चर्मन्,Sanskrit,1500 BCE - present (liturgical/classical)
करिवर,करिन्,Sanskrit,1500 BCE - present (liturgical/classical)
करिवर,वर,Sanskrit,1500 BCE - present (liturgical/classical)
करियादस्,करिन्,Sanskrit,1500 BCE - present (liturgical/classical)
करियादस्,यादस्,Sanskrit,1500 BCE - present (liturgical/classical)
श्वस्,*ḱwes-,Proto-Indo-European,4500 BCE - 2500 BCE
श्वस्,*ćwás,Proto-Indo-Iranian,2200 BCE - 1800 BCE
श्वस्,*ḱewH-,Proto-Indo-European,4500 BCE - 2500 BCE
एतत्कालम्,एतद्,Sanskrit,1500 BCE - present (liturgical/classical)
एतत्कालम्,कालम्,Sanskrit,1500 BCE - present (liturgical/classical)
यादृश्,यद्,Sanskrit,1500 BCE - present (liturgical/classical)
यादृश्,दृश्,Sanskrit,1500 BCE - present (liturgical/classical)
द्विर,द्वि,Sanskrit,1500 BCE - present (liturgical/classical)
द्विर,र,Sanskrit,1500 BCE - present (liturgical/classical)
क्षुधा,*ćšudʰ-,Proto-Indo-Iranian,2200 BCE - 1800 BCE
कठिनचित्त,कठिन,Sanskrit,1500 BCE - present (liturgical/classical)
कठिनचित्त,चित्त,Sanskrit,1500 BCE - present (liturgical/classical)
कठिनहृदय,कठिन,Sanskrit,1500 BCE - present (liturgical/classical)
कठिनहृदय,हृदय,Sanskrit,1500 BCE - present (liturgical/classical)
कठिनपृष्ठ,कठिन,Sanskrit,1500 BCE - present (liturgical/classical)
कठिनपृष्ठ,पृष्ठ,Sanskrit,1500 BCE - present (liturgical/classical)
पृष्ट,*pr̥štás,Proto-Indo-Iranian,2200 BCE - 1800 BCE
चमस,چمچه,Classical Persian,800 CE - 1900 CE
वीळु,*wiẓḍúṣ,Proto-Indo-Aryan,2000 BCE - 1500 BCE
वीळु,*wiždúš,Proto-Indo-Iranian,2200 BCE - 1800 BCE
वीडु,*wiẓḍúṣ,Proto-Indo-Aryan,2000 BCE - 1500 BCE
वीडु,*wiždúš,Proto-Indo-Iranian,2200 BCE - 1800 BCE
प्रतिमन्,प्रति,Sanskrit,1500 BCE - present (liturgical/classical)
प्रतिमन्,मन्,Sanskrit,1500 BCE - present (liturgical/classical)
तल्,*telh₂-,Proto-Indo-European,4500 BCE - 2500 BCE
तल्,तॄ,Vedic Sanskrit,1500 BCE - 500 BCE
तल्,*terh₂-,Proto-Indo-European,4500 BCE - 2500 BCE
किम्पुरुष,किम्,Sanskrit,1500 BCE - present (liturgical/classical)
किम्पुरुष,पुरुष,Sanskrit,1500 BCE - present (liturgical/classical)
किंनर,किम्,Sanskrit,1500 BCE - present (liturgical/classical)
किंनर,नर,Sanskrit,1500 BCE - present (liturgical/classical)
युत,*yaw-,Proto-Indo-Iranian,2200 BCE - 1800 BCE
रसगोल,रसगुल्ला,Hindi,not available
रसगोल,रस,Sanskrit,1500 BCE - present (liturgical/classical)
रसगोल,गोल,Sanskrit,1500 BCE - present (liturgical/classical)
शुष्कफल,शुष्क,Sanskrit,1500 BCE - present (liturgical/classical)
शुष्कफल,फल,Sanskrit,1500 BCE - present (liturgical/classical)
सूतिकागृह,सूतिका,Sanskrit,1500 BCE - present (liturgical/classical)
सूतिकागृह,गृह,Sanskrit,1500 BCE - present (liturgical/classical)
सूतिकागार,सूतिका,Sanskrit,1500 BCE - present (liturgical/classical)
सूतिकागार,आगार,Sanskrit,1500 BCE - present (liturgical/classical)
देवसर्षप,देव,Sanskrit,1500 BCE - present (liturgical/classical)
देवसर्षप,सर्षप,Sanskrit,1500 BCE - present (liturgical/classical)
चम्,*kʷem-,Proto-Indo-European,4500 BCE - 2500 BCE
बर्जह,*bʰelǵʰ-,Proto-Indo-European,4500 BCE - 2500 BCE
बर्जह्य,*bʰelǵʰ-,Proto-Indo-European,4500 BCE - 2500 BCE
दविष्ठम्,*dwaHištʰám,Proto-Indo-Iranian,2200 BCE - 1800 BCE
वृष्णि,*wr̥šníš,Proto-Indo-Iranian,2200 BCE - 1800 BCE
प्रावृष्,*praHwŕ̥ṣ,Proto-Indo-Aryan,2000 BCE - 1500 BCE
गृध्र,*gr̥dʰrás,Proto-Indo-Iranian,2200 BCE - 1800 BCE
वृष्ट,*Hwr̥štás,Proto-Indo-Iranian,2200 BCE - 1800 BCE
अभिवृष्ट,*h₂m̥bʰi,Proto-Indo-European,4500 BCE - 2500 BCE
सुपर्ण,सु-,Sanskrit,1500 BCE - present (liturgical/classical)
सुपर्ण,पर्ण,Sanskrit,1500 BCE - present (liturgical/classical)
संवत्सर,*wet-,Proto-Indo-European,4500 BCE - 2500 BCE
अध्वन्,*Hádʰwā,Proto-Indo-Iranian,2200 BCE - 1800 BCE
अध्वन्,*h₁nedʰ-,Proto-Indo-European,4500 BCE - 2500 BCE
विकृत,वि-,Sanskrit,1500 BCE - present (liturgical/classical)
विकृत,कृत,Sanskrit,1500 BCE - present (liturgical/classical)
तीक्ष्णदंष्ट्रक,तीक्ष्ण,Sanskrit,1500 BCE - present (liturgical/classical)
तीक्ष्णदंष्ट्रक,दंष्ट्र,Sanskrit,1500 BCE - present (liturgical/classical)
तीक्ष्णदंष्ट्रक,-क,Sanskrit,1500 BCE - present (liturgical/classical)
मीळ्हुष्टम,मीढुष्,Sanskrit,1500 BCE - present (liturgical/classical)
मीळ्हुष्टम,-तम,Sanskrit,1500 BCE - present (liturgical/classical)
मीढुष्टम,मीढुष्,Sanskrit,1500 BCE - present (liturgical/classical)
मीढुष्टम,-तम,Sanskrit,1500 BCE - present (liturgical/classical)
अभितस्,*Habʰítas,Proto-Indo-Iranian,2200 BCE - 1800 BCE
अभितस्,*h₂m̥bʰi,Proto-Indo-European,4500 BCE - 2500 BCE
-ति,*-tiṣ,Proto-Indo-Aryan,2000 BCE - 1500 BCE
-ति,*-tiš,Proto-Indo-Iranian,2200 BCE - 1800 BCE
-ति,*-tis,Proto-Indo-European,4500 BCE - 2500 BCE
-न,*-nás,Proto-Indo-Aryan,2000 BCE - 1500 BCE
-न,*-nás,Proto-Indo-Iranian,2200 BCE - 1800 BCE
-न,*-nós,Proto-Indo-European,4500 BCE - 2500 BCE
मरीयमिपुत्र,मरीयमि,Sanskrit,1500 BCE - present (liturgical/classical)
मरीयमिपुत्र,पुत्र,Sanskrit,1500 BCE - present (liturgical/classical)
मरीयमिपुत्र,मरियम,Hindi,not available
मरीयमिपुत्र,مَرْيَم,Arabic,600 CE - present
मरीयमिपुत्र,מרים,Hebrew,900 BCE - 500 CE
मरीयमि,مریم,Persian,1000 CE - present
मरीयमि,مَرْيَم,Arabic,600 CE - present
मरीयमि,מרים,Hebrew,900 BCE - 500 CE
भिषक्ति,*bʰiš-,Proto-Indo-Iranian,2200 BCE - 1800 BCE
दुर्मनस्,*dušmánas,Proto-Indo-Iranian,2200 BCE - 1800 BCE
भैषज्य,*bʰiš-,Proto-Indo-Iranian,2200 BCE - 1800 BCE
-अक,*-kas#Derived terms,Proto-Indo-Iranian,2200 BCE - 1800 BCE
उद्-,*ud-,Proto-Indo-Iranian,2200 BCE - 1800 BCE
अङ्गसङ्ग,अङ्ग,Sanskrit,1500 BCE - present (liturgical/classical)
अङ्गसङ्ग,सङ्ग,Sanskrit,1500 BCE - present (liturgical/classical)
तमस्वत्,*támHas,Proto-Indo-Iranian,2200 BCE - 1800 BCE
तमस्वत्,*témHos,Proto-Indo-European,4500 BCE - 2500 BCE
सूर्यकान्ति,सूर्य,Sanskrit,1500 BCE - present (liturgical/classical)
सूर्यकान्ति,कान्ति,Sanskrit,1500 BCE - present (liturgical/classical)
-त,*-tás,Proto-Indo-Iranian,2200 BCE - 1800 BCE
-त,*-tós,Proto-Indo-European,4500 BCE - 2500 BCE
नति,*natiš,Proto-Indo-Iranian,2200 BCE - 1800 BCE
नति,*nem-,Proto-Indo-European,4500 BCE - 2500 BCE
प्रातःकाल,प्रातर्,Sanskrit,1500 BCE - present (liturgical/classical)
प्रातःकाल,काल,Sanskrit,1500 BCE - present (liturgical/classical)
कूट,code,English,1550 CE - present
वङ्गन,वातिङ्गण,Sanskrit,1500 BCE - present (liturgical/classical)
वङ्गन,*wātinganas,Proto-Indo-Aryan,2000 BCE - 1500 BCE
हिन्दुस्थान,هندوستان,Persian,1000 CE - present
हिन्दुस्थान,हिन्दु,Sanskrit,1500 BCE - present (liturgical/classical)
हिन्दुस्थान,स्थान,Sanskrit,1500 BCE - present (liturgical/classical)
हिन्दु,हिंदू,Hindi,not available
हिन्दु,هندو,Persian,1000 CE - present
हिन्दु,hndwk',Middle Persian,300 BCE - 651 CE
हिन्दु,𐏃𐎡𐎯𐎢𐏁,Old Persian,600 BCE - 300 BCE
वीरुध्,*wiHrúdʰ-,Proto-Indo-Aryan,2000 BCE - 1500 BCE
पुरा,*pr̥Hā́,Proto-Indo-Aryan,2000 BCE - 1500 BCE
पुरा,*pr̥Hā́,Proto-Indo-Iranian,2200 BCE - 1800 BCE
सम्राज्,सम्,Sanskrit,1500 BCE - present (liturgical/classical)
सम्राज्,राज्,Sanskrit,1500 BCE - present (liturgical/classical)
हेमन्,*ȷ́ʰayman,Proto-Indo-Iranian,2200 BCE - 1800 BCE
ज्योतिरिङ्गण,ज्योतिर्,Sanskrit,1500 BCE - present (liturgical/classical)
ज्योतिरिङ्गण,इङ्गन,Sanskrit,1500 BCE - present (liturgical/classical)
युक्ति,*yewg-,Proto-Indo-European,4500 BCE - 2500 BCE
मद्यपान,मद्य,Sanskrit,1500 BCE - present (liturgical/classical)
मद्यपान,पान,Sanskrit,1500 BCE - present (liturgical/classical)
अस्थन्,*h₃ésth₁,Proto-Indo-European,4500 BCE - 2500 BCE
विद्यादेवी,विद्या,Sanskrit,1500 BCE - present (liturgical/classical)
विद्यादेवी,देवी,Sanskrit,1500 BCE - present (liturgical/classical)
विसर्ग,*selǵ-,Proto-Indo-European,4500 BCE - 2500 BCE
शिक्याकृत,शिक्य,Sanskrit,1500 BCE - present (liturgical/classical)
शिक्याकृत,आकृत,Sanskrit,1500 BCE - present (liturgical/classical)
शिच्,*ḱeyk-,Proto-Indo-European,4500 BCE - 2500 BCE
शिक्य,*ḱeyk-,Proto-Indo-European,4500 BCE - 2500 BCE
जठर,*ȷ́artʰáram,Proto-Indo-Aryan,2000 BCE - 1500 BCE
पत्,*pet-,Proto-Indo-European,4500 BCE - 2500 BCE
क्षुभ्,*k⁽ʷ⁾sewbʰ-,Proto-Indo-European,4500 BCE - 2500 BCE
लोप,*Hláwpas,Proto-Indo-Aryan,2000 BCE - 1500 BCE
लोप,*Hláwpas,Proto-Indo-Iranian,2200 BCE - 1800 BCE
क्षेम,*ṭṣáymas,Proto-Indo-Aryan,2000 BCE - 1500 BCE
क्षेम,*ćšáymas,Proto-Indo-Iranian,2200 BCE - 1800 BCE
क्षेम,*tḱóymos,Proto-Indo-European,4500 BCE - 2500 BCE
पिङ्ग,*peyḱ-,Proto-Indo-European,4500 BCE - 2500 BCE
पादशोथ,पाद,Sanskrit,1500 BCE - present (liturgical/classical)
पादशोथ,शोथ,Sanskrit,1500 BCE - present (liturgical/classical)
वीड्,*weys-,Proto-Indo-European,4500 BCE - 2500 BCE
कामलता,काम,Sanskrit,1500 BCE - present (liturgical/classical)
कामलता,लता,Sanskrit,1500 BCE - present (liturgical/classical)
पूषन्,*puHšā́,Proto-Indo-Iranian,2200 BCE - 1800 BCE
मुद्गौदन,मुद्ग,Sanskrit,1500 BCE - present (liturgical/classical)
मुद्गौदन,ओदन,Sanskrit,1500 BCE - present (liturgical/classical)
लोभयति,*lewbʰ-,Proto-Indo-European,4500 BCE - 2500 BCE
लुभ्यति,*lewbʰ-,Proto-Indo-European,4500 BCE - 2500 BCE
अस्थिभङ्ग,अस्थि,Sanskrit,1500 BCE - present (liturgical/classical)
अस्थिभङ्ग,भङ्ग,Sanskrit,1500 BCE - present (liturgical/classical)
सक्थि,*sáktʰiš,Proto-Indo-Iranian,2200 BCE - 1800 BCE
पादग्रन्थि,पाद,Sanskrit,1500 BCE - present (liturgical/classical)
पादग्रन्थि,ग्रन्थि,Sanskrit,1500 BCE - present (liturgical/classical)
पुरुषोत्तम,पुरुष,Sanskrit,1500 BCE - present (liturgical/classical)
पुरुषोत्तम,उत्तम,Sanskrit,1500 BCE - present (liturgical/classical)
द्रोघ,*dʰráwgʰas,Proto-Indo-Iranian,2200 BCE - 1800 BCE
द्रोघ,*dʰrówgʰos,Proto-Indo-European,4500 BCE - 2500 BCE
नोद्,न,Sanskrit,1500 BCE - present (liturgical/classical)
नोद्,उद्,Sanskrit,1500 BCE - present (liturgical/classical)
-अ,*-os,Proto-Indo-European,4500 BCE - 2500 BCE
चन्द्रकान्ति,चन्द्र,Sanskrit,1500 BCE - present (liturgical/classical)
चन्द्रकान्ति,कान्ति,Sanskrit,1500 BCE - present (liturgical/classical)
अस्यति,*Hásyati,Proto-Indo-Iranian,2200 BCE - 1800 BCE
गृद्धि,*g⁽ʷ⁾eldʰ-,Proto-Indo-European,4500 BCE - 2500 BCE
पाश,*paHćás,Proto-Indo-Iranian,2200 BCE - 1800 BCE
पाश,प्रास,Sanskrit,1500 BCE - present (liturgical/classical)
वायुमण्डल,वायु,Sanskrit,1500 BCE - present (liturgical/classical)
वायुमण्डल,मण्डल,Sanskrit,1500 BCE - present (liturgical/classical)
वियुत,*yaw-,Proto-Indo-Iranian,2200 BCE - 1800 BCE
वियुत,वि-,Sanskrit,1500 BCE - present (liturgical/classical)
वियुत,युत,Sanskrit,1500 BCE - present (liturgical/classical)
सुभद्र,*Hsúbʰadras,Proto-Indo-Iranian,2200 BCE - 1800 BCE
श्वाविध्,*ḱwṓ,Proto-Indo-European,4500 BCE - 2500 BCE
श्वाविध्,श्वन्,Sanskrit,1500 BCE - present (liturgical/classical)
श्वाविध्,व्यध्,Sanskrit,1500 BCE - present (liturgical/classical)
जज्झती,*źʰáȷ́źʰatiH,Proto-Indo-Aryan,2000 BCE - 1500 BCE
आनन्ददत्त,आनन्द,Sanskrit,1500 BCE - present (liturgical/classical)
आनन्ददत्त,दत्त,Sanskrit,1500 BCE - present (liturgical/classical)
मणिबन्ध,मणि,Sanskrit,1500 BCE - present (liturgical/classical)
मणिबन्ध,बन्ध,Sanskrit,1500 BCE - present (liturgical/classical)
भोगवस्तु,भोग,Sanskrit,1500 BCE - present (liturgical/classical)
भोगवस्तु,वस्तु,Sanskrit,1500 BCE - present (liturgical/classical)
तुष्टि,*tews-,Proto-Indo-European,4500 BCE - 2500 BCE
लण्ड्र,Londres,French,1600 CE - present
लण्ड्र,Londinium,Latin,700 BCE - 500 CE
पितृष्वसृ,पितृ,Sanskrit,1500 BCE - present (liturgical/classical)
पितृष्वसृ,स्वसृ,Sanskrit,1500 BCE - present (liturgical/classical)
पितुःष्वसृ,पितुः,Sanskrit,1500 BCE - present (liturgical/classical)
पितुःष्वसृ,स्वसृ,Sanskrit,1500 BCE - present (liturgical/classical)
तोष,*tews-,Proto-Indo-European,4500 BCE - 2500 BCE
-अस्,*-os,Proto-Indo-European,4500 BCE - 2500 BCE
लिङ्गाग्र,लिङ्ग,Sanskrit,1500 BCE - present (liturgical/classical)
लिङ्गाग्र,अग्र,Sanskrit,1500 BCE - present (liturgical/classical)
इस्लामधर्म,इस्लाम,Sanskrit,1500 BCE - present (liturgical/classical)
इस्लामधर्म,धर्म,Sanskrit,1500 BCE - present (liturgical/classical)
रमजानमास,रमजान,Sanskrit,1500 BCE - present (liturgical/classical)
रमजानमास,मास,Sanskrit,1500 BCE - present (liturgical/classical)
मुस्लिमधर्म,मुस्लिम,Sanskrit,1500 BCE - present (liturgical/classical)
मुस्लिमधर्म,धर्म,Sanskrit,1500 BCE - present (liturgical/classical)
यवनधर्म,यवन,Sanskrit,1500 BCE - present (liturgical/classical)
यवनधर्म,धर्म,Sanskrit,1500 BCE - present (liturgical/classical)
पुरंदर,पुरम्,Sanskrit,1500 BCE - present (liturgical/classical)
पुरंदर,दर,Sanskrit,1500 BCE - present (liturgical/classical)
द्रमिल,𑀤𑀫𑀺𑀮,Prakrit,500 BCE - 1000 CE
द्रमिल,தமிழ்,Tamil,300 BCE - present
शिश्नदेव,शिश्न,Sanskrit,1500 BCE - present (liturgical/classical)
शिश्नदेव,देव,Sanskrit,1500 BCE - present (liturgical/classical)
साण्ड,स,Sanskrit,1500 BCE - present (liturgical/classical)
साण्ड,आण्ड,Sanskrit,1500 BCE - present (liturgical/classical)
आण्ड,*Hāndrám,Proto-Indo-Aryan,2000 BCE - 1500 BCE
भगवद्गीता,भगवत्,Sanskrit,1500 BCE - present (liturgical/classical)
भगवद्गीता,गीता,Sanskrit,1500 BCE - present (liturgical/classical)
तल्लीन,तद्,Sanskrit,1500 BCE - present (liturgical/classical)
तल्लीन,लीन,Sanskrit,1500 BCE - present (liturgical/classical)
पण्डा,प्रज्ञा,Sanskrit,1500 BCE - present (liturgical/classical)
ग्लानि,*gʷelH-,Proto-Indo-European,4500 BCE - 2500 BCE
आत्मग्लानि,आत्मन्,Sanskrit,1500 BCE - present (liturgical/classical)
आत्मग्लानि,ग्लानि,Sanskrit,1500 BCE - present (liturgical/classical)
अन्तम,*Hantamás,Proto-Indo-Iranian,2200 BCE - 1800 BCE
बोल्लक,ब्रू,Sanskrit,1500 BCE - present (liturgical/classical)
व्युष्,वि-,Sanskrit,1500 BCE - present (liturgical/classical)
व्युष्,उष्,Sanskrit,1500 BCE - present (liturgical/classical)
व्युष्,*h₂ews-,Proto-Indo-European,4500 BCE - 2500 BCE
अङ्गमर्दन,अङ्ग,Sanskrit,1500 BCE - present (liturgical/classical)
अङ्गमर्दन,मर्दन,Sanskrit,1500 BCE - present (liturgical/classical)
मृतोत्थान,मृत,Sanskrit,1500 BCE - present (liturgical/classical)
मृतोत्थान,उत्थान,Sanskrit,1500 BCE - present (liturgical/classical)
बहुबोल्लक,बहु,Sanskrit,1500 BCE - present (liturgical/classical)
बहुबोल्लक,बोल्लक,Sanskrit,1500 BCE - present (liturgical/classical)
एन,*Háynas,Proto-Indo-Iranian,2200 BCE - 1800 BCE
एन,*óynos,Proto-Indo-European,4500 BCE - 2500 BCE
लब्ध,*lebʰ-,Proto-Indo-European,4500 BCE - 2500 BCE
धीवर,धी,Sanskrit,1500 BCE - present (liturgical/classical)
धीवर,वर,Sanskrit,1500 BCE - present (liturgical/classical)
प्रणयोन्माद,प्रणय,Sanskrit,1500 BCE - present (liturgical/classical)
प्रणयोन्माद,उन्माद,Sanskrit,1500 BCE - present (liturgical/classical)
अनल,*h₂enh₁-,Proto-Indo-European,4500 BCE - 2500 BCE
भिद्,*bʰeyd-,Proto-Indo-European,4500 BCE - 2500 BCE
महार्णव,महा,Sanskrit,1500 BCE - present (liturgical/classical)
महार्णव,अर्णव,Sanskrit,1500 BCE - present (liturgical/classical)
शकमुरुण्ड,शक,Sanskrit,1500 BCE - present (liturgical/classical)
शकमुरुण्ड,मुरुण्ड,Sanskrit,1500 BCE - present (liturgical/classical)
नीललोहित,नील,Sanskrit,1500 BCE - present (liturgical/classical)
नीललोहित,लोहित,Sanskrit,1500 BCE - present (liturgical/classical)
प्रियकारक,प्रिय,Sanskrit,1500 BCE - present (liturgical/classical)
प्रियकारक,कार,Sanskrit,1500 BCE - present (liturgical/classical)
प्रियकारक,-क,Sanskrit,1500 BCE - present (liturgical/classical)
आगत,*gʷem-,Proto-Indo-European,4500 BCE - 2500 BCE
बुभुक्षति,*bʰewg-,Proto-Indo-European,4500 BCE - 2500 BCE
शिलालेख,शिला,Sanskrit,1500 BCE - present (liturgical/classical)
शिलालेख,लेख,Sanskrit,1500 BCE - present (liturgical/classical)
सभापति,सभा,Sanskrit,1500 BCE - present (liturgical/classical)
सभापति,पति,Sanskrit,1500 BCE - present (liturgical/classical)
कॢप्त,*kl̥ptás,Proto-Indo-Iranian,2200 BCE - 1800 BCE
अजगन्ध,अज,Sanskrit,1500 BCE - present (liturgical/classical)
अजगन्ध,गन्ध,Sanskrit,1500 BCE - present (liturgical/classical)
प्रभाकीट,प्रभा,Sanskrit,1500 BCE - present (liturgical/classical)
प्रभाकीट,कीट,Sanskrit,1500 BCE - present (liturgical/classical)
शोभति,*śáwbʰati,Proto-Indo-Aryan,2000 BCE - 1500 BCE
शोभति,*ḱewbʰ-,Proto-Indo-European,4500 BCE - 2500 BCE
शुभ्,*ḱewbʰ-,Proto-Indo-European,4500 BCE - 2500 BCE
पर्युष्ट,*h₂wes-,Proto-Indo-European,4500 BCE - 2500 BCE
अञ्चति,*Hánčati,Proto-Indo-Iranian,2200 BCE - 1800 BCE
अञ्चति,*h₂enk-#Derived terms,Proto-Indo-Iranian,2200 BCE - 1800 BCE
हुतात्मन्,हुत,Sanskrit,1500 BCE - present (liturgical/classical)
हुतात्मन्,आत्मन्,Sanskrit,1500 BCE - present (liturgical/classical)
सुप्त,*suptás,Proto-Indo-Iranian,2200 BCE - 1800 BCE
विच्छिन्न,*skeyd-,Proto-Indo-European,4500 BCE - 2500 BCE
त्वच्छेद,त्वच्,Sanskrit,1500 BCE - present (liturgical/classical)
त्वच्छेद,छेद,Sanskrit,1500 BCE - present (liturgical/classical)
विच्छेद,*vi,Proto-Indo-European,4500 BCE - 2500 BCE
जलकण्टक,जल,Sanskrit,1500 BCE - present (liturgical/classical)
जलकण्टक,कण्टक,Sanskrit,1500 BCE - present (liturgical/classical)
कर्पूर,*kapur,Proto-Malayic,not available
कर्पूर,*qapuʀ,Proto-Malayo-Polynesian,not available
कर्पूर,*qapuʀ,Proto-Austronesian,not available
अष्टम,*aštamás,Proto-Indo-Iranian,2200 BCE - 1800 BCE
अष्टम,*oḱtṓw,Proto-Indo-European,4500 BCE - 2500 BCE
दीव्यति,*dyew-,Proto-Indo-European,4500 BCE - 2500 BCE
शोकाकुल,शोक,Sanskrit,1500 BCE - present (liturgical/classical)
शोकाकुल,आकुल,Sanskrit,1500 BCE - present (liturgical/classical)
तृप्यति,*terp-#Derived terms,Proto-Indo-European,4500 BCE - 2500 BCE
यजत,*Hyaȷ́atás,Proto-Indo-Iranian,2200 BCE - 1800 BCE
यजत,*h₁yaǵ-,Proto-Indo-European,4500 BCE - 2500 BCE
त्रातृ,*traHtŕ̥,Proto-Indo-Iranian,2200 BCE - 1800 BCE
माद्यति,*meh₂d-,Proto-Indo-European,4500 BCE - 2500 BCE
नवम,*Hnawamás,Proto-Indo-Iranian,2200 BCE - 1800 BCE
नवम,*h₁néwn̥,Proto-Indo-European,4500 BCE - 2500 BCE
व्यृद्ध,*h₃erdʰ-,Proto-Indo-European,4500 BCE - 2500 BCE
श्नथति,*ćnatʰ-,Proto-Indo-Iranian,2200 BCE - 1800 BCE
सप्तथ,*saptátʰas,Proto-Indo-Iranian,2200 BCE - 1800 BCE
यातयाम,यात,Sanskrit,1500 BCE - present (liturgical/classical)
यातयाम,याम,Sanskrit,1500 BCE - present (liturgical/classical)
श्रावयति,*śrāwáyati,Proto-Indo-Aryan,2000 BCE - 1500 BCE
श्रावयति,*ćrāwáyati,Proto-Indo-Iranian,2200 BCE - 1800 BCE
गतरस,गत,Sanskrit,1500 BCE - present (liturgical/classical)
गतरस,रस,Sanskrit,1500 BCE - present (liturgical/classical)
पूतिवात,पूति,Sanskrit,1500 BCE - present (liturgical/classical)
पूतिवात,वात,Sanskrit,1500 BCE - present (liturgical/classical)
समोष,समोसा,Hindi,not available
पर्युषितवाक्य,पर्युषित,Sanskrit,1500 BCE - present (liturgical/classical)
पर्युषितवाक्य,वाक्य,Sanskrit,1500 BCE - present (liturgical/classical)
पर्युषितभोजिन्,पर्युषित,Sanskrit,1500 BCE - present (liturgical/classical)
पर्युषितभोजिन्,भोजिन्,Sanskrit,1500 BCE - present (liturgical/classical)
क्लान्तमनस्,क्लान्त,Sanskrit,1500 BCE - present (liturgical/classical)
क्लान्तमनस्,मनस्,Sanskrit,1500 BCE - present (liturgical/classical)
श्नथ्,*ćnatʰ-,Proto-Indo-Iranian,2200 BCE - 1800 BCE
कामलम्पट,काम,Sanskrit,1500 BCE - present (liturgical/classical)
कामलम्पट,लम्पट,Sanskrit,1500 BCE - present (liturgical/classical)
पुंश्चिह्न,पुंस्,Sanskrit,1500 BCE - present (liturgical/classical)
पुंश्चिह्न,चिह्न,Sanskrit,1500 BCE - present (liturgical/classical)
मदनाङ्कुश,मदन,Sanskrit,1500 BCE - present (liturgical/classical)
मदनाङ्कुश,अङ्कुश,Sanskrit,1500 BCE - present (liturgical/classical)
अरुष,*Harušás,Proto-Indo-Iranian,2200 BCE - 1800 BCE
गर्भधारित,गर्भ,Sanskrit,1500 BCE - present (liturgical/classical)
गर्भधारित,धारित,Sanskrit,1500 BCE - present (liturgical/classical)
गर्भनाडी,गर्भ,Sanskrit,1500 BCE - present (liturgical/classical)
गर्भनाडी,नाडी,Sanskrit,1500 BCE - present (liturgical/classical)
काष्ठतक्षक,काष्ठ,Sanskrit,1500 BCE - present (liturgical/classical)
काष्ठतक्षक,तक्षक,Sanskrit,1500 BCE - present (liturgical/classical)
योध्य,*Hyewdʰ-,Proto-Indo-European,4500 BCE - 2500 BCE
शिरःपीडा,शिरः,Sanskrit,1500 BCE - present (liturgical/classical)
शिरःपीडा,पीडा,Sanskrit,1500 BCE - present (liturgical/classical)
शिरःपट्ट,शिरः,Sanskrit,1500 BCE - present (liturgical/classical)
शिरःपट्ट,पट्ट,Sanskrit,1500 BCE - present (liturgical/classical)
प्रियस्वप्न,प्रिय,Sanskrit,1500 BCE - present (liturgical/classical)
प्रियस्वप्न,स्वप्न,Sanskrit,1500 BCE - present (liturgical/classical)
मौक्तिकमाला,मौक्तिक,Sanskrit,1500 BCE - present (liturgical/classical)
मौक्तिकमाला,माला,Sanskrit,1500 BCE - present (liturgical/classical)
चिन्तामणि,चिन्ता,Sanskrit,1500 BCE - present (liturgical/classical)
चिन्तामणि,मणि,Sanskrit,1500 BCE - present (liturgical/classical)
ओजीयस्,*Háwǰyas,Proto-Indo-Iranian,2200 BCE - 1800 BCE
उद्घाटिताङ्ग,उद्घाटित,Sanskrit,1500 BCE - present (liturgical/classical)
उद्घाटिताङ्ग,अङ्ग,Sanskrit,1500 BCE - present (liturgical/classical)
प्रीत,*priHtás,Proto-Indo-Iranian,2200 BCE - 1800 BCE
अक्षितोति,अक्षित,Sanskrit,1500 BCE - present (liturgical/classical)
अक्षितोति,ऊति,Sanskrit,1500 BCE - present (liturgical/classical)
प्रत्युष्ट,*h₁ews-,Proto-Indo-European,4500 BCE - 2500 BCE
सहस्रनेत्र,सहस्र,Sanskrit,1500 BCE - present (liturgical/classical)
सहस्रनेत्र,नेत्र,Sanskrit,1500 BCE - present (liturgical/classical)
वज्रहस्त,वज्र,Sanskrit,1500 BCE - present (liturgical/classical)
वज्रहस्त,हस्त,Sanskrit,1500 BCE - present (liturgical/classical)
मेढ्रज,मेढ्र,Sanskrit,1500 BCE - present (liturgical/classical)
मेढ्रज,ज,Sanskrit,1500 BCE - present (liturgical/classical)
यष्टृ,*Hyáštā,Proto-Indo-Iranian,2200 BCE - 1800 BCE
तप्त,*taptás,Proto-Indo-Iranian,2200 BCE - 1800 BCE
आकाशेश,आकाश,Sanskrit,1500 BCE - present (liturgical/classical)
आकाशेश,ईश,Sanskrit,1500 BCE - present (liturgical/classical)
चिच्छक्ति,चित्,Sanskrit,1500 BCE - present (liturgical/classical)
चिच्छक्ति,शक्ति,Sanskrit,1500 BCE - present (liturgical/classical)
मुहूर्त,*mr̥ȷ́ʰúš,Proto-Indo-Iranian,2200 BCE - 1800 BCE
मुहूर्त,*mréǵʰus,Proto-Indo-European,4500 BCE - 2500 BCE
नक्र,𑀡𑀓𑁆𑀓#Etymology 1,Prakrit,500 BCE - 1000 CE
नक्र,*𑀦𑀓𑁆𑀓,Ashokan Prakrit,300 BCE - 100 BCE
नक्र,नस्,Sanskrit,1500 BCE - present (liturgical/classical)
स्वतवस्,स्व,Sanskrit,1500 BCE - present (liturgical/classical)
स्वतवस्,तवस्,Sanskrit,1500 BCE - present (liturgical/classical)
सुहृन्नारी,सुहृद्,Sanskrit,1500 BCE - present (liturgical/classical)
सुहृन्नारी,नारी,Sanskrit,1500 BCE - present (liturgical/classical)
समृद्धि,*h₃erdʰ-,Proto-Indo-European,4500 BCE - 2500 BCE
हव्य,*ǵʰew-,Proto-Indo-European,4500 BCE - 2500 BCE
हव्य,*ǵʰewH-,Proto-Indo-European,4500 BCE - 2500 BCE
हरिण,*ǵʰelh₃-,Proto-Indo-European,4500 BCE - 2500 BCE
चिर,*ćirás,Proto-Indo-Aryan,2000 BCE - 1500 BCE
चिर,*čirás,Proto-Indo-Iranian,2200 BCE - 1800 BCE
चिर,*kʷyeh₁-,Proto-Indo-European,4500 BCE - 2500 BCE
गङ्गाधर,गङ्गा,Sanskrit,1500 BCE - present (liturgical/classical)
गङ्गाधर,धर,Sanskrit,1500 BCE - present (liturgical/classical)
अनक्ष्,*h₃ókʷs,Proto-Indo-European,4500 BCE - 2500 BCE
चान्द्रायण,चान्द्र,Sanskrit,1500 BCE - present (liturgical/classical)
चान्द्रायण,अयन,Sanskrit,1500 BCE - present (liturgical/classical)
दिङ्मुख,दिङ्,Sanskrit,1500 BCE - present (liturgical/classical)
दिङ्मुख,मुख,Sanskrit,1500 BCE - present (liturgical/classical)
सदाशिव,सदा,Sanskrit,1500 BCE - present (liturgical/classical)
सदाशिव,शिव,Sanskrit,1500 BCE - present (liturgical/classical)
श्रीनिवास,श्री,Sanskrit,1500 BCE - present (liturgical/classical)
श्रीनिवास,निवास,Sanskrit,1500 BCE - present (liturgical/classical)
मुरलीधर,मुरली,Sanskrit,1500 BCE - present (liturgical/classical)
मुरलीधर,धर,Sanskrit,1500 BCE - present (liturgical/classical)
मदन,*meh₂d-,Proto-Indo-European,4500 BCE - 2500 BCE
सत्त,*sedtós,Proto-Indo-European,4500 BCE - 2500 BCE
निषत्त,*(H)nišatˢtás,Proto-Indo-Iranian,2200 BCE - 1800 BCE
निषत्त,*(h₁)ni,Proto-Indo-European,4500 BCE - 2500 BCE
पीत,*pᵢHtás,Proto-Indo-Iranian,2200 BCE - 1800 BCE
तिक्त,*tiktás,Proto-Indo-Iranian,2200 BCE - 1800 BCE
वयस्,*wáyHas,Proto-Indo-Iranian,2200 BCE - 1800 BCE
वयस्,*weyh₁-,Proto-Indo-European,4500 BCE - 2500 BCE
नना,*nana-,Proto-Indo-European,4500 BCE - 2500 BCE
सरित्,*ser-,Proto-Indo-European,4500 BCE - 2500 BCE
सरित्,*sélos,Proto-Indo-European,4500 BCE - 2500 BCE
अपस्,*h₃épos,Proto-Indo-European,4500 BCE - 2500 BCE
भर्गस्,*bʰárgas,Proto-Indo-Aryan,2000 BCE - 1500 BCE
भर्गस्,*bʰárgas,Proto-Indo-Iranian,2200 BCE - 1800 BCE
महीरजस्,मही,Sanskrit,1500 BCE - present (liturgical/classical)
महीरजस्,रजस्,Sanskrit,1500 BCE - present (liturgical/classical)
स्फटिक,*(s)pʰel-,Proto-Indo-European,4500 BCE - 2500 BCE
पिटक,*pirtakas,Proto-Indo-Aryan,2000 BCE - 1500 BCE
राजपुत्र,राजन्,Sanskrit,1500 BCE - present (liturgical/classical)
राजपुत्र,पुत्र,Sanskrit,1500 BCE - present (liturgical/classical)
अतिथिदेव,अतिथि,Sanskrit,1500 BCE - present (liturgical/classical)
अतिथिदेव,देव,Sanskrit,1500 BCE - present (liturgical/classical)
मातृदेव,मातृ,Sanskrit,1500 BCE - present (liturgical/classical)
मातृदेव,देव,Sanskrit,1500 BCE - present (liturgical/classical)
पितृदेव,पितृ,Sanskrit,1500 BCE - present (liturgical/classical)
पितृदेव,देव,Sanskrit,1500 BCE - present (liturgical/classical)
आचार्यदेव,आचार्य,Sanskrit,1500 BCE - present (liturgical/classical)
आचार्यदेव,देव,Sanskrit,1500 BCE - present (liturgical/classical)
स्थूर,*stūh₂-ró-,Proto-Indo-European,4500 BCE - 2500 BCE
स्थूर,*steh₂-,Proto-Indo-European,4500 BCE - 2500 BCE
तथागत,तथा,Sanskrit,1500 BCE - present (liturgical/classical)
तथागत,आगत,Sanskrit,1500 BCE - present (liturgical/classical)
तथागत,गत,Sanskrit,1500 BCE - present (liturgical/classical)
दीपोत्सव,दीप,Sanskrit,1500 BCE - present (liturgical/classical)
दीपोत्सव,उत्सव,Sanskrit,1500 BCE - present (liturgical/classical)
ज्ञु,*ȷ́ā́nu,Proto-Indo-Iranian,2200 BCE - 1800 BCE
पञ्चशील,पञ्चन्,Sanskrit,1500 BCE - present (liturgical/classical)
पञ्चशील,शील,Sanskrit,1500 BCE - present (liturgical/classical)
रामराज्य,राम,Sanskrit,1500 BCE - present (liturgical/classical)
रामराज्य,राज्य,Sanskrit,1500 BCE - present (liturgical/classical)
वम्,*wemh₁-,Proto-Indo-European,4500 BCE - 2500 BCE
वस्न,*wasnám,Proto-Indo-Iranian,2200 BCE - 1800 BCE
वस्न,*wósn̥,Proto-Indo-European,4500 BCE - 2500 BCE
वङ्गालदेश,वङ्गाल,Sanskrit,1500 BCE - present (liturgical/classical)
वङ्गालदेश,देश,Sanskrit,1500 BCE - present (liturgical/classical)
अग्निपर्वत,अग्नि,Sanskrit,1500 BCE - present (liturgical/classical)
अग्निपर्वत,पर्वत,Sanskrit,1500 BCE - present (liturgical/classical)
शम,*ḱem-,Proto-Indo-European,4500 BCE - 2500 BCE
पिङ्क्ते,*peyḱ-,Proto-Indo-European,4500 BCE - 2500 BCE
-त्वा,*twaH,Proto-Indo-Iranian,2200 BCE - 1800 BCE
-त्वा,*-tweh₂,Proto-Indo-European,4500 BCE - 2500 BCE
अधिपति,अधि,Sanskrit,1500 BCE - present (liturgical/classical)
अधिपति,पति,Sanskrit,1500 BCE - present (liturgical/classical)
प्रगामन्,*gā́ma,Proto-Indo-Iranian,2200 BCE - 1800 BCE
स्तिघ्नोति,*stigʰnáwti,Proto-Indo-Iranian,2200 BCE - 1800 BCE
क्रन्दति,*krándati,Proto-Indo-Iranian,2200 BCE - 1800 BCE
रामचन्द्र,राम,Sanskrit,1500 BCE - present (liturgical/classical)
रामचन्द्र,चन्द्र,Sanskrit,1500 BCE - present (liturgical/classical)
महाराजन्,महा,Sanskrit,1500 BCE - present (liturgical/classical)
महाराजन्,राजन्,Sanskrit,1500 BCE - present (liturgical/classical)
अग्रू,*agrúH,Proto-Indo-Iranian,2200 BCE - 1800 BCE
नीक्षण,*nayȷ́žʰ-,Proto-Indo-Iranian,2200 BCE - 1800 BCE
बन्धति,*bʰándʰati,Proto-Indo-Iranian,2200 BCE - 1800 BCE
कुम्भकार,कुम्भ,Sanskrit,1500 BCE - present (liturgical/classical)
कुम्भकार,कार,Sanskrit,1500 BCE - present (liturgical/classical)
होड,*cōṭam,Proto-Dravidian,3000 BCE - 1500 BCE (disputed)
गलगण्ड,गल,Sanskrit,1500 BCE - present (liturgical/classical)
गलगण्ड,गण्ड,Sanskrit,1500 BCE - present (liturgical/classical)
वृध्,*Hwardʰ-,Proto-Indo-Iranian,2200 BCE - 1800 BCE
नववर्ष,नव,Sanskrit,1500 BCE - present (liturgical/classical)
नववर्ष,वर्ष,Sanskrit,1500 BCE - present (liturgical/classical)
कर्तति,*(s)ker-,Proto-Indo-European,4500 BCE - 2500 BCE
नेक्षण,*nayȷ́žʰ-,Proto-Indo-Iranian,2200 BCE - 1800 BCE
कच्छेष्ट,कच्छ,Sanskrit,1500 BCE - present (liturgical/classical)
कच्छेष्ट,इष्ट,Sanskrit,1500 BCE - present (liturgical/classical)
चित्ति,*čítˢtiš,Proto-Indo-Iranian,2200 BCE - 1800 BCE
कंस,*kansás,Proto-Indo-Iranian,2200 BCE - 1800 BCE
लोप्त्र,*Hláwptram,Proto-Indo-Iranian,2200 BCE - 1800 BCE
लोप्त्र,*Hrewp-,Proto-Indo-European,4500 BCE - 2500 BCE
अधि,*ádʰi,Proto-Indo-Iranian,2200 BCE - 1800 BCE
अधि,*h₁n̥dʰí,Proto-Indo-European,4500 BCE - 2500 BCE
उपेक्षिन्द्रिय​,उपेक्षा,Sanskrit,1500 BCE - present (liturgical/classical)
उपेक्षिन्द्रिय​,इन्द्रिय,Sanskrit,1500 BCE - present (liturgical/classical)
नग्नहु,*nagná-,Proto-Indo-Iranian,2200 BCE - 1800 BCE
तमिस्रा,*támHsram,Proto-Indo-Iranian,2200 BCE - 1800 BCE
तमिस्रा,*témHos,Proto-Indo-European,4500 BCE - 2500 BCE
तमिस्र,*támHsram,Proto-Indo-Iranian,2200 BCE - 1800 BCE
तमिस्र,*témHos,Proto-Indo-European,4500 BCE - 2500 BCE
पामन्,*paHmā́,Proto-Indo-Iranian,2200 BCE - 1800 BCE
ऊढि,*uždʰíš,Proto-Indo-Iranian,2200 BCE - 1800 BCE
ऊढि,*weǵʰ-,Proto-Indo-European,4500 BCE - 2500 BCE
उक्षति,*Hukṣáti,Proto-Indo-Aryan,2000 BCE - 1500 BCE
उक्षति,*Hukšáti,Proto-Indo-Iranian,2200 BCE - 1800 BCE
उक्षति,*h₂ewg-,Proto-Indo-European,4500 BCE - 2500 BCE
उक्षति,*wegʷ-,Proto-Indo-European,4500 BCE - 2500 BCE
भूतकेश,भूत,Sanskrit,1500 BCE - present (liturgical/classical)
भूतकेश,केश,Sanskrit,1500 BCE - present (liturgical/classical)
तथास्तु,तथा,Sanskrit,1500 BCE - present (liturgical/classical)
तथास्तु,अस्तु,Sanskrit,1500 BCE - present (liturgical/classical)
क्रीडति,*kriẓḍ-,Proto-Indo-Aryan,2000 BCE - 1500 BCE
मिच्छति,*miśćáti,Proto-Indo-Iranian,2200 BCE - 1800 BCE
मिच्छति,*meyḱ-,Proto-Indo-European,4500 BCE - 2500 BCE
वीज्,*h₂weh₁-,Proto-Indo-European,4500 BCE - 2500 BCE
काश्यप,Kassapa,Pali,500 BCE - 1 CE
महाकाश्यप,Mahākassapa,Pali,500 BCE - 1 CE
पीपिवस्,*peyH-,Proto-Indo-European,4500 BCE - 2500 BCE
पर्ष,*paršás,Proto-Indo-Iranian,2200 BCE - 1800 BCE
जनित्री,*ǵénh₁trih₂,Proto-Indo-European,4500 BCE - 2500 BCE
शकृत्,*ćákr̥,Proto-Indo-Iranian,2200 BCE - 1800 BCE
शकृत्,*ḱókʷr̥,Proto-Indo-European,4500 BCE - 2500 BCE
यावत्,*yós,Proto-Indo-European,4500 BCE - 2500 BCE
छगण,शकृत्,Sanskrit,1500 BCE - present (liturgical/classical)
गोपा,गो,Sanskrit,1500 BCE - present (liturgical/classical)
गोपा,पा,Sanskrit,1500 BCE - present (liturgical/classical)
दाढिका,*denḱ-,Proto-Indo-European,4500 BCE - 2500 BCE
पूर्वाह्ण,पूर्व,Sanskrit,1500 BCE - present (liturgical/classical)
पूर्वाह्ण,अहन्,Sanskrit,1500 BCE - present (liturgical/classical)
शिक्ष्,*śikṣ-,Proto-Indo-Aryan,2000 BCE - 1500 BCE
शिक्ष्,*ćikš-,Proto-Indo-Iranian,2200 BCE - 1800 BCE
स्थूणा,*stʰuHnáH,Proto-Indo-Iranian,2200 BCE - 1800 BCE
क्रीड्,*kriẓḍ-,Proto-Indo-Aryan,2000 BCE - 1500 BCE
क्रीड्,*križd-,Proto-Indo-Iranian,2200 BCE - 1800 BCE
ऋच्छति,*h₃er-,Proto-Indo-European,4500 BCE - 2500 BCE
योगक्षेम,योग,Sanskrit,1500 BCE - present (liturgical/classical)
योगक्षेम,क्षेम,Sanskrit,1500 BCE - present (liturgical/classical)
कलयति,*kel-,Proto-Indo-European,4500 BCE - 2500 BCE
प्रयाण,*pro-,Proto-Indo-European,4500 BCE - 2500 BCE
प्रुष्वा,*prews-,Proto-Indo-European,4500 BCE - 2500 BCE
प्रुष्णोति,*prews-,Proto-Indo-European,4500 BCE - 2500 BCE
प्रुषित,*prews-,Proto-Indo-European,4500 BCE - 2500 BCE
जलशर्करा,जल,Sanskrit,1500 BCE - present (liturgical/classical)
जलशर्करा,शर्करा,Sanskrit,1500 BCE - present (liturgical/classical)
चक्रबन्ध,चक्र,Sanskrit,1500 BCE - present (liturgical/classical)
चक्रबन्ध,बन्ध,Sanskrit,1500 BCE - present (liturgical/classical)
सुमत्,*me,Proto-Indo-European,4500 BCE - 2500 BCE
एकांश,एक,Sanskrit,1500 BCE - present (liturgical/classical)
एकांश,अंश,Sanskrit,1500 BCE - present (liturgical/classical)
वेति,*wáyti-,Proto-Indo-Aryan,2000 BCE - 1500 BCE
वेति,*wáyHti,Proto-Indo-Iranian,2200 BCE - 1800 BCE
कुण्ड,*kuṇṭ-a-m,Proto-Dravidian,3000 BCE - 1500 BCE (disputed)
क्वथन,*kwh₂et-,Proto-Indo-European,4500 BCE - 2500 BCE
कौति,*kū-,Proto-Indo-European,4500 BCE - 2500 BCE
अनन,*h₂enh₁-,Proto-Indo-European,4500 BCE - 2500 BCE
सृप्र,*sr̥prás,Proto-Indo-Iranian,2200 BCE - 1800 BCE
अर्चन,*h₁erkʷ-,Proto-Indo-European,4500 BCE - 2500 BCE
शास्,*ḱeh₁s-,Proto-Indo-European,4500 BCE - 2500 BCE
गद्,*gʷet-,Proto-Indo-European,4500 BCE - 2500 BCE
नमस्कार्य,*némos,Proto-Indo-European,4500 BCE - 2500 BCE
नमस्विन्,*némos,Proto-Indo-European,4500 BCE - 2500 BCE
इषुध्यु,*h₂eys-,Proto-Indo-European,4500 BCE - 2500 BCE
इषुध्या,*h₂eys-,Proto-Indo-European,4500 BCE - 2500 BCE
नमस्वत्,*némos,Proto-Indo-European,4500 BCE - 2500 BCE
भज्,*bʰeh₂g-,Proto-Indo-European,4500 BCE - 2500 BCE
मध्वद्,*médʰu,Proto-Indo-European,4500 BCE - 2500 BCE
मध्वद्,*h₁ed-,Proto-Indo-European,4500 BCE - 2500 BCE
मध्वद्,*medvě̀dь,Proto-Slavic,500 CE - 1000 CE (disputed)
कन्,*kanH-,Proto-Indo-Iranian,2200 BCE - 1800 BCE
कन्,*kenh₂-,Proto-Indo-European,4500 BCE - 2500 BCE
कामचारिन्,काम,Sanskrit,1500 BCE - present (liturgical/classical)
कामचारिन्,चारिन्,Sanskrit,1500 BCE - present (liturgical/classical)
कामद,काम,Sanskrit,1500 BCE - present (liturgical/classical)
कामद,द,Sanskrit,1500 BCE - present (liturgical/classical)
कामबद्ध,काम,Sanskrit,1500 BCE - present (liturgical/classical)
कामबद्ध,बद्ध,Sanskrit,1500 BCE - present (liturgical/classical)
कामबिन्दु,काम,Sanskrit,1500 BCE - present (liturgical/classical)
कामबिन्दु,बिन्दु,Sanskrit,1500 BCE - present (liturgical/classical)
कामबाण,काम,Sanskrit,1500 BCE - present (liturgical/classical)
कामबाण,बाण,Sanskrit,1500 BCE - present (liturgical/classical)
कामबल,काम,Sanskrit,1500 BCE - present (liturgical/classical)
कामबल,बल,Sanskrit,1500 BCE - present (liturgical/classical)
कामचार,काम,Sanskrit,1500 BCE - present (liturgical/classical)
कामचार,चार,Sanskrit,1500 BCE - present (liturgical/classical)
कामशास्त्र,काम,Sanskrit,1500 BCE - present (liturgical/classical)
कामशास्त्र,शास्त्र,Sanskrit,1500 BCE - present (liturgical/classical)
कामभोग,काम,Sanskrit,1500 BCE - present (liturgical/classical)
कामभोग,भोग,Sanskrit,1500 BCE - present (liturgical/classical)
रोटी,रोटिका,Sanskrit,1500 BCE - present (liturgical/classical)
Europe,Europe,Middle English,1150 CE - 1500 CE
Europe,Europa,Latin,700 BCE - 500 CE
Europe,Εὐρώπη,Ancient Greek,1500 BCE - 300 BCE
telephone,téléphone,French,1600 CE - present
telephone,τῆλε,Ancient Greek,1500 BCE - 300 BCE
𒈬𒊬𒊏,𒈬,Sumerian,not available
𒈬𒊬𒊏,𒊬,Sumerian,not available
𒈬𒊬𒊏,𒊏,Sumerian,not available
κάλαμος,*ḱolh₂mos,Proto-Indo-European,4500 BCE - 2500 BCE
coffee,koffie,Dutch,1500 CE - present
coffee,caffè,Italian,1400 CE - present
coffee,قهوه,Ottoman Turkish,not available
coffee,قَهْوَة,Arabic,600 CE - present
koffie,caffè,Italian,1400 CE - present
koffie,قهوه,Ottoman Turkish,not available
koffie,قَهْوَة,Arabic,600 CE - present
caffè,قهوه,Ottoman Turkish,not available
caffè,قَهْوَة,Arabic,600 CE - present
قهوه,قَهْوَة,Arabic,600 CE - present
𐨡𐨁𐨤𐨁,𐎮𐎡𐎱𐎡,Old Persian,600 BCE - 300 BCE
𐨡𐨁𐨤𐨁,𒁾,Elamite,not available
𐨡𐨁𐨤𐨁,ṭuppum,Akkadian,not available
𐨡𐨁𐨤𐨁,𒁾,Sumerian,not available
𒁾,𒁾,Sumerian,not available
ἥλιος,*hāwélios,Proto-Hellenic,2200 BCE - 1800 BCE
ἥλιος,*sóh₂wl̥,Proto-Indo-European,4500 BCE - 2500 BCE
Ζεύς,*dzéus,Proto-Hellenic,2200 BCE - 1800 BCE
Ζεύς,*dyḗws,Proto-Indo-European,4500 BCE - 2500 BCE
κέντρον,*ḱentrom,Proto-Indo-European,4500 BCE - 2500 BCE
cakkavāḷa,चक्रवाड,Sanskrit,1500 BCE - present (liturgical/classical)
कक्षा,कक्षा,Sanskrit,1500 BCE - present (liturgical/classical)
कक्षा,class,English,1550 CE - present
δεκανός,decānus,Latin,700 BCE - 500 CE
𑀬𑁄𑀦,𐎹𐎢𐎴,Old Persian,600 BCE - 300 BCE
𑀬𑁄𑀦,Ἴων,Ancient Greek,1500 BCE - 300 BCE
𑀔𑀸𑀡,खादन,Sanskrit,1500 BCE - present (liturgical/classical)
ὥρα,*yóh₁r̥,Proto-Indo-European,4500 BCE - 2500 BCE
dhītā,धयति,Sanskrit,1500 BCE - present (liturgical/classical)
dhītā,दुहितृ,Sanskrit,1500 BCE - present (liturgical/classical)
dhītā,duhitar,Sanskrit,1500 BCE - present (liturgical/classical)
ਰਾਜਮਾਂਹ,ਰਾਜ,Punjabi,not available
ਰਾਜਮਾਂਹ,ਮਾਂਹ,Punjabi,not available
بادام,𐭥𐭠𐭣𐭠𐭬,Middle Persian,300 BCE - 651 CE
بادام,*vātādám,Proto-Indo-Iranian,2200 BCE - 1800 BCE
کاغذ,𐼸𐼰𐼲𐼹𐼰,Sogdian,not available
football,fotbal,Middle English,1150 CE - 1500 CE
football,foot,English,1550 CE - present
football,ball,English,1550 CE - present
फ़िरंग,فرنگ,Persian,1000 CE - present
فرنگ,franc,Old French,800 CE - 1400 CE
Franc,franc,Middle French,1340 CE - 1610 CE
Franc,franc,Old French,800 CE - 1400 CE
Franc,Francus,Latin,700 BCE - 500 CE
Franc,*Franko,Frankish,not available
Franc,*frankô,Proto-Germanic,500 BCE - 500 CE
bicycle,bicycle,French,1600 CE - present
bus,omnibus,English,1550 CE - present
car,carre,Anglo-Norman,not available
car,carra,Latin,700 BCE - 500 CE
car,*karros,Gaulish,not available
car,*karros,Proto-Celtic,1000 BCE - 500 BCE (disputed)
car,*karzijaną,Proto-Germanic,500 BCE - 500 CE
car,*gers-,Proto-Indo-European,4500 BCE - 2500 BCE
रसगुल्ला,रस,Hindi,not available
रसगुल्ला,गुल्ला,Hindi,not available
मरियम,مَرْيَم,Arabic,600 CE - present
मरियम,מרים,Hebrew,900 BCE - 500 CE
مریم,مَرْيَم,Arabic,600 CE - present
مریم,מרים,Aramaic,not available
code,code,Middle English,1150 CE - 1500 CE
code,code,Old French,800 CE - 1400 CE
code,cōdex,Latin,700 BCE - 500 CE
هندو,hndwk',Middle Persian,300 BCE - 651 CE
هندو,𐏃𐎡𐎯𐎢𐏁,Old Persian,600 BCE - 300 BCE
هندو,सिन्धु,Sanskrit,1500 BCE - present (liturgical/classical)
هندو,*sindʰu,Proto-Iranian,not available
hndwk',𐏃𐎡𐎯𐎢𐎹,Old Persian,600 BCE - 300 BCE
hndwk',𐏃𐎡𐎯𐎢𐏁,Old Persian,600 BCE - 300 BCE
hndwk',सिन्धु,Sanskrit,1500 BCE - present (liturgical/classical)
hndwk',*sindʰu,Proto-Iranian,not available
Londres,Londres,Middle French,1340 CE - 1610 CE
Londres,Londres,Old French,800 CE - 1400 CE
Londres,Londinium,Latin,700 BCE - 500 CE
Londres,Lunden,Old English,450 CE - 1150 CE
Londinium,*Londinyom,Proto-Celtic,1000 BCE - 500 BCE (disputed)
Londinium,*lendʰ-,Proto-Indo-European,4500 BCE - 2500 BCE
Londinium,*plew-,Proto-Indo-European,4500 BCE - 2500 BCE
𑀤𑀫𑀺𑀮,தமிழ்,Tamil,300 BCE - present
Europa,Εὐρώπᾱ,Ancient Greek,1500 BCE - 300 BCE
τῆλε,*kʷel-,Proto-Indo-European,4500 BCE - 2500 BCE
ṭuppum,𒁾,Sumerian,not available
class,classe,Middle French,1340 CE - 1610 CE
class,classis,Latin,700 BCE - 500 CE
class,*kelh₁-,Proto-Indo-European,4500 BCE - 2500 BCE
ਮਾਂਹ,𑀫𑀸𑀲,Prakrit,500 BCE - 1000 CE
ਮਾਂਹ,माष,Sanskrit,1500 BCE - present (liturgical/classical)
foot,fot,Middle English,1150 CE - 1500 CE
foot,fōt,Old English,450 CE - 1150 CE
foot,*fōt,Proto-West Germanic,before 500 CE (unconfirmed)
foot,*fōts,Proto-Germanic,500 BCE - 500 CE
foot,*pṓds,Proto-Indo-European,4500 BCE - 2500 BCE
ball,bal,Middle English,1150 CE - 1500 CE
ball,*beall,Old English,450 CE - 1150 CE
ball,bǫllr,Old Norse,700 CE - 1350 CE
ball,*balluz,Proto-Germanic,500 BCE - 500 CE
ball,*bʰoln-,Proto-Indo-European,4500 BCE - 2500 BCE
ball,*bʰel-,Proto-Indo-European,4500 BCE - 2500 BCE
ball,bal,Middle French,1340 CE - 1610 CE
ball,baler,Middle French,1340 CE - 1610 CE
ball,baller,Old French,800 CE - 1400 CE
ball,ballō,Late Latin,200 CE - 600 CE
franc,francus,Latin,700 BCE - 500 CE
omnibus,omnibus,French,1600 CE - present
omnibus,omnibus,Latin,700 BCE - 500 CE
रस,रस,Sanskrit,1500 BCE - present (liturgical/classical)
code,cudu,Old English,450 CE - 1150 CE
code,*kwidu,Proto-West Germanic,before 500 CE (unconfirmed)
code,code,Old French,800 CE - 1400 CE
code,cōdex,Latin,700 BCE - 500 CE
code,codd,Old English,450 CE - 1150 CE
code,koddi,Old Norse,700 CE - 1350 CE
Londres,Lunden,Old English,450 CE - 1150 CE
Lunden,Londinium,Latin,700 BCE - 500 CE
Lunden,*Lundeinju,Vulgar Latin,100 BCE - 600 CE
classis,*klāssis,Proto-Italic,1000 BCE - 700 BCE (disputed)
classis,*kelh₁-,Proto-Indo-European,4500 BCE - 2500 BCE
fot,*fōt,Proto-West Germanic,before 500 CE (unconfirmed)
fot,*fōts,Proto-Germanic,500 BCE - 500 CE
fot,*pṓds,Proto-Indo-European,4500 BCE - 2500 BCE
bal,*ballu,Proto-West Germanic,before 500 CE (unconfirmed)
bal,*balluz,Proto-Germanic,500 BCE - 500 CE
bǫllr,*balluz,Proto-Germanic,500 BCE - 500 CE
bǫllr,*bʰoln-,Proto-Indo-European,4500 BCE - 2500 BCE
francus,*Frankō,Frankish,not available
francus,*frankô,Proto-Germanic,500 BCE - 500 CE
codd,*kodd,Proto-West Germanic,before 500 CE (unconfirmed)
codd,*kuddaz,Proto-Germanic,500 BCE - 500 CE
codd,*gewt-,Proto-Indo-European,4500 BCE - 2500 BCE
koddi,*kuddô,Proto-Germanic,500 BCE - 500 CE
