Term,Stamm,Sprache,Zeitraum
அக்கா,*akka-,Proto-Dravidian,3000 BCE - 1500 BCE (disputed)
அங்கம்,अङ्ग,Sanskrit,1500 BCE - present (liturgical/classical)
பங்களா,बंगला,Hindi,not available
புலி,𑀧𑀼𑀮𑀺,Old Tamil,300 BCE - 700 CE
புலி,*puli,Proto-Dravidian,3000 BCE - 1500 BCE (disputed)
நாடு,𑀦𑀸𑀝𑀷𑁆,Old Tamil,300 BCE - 700 CE
நாடு,*nāṭu,Proto-Dravidian,3000 BCE - 1500 BCE (disputed)
தேசம்,देश,Sanskrit,1500 BCE - present (liturgical/classical)
குரு,गुरु,Sanskrit,1500 BCE - present (liturgical/classical)
கோடி,*kōḍ,Proto-Dravidian,3000 BCE - 1500 BCE (disputed)
கோடி,कोटि,Sanskrit,1500 BCE - present (liturgical/classical)
கோடி,*kōṇ,Proto-Dravidian,3000 BCE - 1500 BCE (disputed)
தமிழ்நாடு,தமிழ்,Tamil,300 BCE - present
தமிழ்நாடு,நாடு,Tamil,300 BCE - present
லட்சம்,लक्ष,Sanskrit,1500 BCE - present (liturgical/classical)
காபி,kahve,Turkish,not available
காபி,قهوة,Arabic,600 CE - present
முஸ்லிம்,مُسْلِم,Arabic,600 CE - present
இந்தியா,India,English,1550 CE - present
நான்,*yāṉ,Proto-Dravidian,3000 BCE - 1500 BCE (disputed)
நான்,नान,Hindi,not available
நான்,نان,Persian,1000 CE - present
தாயகம்,தாய்,Tamil,300 BCE - present
தாயகம்,அகம்,Tamil,300 BCE - present
நூலகம்,நூல்,Tamil,300 BCE - present
நூலகம்,அகம்,Tamil,300 BCE - present
இயங்குதளம்,இயங்கு,Tamil,300 BCE - present
இயங்குதளம்,தளம்,Tamil,300 BCE - present
கடவுள்,கட,Tamil,300 BCE - present
கடவுள்,உள்,Tamil,300 BCE - present
ஆரம்,हार,Sanskrit,1500 BCE - present (liturgical/classical)
களை,कला,Sanskrit,1500 BCE - present (liturgical/classical)
ஆடு,*yāṭu,Proto-Dravidian,3000 BCE - 1500 BCE (disputed)
இரு,*iru,Proto-Dravidian,3000 BCE - 1500 BCE (disputed)
இலை,*elay,Proto-Dravidian,3000 BCE - 1500 BCE (disputed)
ஏணி,श्रेणि,Sanskrit,1500 BCE - present (liturgical/classical)
வெட்டுக்கிளி,வெட்டு,Tamil,300 BCE - present
வெட்டுக்கிளி,கிளி,Tamil,300 BCE - present
ஊர்,*ūr,Proto-Dravidian,3000 BCE - 1500 BCE (disputed)
உலகம்,लोक,Sanskrit,1500 BCE - present (liturgical/classical)
ஐயம்,संशय,Sanskrit,1500 BCE - present (liturgical/classical)
ஐந்து,*caymtu,Proto-Dravidian,3000 BCE - 1500 BCE (disputed)
ஒரு,*oru,Proto-Dravidian,3000 BCE - 1500 BCE (disputed)
ஒன்று,*onṯu,Proto-Dravidian,3000 BCE - 1500 BCE (disputed)
ஓடு,*ōṭu,Proto-Dravidian,3000 BCE - 1500 BCE (disputed)
நீர்,𑀦𑀻𑀭𑁆,Old Tamil,300 BCE - 700 CE
நீர்,*nīr,Proto-Dravidian,3000 BCE - 1500 BCE (disputed)
கிளி,𑀓𑀺𑀴𑀺,Old Tamil,300 BCE - 700 CE
நிலம்,*nilam,Proto-Dravidian,3000 BCE - 1500 BCE (disputed)
குதிரை,*kuti,Proto-Dravidian,3000 BCE - 1500 BCE (disputed)
நிலா,*nelanc(c)-,Proto-Dravidian,3000 BCE - 1500 BCE (disputed)
௹,रूप्यक,Sanskrit,1500 BCE - present (liturgical/classical)
ஆண் குறி,ஆண்,Tamil,300 BCE - present
ஆண் குறி,குறி,Tamil,300 BCE - present
போன்றீயம்,போன்று,Tamil,300 BCE - present
போன்றீயம்,ஈயம்,Tamil,300 BCE - present
நீலிரும்பு,நீலம்,Tamil,300 BCE - present
நீலிரும்பு,இரும்பு,Tamil,300 BCE - present
செங்கந்தகம்,செங்,Tamil,300 BCE - present
செங்கந்தகம்,கந்தகம்,Tamil,300 BCE - present
குருகுலம்,குரு,Tamil,300 BCE - present
குருகுலம்,குலம்,Tamil,300 BCE - present
இரண்டு,*iru,Proto-Dravidian,3000 BCE - 1500 BCE (disputed)
தருமராசா,धर्मराजा,Sanskrit,1500 BCE - present (liturgical/classical)
மாங்காய்,*maṯkāy,Proto-Dravidian,3000 BCE - 1500 BCE (disputed)
நூல்,𑀦𑀽𑀮𑁆,Old Tamil,300 BCE - 700 CE
வீடு,*wīṭu,Proto-Dravidian,3000 BCE - 1500 BCE (disputed)
மேகம்,मेघ,Sanskrit,1500 BCE - present (liturgical/classical)
மரம்,𑀫𑀭𑀫𑁆,Old Tamil,300 BCE - 700 CE
தீவு,𑀤𑀻𑀯,Maharastri Prakrit,1 CE - 700 CE
தீவு,द्वीप,Sanskrit,1500 BCE - present (liturgical/classical)
சுண்ணம்,चूर्ण,Sanskrit,1500 BCE - present (liturgical/classical)
கூகை,घूक,Sanskrit,1500 BCE - present (liturgical/classical)
ஒன்பது,*on,Proto-Dravidian,3000 BCE - 1500 BCE (disputed)
மிருதங்கம்,मृदंग,Sanskrit,1500 BCE - present (liturgical/classical)
இராமாயணம்,रामायण,Sanskrit,1500 BCE - present (liturgical/classical)
இருக்கு வேதம்,ऋग्वेद,Sanskrit,1500 BCE - present (liturgical/classical)
மூன்று,*mūnṯu,Proto-Dravidian,3000 BCE - 1500 BCE (disputed)
ஆறு,*yāṯu,Proto-Dravidian,3000 BCE - 1500 BCE (disputed)
நான்கு,*nāl,Proto-Dravidian,3000 BCE - 1500 BCE (disputed)
ஏழு,*ēẓ,Proto-Dravidian,3000 BCE - 1500 BCE (disputed)
எட்டு,*eṇṭṭu,Proto-Dravidian,3000 BCE - 1500 BCE (disputed)
பத்து,*paHtu,Proto-Dravidian,3000 BCE - 1500 BCE (disputed)
நூறு,*nūṯ,Proto-Dravidian,3000 BCE - 1500 BCE (disputed)
ஆயிரம்,सहस्र,Sanskrit,1500 BCE - present (liturgical/classical)
கடல்,கட,Tamil,300 BCE - present
கடல்,அல்,Tamil,300 BCE - present
நட்சத்திரம்,नक्षत्र,Sanskrit,1500 BCE - present (liturgical/classical)
இராசி,राजि,Sanskrit,1500 BCE - present (liturgical/classical)
இராசி,राशि,Sanskrit,1500 BCE - present (liturgical/classical)
அமையம்,समय,Sanskrit,1500 BCE - present (liturgical/classical)
நபம்,नभस्,Sanskrit,1500 BCE - present (liturgical/classical)
இதயம்,*ḱḗr,Proto-Indo-European,4500 BCE - 2500 BCE
அதிகாரம்,अधिकार,Sanskrit,1500 BCE - present (liturgical/classical)
மணி,मणि,Sanskrit,1500 BCE - present (liturgical/classical)
நீதி,नीति,Sanskrit,1500 BCE - present (liturgical/classical)
இலக்கணம்,𑀇𑀮𑀓𑁆𑀓𑀡𑀫𑁆,Old Tamil,300 BCE - 700 CE
இலக்கணம்,लक्षण,Sanskrit,1500 BCE - present (liturgical/classical)
அணு,अणु,Sanskrit,1500 BCE - present (liturgical/classical)
காப்பியம்,काव्य,Sanskrit,1500 BCE - present (liturgical/classical)
சுவாசம்,श्वास,Sanskrit,1500 BCE - present (liturgical/classical)
அகங்காரம்,अहंकार,Sanskrit,1500 BCE - present (liturgical/classical)
மனசு,मनस्,Sanskrit,1500 BCE - present (liturgical/classical)
சுந்தரம்,सुन्दर,Sanskrit,1500 BCE - present (liturgical/classical)
சனி,शनि,Sanskrit,1500 BCE - present (liturgical/classical)
பலம்,फल,Sanskrit,1500 BCE - present (liturgical/classical)
பலம்,बल,Sanskrit,1500 BCE - present (liturgical/classical)
அரசன்,*aracaṉ,Proto-Dravidian,3000 BCE - 1500 BCE (disputed)
அரசன்,राजन्,Sanskrit,1500 BCE - present (liturgical/classical)
தருமம்,धर्म,Sanskrit,1500 BCE - present (liturgical/classical)
கருமம்,कर्मन्,Sanskrit,1500 BCE - present (liturgical/classical)
இட்டம்,इष्ट,Sanskrit,1500 BCE - present (liturgical/classical)
சிங்கம்,सिंह,Sanskrit,1500 BCE - present (liturgical/classical)
அவதாரம்,अवतार,Sanskrit,1500 BCE - present (liturgical/classical)
பாசை,भाषा,Sanskrit,1500 BCE - present (liturgical/classical)
குடிநீர்,குடி,Tamil,300 BCE - present
குடிநீர்,நீர்,Tamil,300 BCE - present
துத்தம்,दुग्ध,Sanskrit,1500 BCE - present (liturgical/classical)
சூரியன்,सूर्य,Sanskrit,1500 BCE - present (liturgical/classical)
மொழி,*moẓV-,Proto-Dravidian,3000 BCE - 1500 BCE (disputed)
யோனி,योनि,Sanskrit,1500 BCE - present (liturgical/classical)
மொழிபெயர்ப்பு,மொழி,Tamil,300 BCE - present
மொழிபெயர்ப்பு,பெயர்ப்பு,Tamil,300 BCE - present
ஆங்கிலம்,Angle,English,1550 CE - present
தெலுங்கு,తెలుఁగు,Telugu,not available
கூத்தாடு,கூத்து,Tamil,300 BCE - present
கூத்தாடு,ஆடு,Tamil,300 BCE - present
வெங்காயம்,வெண்,Tamil,300 BCE - present
வெங்காயம்,காயம்,Tamil,300 BCE - present
சிகரட்,cigarette,English,1550 CE - present
சிகரட்,cigarette,French,1600 CE - present
தொலைக்காட்சி,தொலை,Tamil,300 BCE - present
தொலைக்காட்சி,காட்சி,Tamil,300 BCE - present
தொலைக்காட்சி,television,English,1550 CE - present
புதன்,बुध,Sanskrit,1500 BCE - present (liturgical/classical)
திங்கள்,*tinkaḷ,Proto-Dravidian,3000 BCE - 1500 BCE (disputed)
கணிதம்,गणित,Sanskrit,1500 BCE - present (liturgical/classical)
விமானம்,विमान,Sanskrit,1500 BCE - present (liturgical/classical)
வெள்ளிக்கிழமை,வெள்ளி,Tamil,300 BCE - present
வெள்ளிக்கிழமை,கிழமை,Tamil,300 BCE - present
சதுரங்கம்,चतुरङ्ग,Sanskrit,1500 BCE - present (liturgical/classical)
சதுரங்கம்,சதுரம்,Tamil,300 BCE - present
சதுரங்கம்,அரங்கம்,Tamil,300 BCE - present
பாம்பு,𑀧𑀸𑀫𑁆𑀧𑀼,Old Tamil,300 BCE - 700 CE
பாம்பு,*pāmpu,Proto-Dravidian,3000 BCE - 1500 BCE (disputed)
தற்பால்சேர்க்கை,தன்,Tamil,300 BCE - present
தற்பால்சேர்க்கை,பால்,Tamil,300 BCE - present
தற்பால்சேர்க்கை,சேர்க்கை,Tamil,300 BCE - present
அவள்,*a-,Proto-Dravidian,3000 BCE - 1500 BCE (disputed)
அவன்,*a-,Proto-Dravidian,3000 BCE - 1500 BCE (disputed)
நீலம்,नील,Sanskrit,1500 BCE - present (liturgical/classical)
வங்காளதேசம்,வங்காளம்,Tamil,300 BCE - present
வங்காளதேசம்,தேசம்,Tamil,300 BCE - present
ஐதரசன்,hydrogen,English,1550 CE - present
இலங்கை,लङ्का,Sanskrit,1500 BCE - present (liturgical/classical)
ஆண்குறி,ஆண்,Tamil,300 BCE - present
ஆண்குறி,குறி,Tamil,300 BCE - present
கண்,*kaṇ,Proto-Dravidian,3000 BCE - 1500 BCE (disputed)
விதைப்பை,விதை,Tamil,300 BCE - present
விதைப்பை,பை,Tamil,300 BCE - present
கலை,कला,Sanskrit,1500 BCE - present (liturgical/classical)
கோபம்,कोप,Sanskrit,1500 BCE - present (liturgical/classical)
கோபம்,*kwep-,Proto-Indo-European,4500 BCE - 2500 BCE
சர்க்கரை,शर्करा,Sanskrit,1500 BCE - present (liturgical/classical)
ஜங்கிள்,जङ्गल,Sanskrit,1500 BCE - present (liturgical/classical)
தியானம்,ध्यान,Sanskrit,1500 BCE - present (liturgical/classical)
கஞ்சாவை,गञ्जा,Sanskrit,1500 BCE - present (liturgical/classical)
நகரம்,नगर,Sanskrit,1500 BCE - present (liturgical/classical)
பக்தி,भक्ति,Sanskrit,1500 BCE - present (liturgical/classical)
கடிகாரம்,घटिकायन्त्र,Sanskrit,1500 BCE - present (liturgical/classical)
தொலைபேசி,தொலை,Tamil,300 BCE - present
தொலைபேசி,பேசு,Tamil,300 BCE - present
தொலைபேசி,-இ,Tamil,300 BCE - present
துரியான்,durian,Malay,not available
துரியான்,*duri-an,Proto-Malayic,not available
துரியான்,*duʀi-an,Proto-Malayo-Polynesian,not available
கானலி,Conley,English,1550 CE - present
போர்டு,Ford,English,1550 CE - present
சொத்து,स्व,Sanskrit,1500 BCE - present (liturgical/classical)
ஊறுகாய்,ஊறு,Tamil,300 BCE - present
ஊறுகாய்,காய்,Tamil,300 BCE - present
தசை,*tačay,Proto-Dravidian,3000 BCE - 1500 BCE (disputed)
தீமுறி,தீ,Tamil,300 BCE - present
தீமுறி,முறி,Tamil,300 BCE - present
பழீயம்,பழுப்பு,Tamil,300 BCE - present
பழீயம்,ஈயம்,Tamil,300 BCE - present
நீரகம்,நீர்,Tamil,300 BCE - present
நீரகம்,அகம்,Tamil,300 BCE - present
தண்ணீர்,தண்,Tamil,300 BCE - present
தண்ணீர்,நீர்,Tamil,300 BCE - present
ஆழிப்பேரலை,ஆழி,Tamil,300 BCE - present
ஆழிப்பேரலை,பெரும்,Tamil,300 BCE - present
ஆழிப்பேரலை,அலை,Tamil,300 BCE - present
கணினி,கணிதம்,Tamil,300 BCE - present
கணினி,-இ,Tamil,300 BCE - present
ஆ,𑀆,Old Tamil,300 BCE - 700 CE
பன்றிக்குட்டி,பன்றி,Tamil,300 BCE - present
பன்றிக்குட்டி,குட்டி,Tamil,300 BCE - present
பன்றி,*panṯi,Proto-Dravidian,3000 BCE - 1500 BCE (disputed)
சுண்டெலி,சுண்டு,Tamil,300 BCE - present
சுண்டெலி,எலி,Tamil,300 BCE - present
எலி,*eli,Proto-Dravidian,3000 BCE - 1500 BCE (disputed)
கருப்பு,*kār,Proto-Dravidian,3000 BCE - 1500 BCE (disputed)
மெய்யெழுத்து,மெய்,Tamil,300 BCE - present
மெய்யெழுத்து,எழுத்து,Tamil,300 BCE - present
உயிரெழுத்து,உயிர்,Tamil,300 BCE - present
உயிரெழுத்து,எழுத்து,Tamil,300 BCE - present
வேர்,*wēr,Proto-Dravidian,3000 BCE - 1500 BCE (disputed)
இஞ்சி,*cinki,Proto-Dravidian,3000 BCE - 1500 BCE (disputed)
தேனீ,தேன்,Tamil,300 BCE - present
தேனீ,ஈ,Tamil,300 BCE - present
எரிமலை,எரி,Tamil,300 BCE - present
எரிமலை,மலை,Tamil,300 BCE - present
அண்ணன்,*aṇṇa,Proto-Dravidian,3000 BCE - 1500 BCE (disputed)
வார்த்தை,वार्त्ता,Sanskrit,1500 BCE - present (liturgical/classical)
பசு,पशु,Sanskrit,1500 BCE - present (liturgical/classical)
உலோகம்,लोह,Sanskrit,1500 BCE - present (liturgical/classical)
ஜன்னல்,janela,Portuguese,1516 CE - present
ஜன்னல்,janella,Old Portuguese,870 CE - 1400 CE
ஜன்னல்,*januella,Vulgar Latin,100 BCE - 600 CE
ஜன்னல்,iānua,Latin,700 BCE - 500 CE
மேசை,mesa,Old Portuguese,870 CE - 1400 CE
மேசை,mēsa,Vulgar Latin,100 BCE - 600 CE
மேசை,mēnsa,Latin,700 BCE - 500 CE
ரொட்டி,रोटी,Sanskrit,1500 BCE - present (liturgical/classical)
அரிவாள்,அரி,Tamil,300 BCE - present
அரிவாள்,வாள்,Tamil,300 BCE - present
சக்கரை,शर्करा,Sanskrit,1500 BCE - present (liturgical/classical)
ஓட்டல்,hotel,English,1550 CE - present
சிவப்பு,*kem,Proto-Dravidian,3000 BCE - 1500 BCE (disputed)
வருடம்,𑀯𑀭𑀼𑀝𑀫𑁆,Old Tamil,300 BCE - 700 CE
வருடம்,वर्ष,Sanskrit,1500 BCE - present (liturgical/classical)
பால்,*pāl,Proto-Dravidian,3000 BCE - 1500 BCE (disputed)
விண்கலம்,விண்,Tamil,300 BCE - present
விண்கலம்,கலம்,Tamil,300 BCE - present
ரகசியம்,रहस्य,Sanskrit,1500 BCE - present (liturgical/classical)
விவிலியம்,βιβλίον,Greek,1453 CE - present
மீன்,𑀫𑀻𑀷𑁆,Old Tamil,300 BCE - 700 CE
மீன்,*mīn,Proto-Dravidian,3000 BCE - 1500 BCE (disputed)
குங்குமப்பூ,குங்கும,Tamil,300 BCE - present
குங்குமப்பூ,பூ,Tamil,300 BCE - present
நிழல்,*nVẓal-,Proto-Dravidian,3000 BCE - 1500 BCE (disputed)
ஏப்ரல்,April,English,1550 CE - present
அடைக்காய்,*aṭaykkāy,Proto-Dravidian,3000 BCE - 1500 BCE (disputed)
சகோதரி,सहोदर,Sanskrit,1500 BCE - present (liturgical/classical)
சாவி,chave,Portuguese,1516 CE - present
கால்,काल,Sanskrit,1500 BCE - present (liturgical/classical)
காலம்,काल,Sanskrit,1500 BCE - present (liturgical/classical)
பிச்சைத்தனம்,பிச்சை,Tamil,300 BCE - present
பிச்சைத்தனம்,தனம்,Tamil,300 BCE - present
பிறிதுசாபம்,பிறிது,Tamil,300 BCE - present
பிறிதுசாபம்,சாபம்,Tamil,300 BCE - present
பிறைதொழு,பிறை,Tamil,300 BCE - present
பிறைதொழு,தொழு,Tamil,300 BCE - present
பிறிதின்கிழமை,பிறிதின்,Tamil,300 BCE - present
பிறிதின்கிழமை,கிழமை,Tamil,300 BCE - present
பிறவிக்குணம்,பிறவி,Tamil,300 BCE - present
பிறவிக்குணம்,குணம்,Tamil,300 BCE - present
பிறவிக்கடல்,பிறவி,Tamil,300 BCE - present
பிறவிக்கடல்,கடல்,Tamil,300 BCE - present
பிறவிக்குருடன்,பிறவி,Tamil,300 BCE - present
பிறவிக்குருடன்,குருடன்,Tamil,300 BCE - present
பிறவிப்பயன்,பிறவி,Tamil,300 BCE - present
பிறவிப்பயன்,பயன்,Tamil,300 BCE - present
பிறப்புவழி,பிறப்பு,Tamil,300 BCE - present
பிறப்புவழி,வழி,Tamil,300 BCE - present
பெண்,*peṇ,Proto-Dravidian,3000 BCE - 1500 BCE (disputed)
ஜலம்,जल,Sanskrit,1500 BCE - present (liturgical/classical)
பல்,*pal,Proto-Dravidian,3000 BCE - 1500 BCE (disputed)
ஜனவரி,January,English,1550 CE - present
இடியாப்பம்,இடி,Tamil,300 BCE - present
இடியாப்பம்,அப்பம்,Tamil,300 BCE - present
அத்தியாபகன்,अध्यापक,Sanskrit,1500 BCE - present (liturgical/classical)
நாம்,*ñām,Proto-Dravidian,3000 BCE - 1500 BCE (disputed)
பெயர்,𑀧𑁂𑁆𑀬𑀭𑁆,Old Tamil,300 BCE - 700 CE
பெயர்,*picar,Proto-Dravidian,3000 BCE - 1500 BCE (disputed)
புத்தகம்,पुस्तक,Sanskrit,1500 BCE - present (liturgical/classical)
சாளரம்,जालक,Sanskrit,1500 BCE - present (liturgical/classical)
ஒ,*o-,Proto-Dravidian,3000 BCE - 1500 BCE (disputed)
சௌக்கியமா,सौख्य,Sanskrit,1500 BCE - present (liturgical/classical)
ஜப்பான்,Japan,English,1550 CE - present
கிறிஸ்துமஸ்,Christmas,English,1550 CE - present
வெற்றிலை,வெற்று,Tamil,300 BCE - present
வெற்றிலை,இலை,Tamil,300 BCE - present
கந்தகம்,गन्धक,Sanskrit,1500 BCE - present (liturgical/classical)
காறையெலும்பு,காறை,Tamil,300 BCE - present
காறையெலும்பு,எலும்பு,Tamil,300 BCE - present
வில்,*wil,Proto-Dravidian,3000 BCE - 1500 BCE (disputed)
வேண்டுகோள்,வேண்டு,Tamil,300 BCE - present
வேண்டுகோள்,கொள்,Tamil,300 BCE - present
சாம்பல்,शामील,Sanskrit,1500 BCE - present (liturgical/classical)
கன்னம்,कर्ण,Sanskrit,1500 BCE - present (liturgical/classical)
௵,वर्ष,Sanskrit,1500 BCE - present (liturgical/classical)
ஆண்டு,*a-,Proto-Dravidian,3000 BCE - 1500 BCE (disputed)
பிரஞ்சு,French,English,1550 CE - present
எருது,*er-utu,Proto-Dravidian,3000 BCE - 1500 BCE (disputed)
ஆந்தை,*āntai,Proto-Dravidian,3000 BCE - 1500 BCE (disputed)
ஆந்தை,ஆதன்,Tamil,300 BCE - present
ஆந்தை,தந்தை,Tamil,300 BCE - present
பணம்,पण,Sanskrit,1500 BCE - present (liturgical/classical)
பணம்,फण,Sanskrit,1500 BCE - present (liturgical/classical)
பணம்,वर्ण,Sanskrit,1500 BCE - present (liturgical/classical)
வாய்,*wāy,Proto-Dravidian,3000 BCE - 1500 BCE (disputed)
தாய்,*tāy,Proto-Dravidian,3000 BCE - 1500 BCE (disputed)
நாள்,𑀦𑀸𑀴𑁆,Old Tamil,300 BCE - 700 CE
உள்,*uḷ,Proto-Dravidian,3000 BCE - 1500 BCE (disputed)
தந்தை,*tantay,Proto-Dravidian,3000 BCE - 1500 BCE (disputed)
தந்தை,*tanṯi,Proto-Dravidian,3000 BCE - 1500 BCE (disputed)
புஸ்தகம்,पुस्तक,Sanskrit,1500 BCE - present (liturgical/classical)
அது,*a-,Proto-Dravidian,3000 BCE - 1500 BCE (disputed)
இது,*ī,Proto-Dravidian,3000 BCE - 1500 BCE (disputed)
அண்ணா,*aṇṇa,Proto-Dravidian,3000 BCE - 1500 BCE (disputed)
பிறந்தநாள்,பிறந்தை,Tamil,300 BCE - present
பிறந்தநாள்,நாள்,Tamil,300 BCE - present
பூ,*pū,Proto-Dravidian,3000 BCE - 1500 BCE (disputed)
நல்,*nal,Proto-Dravidian,3000 BCE - 1500 BCE (disputed)
வம்சம்,वंश,Sanskrit,1500 BCE - present (liturgical/classical)
நாளை,*nāḷ-,Proto-Dravidian,3000 BCE - 1500 BCE (disputed)
தான்,*tāṉ,Proto-Dravidian,3000 BCE - 1500 BCE (disputed)
சாயங்காலம்,सन्ध्याकाल,Sanskrit,1500 BCE - present (liturgical/classical)
போ,*pō-,Proto-Dravidian,3000 BCE - 1500 BCE (disputed)
ஜெருசலேம்,Jerusalem,English,1550 CE - present
வேப்பமரம்,வேம்பு,Tamil,300 BCE - present
வேப்பமரம்,மரம்,Tamil,300 BCE - present
மான்,*mā,Proto-Dravidian,3000 BCE - 1500 BCE (disputed)
சத்தம்,शब्द,Sanskrit,1500 BCE - present (liturgical/classical)
கோட்டம்,कोष्ठ,Sanskrit,1500 BCE - present (liturgical/classical)
ஆர்த்தி,आरती,Hindi,not available
ஆர்த்தி,आरात्रिक,Sanskrit,1500 BCE - present (liturgical/classical)
சிகப்பு,*kem,Proto-Dravidian,3000 BCE - 1500 BCE (disputed)
சிகப்பு,*kemappu,Proto-Dravidian,3000 BCE - 1500 BCE (disputed)
தோசம்,दोष,Sanskrit,1500 BCE - present (liturgical/classical)
சிநேகிதன்,स्नेहित,Sanskrit,1500 BCE - present (liturgical/classical)
நெய்,*ney,Proto-Dravidian,3000 BCE - 1500 BCE (disputed)
வெண்கலம்,வெண்-,Tamil,300 BCE - present
வெண்கலம்,கலம்,Tamil,300 BCE - present
ரோம்,Rome,English,1550 CE - present
புருவம்,भ्रू,Sanskrit,1500 BCE - present (liturgical/classical)
ஏலக்காய்,*ēlakāy,Proto-Dravidian,3000 BCE - 1500 BCE (disputed)
மஞ்ஞை,*mayVr,Proto-Dravidian,3000 BCE - 1500 BCE (disputed)
மயில்,*mayVr,Proto-Dravidian,3000 BCE - 1500 BCE (disputed)
என்ன,*yā,Proto-Dravidian,3000 BCE - 1500 BCE (disputed)
பழம்,*paẓam,Proto-Dravidian,3000 BCE - 1500 BCE (disputed)
பழம்,*palam,Proto-Dravidian,3000 BCE - 1500 BCE (disputed)
விரல்,*wiral,Proto-Dravidian,3000 BCE - 1500 BCE (disputed)
காக்கை,*kākkai,Proto-Dravidian,3000 BCE - 1500 BCE (disputed)
தாடி,𑀤𑀸𑀠𑀺𑀆,Prakrit,500 BCE - 1000 CE
தாடி,दाढिका,Sanskrit,1500 BCE - present (liturgical/classical)
கோழி,*kōẓi,Proto-Dravidian,3000 BCE - 1500 BCE (disputed)
புத்தன்,बुद्ध,Sanskrit,1500 BCE - present (liturgical/classical)
அப்பால்,*a-,Proto-Dravidian,3000 BCE - 1500 BCE (disputed)
அப்புறம்,*a-,Proto-Dravidian,3000 BCE - 1500 BCE (disputed)
படி,पठति,Sanskrit,1500 BCE - present (liturgical/classical)
பக்கம்,pakkha,Pali,500 BCE - 1 CE
பக்கம்,पक्ष,Sanskrit,1500 BCE - present (liturgical/classical)
பெட்டி,*peṭṭi,Proto-Dravidian,3000 BCE - 1500 BCE (disputed)
அனுபவம்,अनुभव,Sanskrit,1500 BCE - present (liturgical/classical)
பள்ளிக்கூடம்,பள்ளி,Tamil,300 BCE - present
பள்ளிக்கூடம்,கூடம்,Tamil,300 BCE - present
வால்,वाल,Sanskrit,1500 BCE - present (liturgical/classical)
மனிதன்,मनुष्य,Sanskrit,1500 BCE - present (liturgical/classical)
வருஷம்,वर्ष,Sanskrit,1500 BCE - present (liturgical/classical)
மைல்,mile,English,1550 CE - present
கோயில்,கோ,Tamil,300 BCE - present
கோயில்,இல்,Tamil,300 BCE - present
வேளை,वेला,Sanskrit,1500 BCE - present (liturgical/classical)
இன்று,*ī,Proto-Dravidian,3000 BCE - 1500 BCE (disputed)
அழு,*eẓ-,Proto-Dravidian,3000 BCE - 1500 BCE (disputed)
இங்கே,*ī,Proto-Dravidian,3000 BCE - 1500 BCE (disputed)
ஆபிச்,office,English,1550 CE - present
இப்போது,*ī,Proto-Dravidian,3000 BCE - 1500 BCE (disputed)
சுதந்தரம்,स्वतन्त्र,Sanskrit,1500 BCE - present (liturgical/classical)
கூடு,*kūṭu,Proto-Dravidian,3000 BCE - 1500 BCE (disputed)
செங்கிழங்கு,செங்,Tamil,300 BCE - present
செங்கிழங்கு,கிழங்கு,Tamil,300 BCE - present
பீட்ரூட்,beetroot,English,1550 CE - present
செம்,*kem,Proto-Dravidian,3000 BCE - 1500 BCE (disputed)
இளநீர்,இள,Tamil,300 BCE - present
இளநீர்,நீர்,Tamil,300 BCE - present
மாலை,𑀫𑀸𑀮𑁃,Old Tamil,300 BCE - 700 CE
மாலை,माला,Sanskrit,1500 BCE - present (liturgical/classical)
வினைச்சொல்,வினை,Tamil,300 BCE - present
வினைச்சொல்,சொல்,Tamil,300 BCE - present
புளி,*puḷ,Proto-Dravidian,3000 BCE - 1500 BCE (disputed)
வலைத் தளம்,website,English,1550 CE - present
வலைத் தளம்,வலைத்,Tamil,300 BCE - present
வலைத் தளம்,தளம்,Tamil,300 BCE - present
அலைப்பேசி,mobile phone,English,1550 CE - present
அலைப்பேசி,அலைப்,Tamil,300 BCE - present
அலைப்பேசி,பேசி,Tamil,300 BCE - present
நரகம்,नरक,Sanskrit,1500 BCE - present (liturgical/classical)
நாகம்,नाग,Sanskrit,1500 BCE - present (liturgical/classical)
நாகம்,नाक,Sanskrit,1500 BCE - present (liturgical/classical)
பருவதம்,पर्वत,Sanskrit,1500 BCE - present (liturgical/classical)
பருப்பதம்,पर्वत,Sanskrit,1500 BCE - present (liturgical/classical)
பர்வதம்,पर्वत,Sanskrit,1500 BCE - present (liturgical/classical)
கழுதை,*kaẓutay,Proto-Dravidian,3000 BCE - 1500 BCE (disputed)
இல்,*il,Proto-Dravidian,3000 BCE - 1500 BCE (disputed)
இலக்கியம்,இலக்கு,Tamil,300 BCE - present
இலக்கியம்,இயம்,Tamil,300 BCE - present
இலக்கு,𑀮𑀓𑁆𑀔,Prakrit,500 BCE - 1000 CE
இலக்கு,लक्ष,Sanskrit,1500 BCE - present (liturgical/classical)
பூமி,भूमि,Sanskrit,1500 BCE - present (liturgical/classical)
தூரம்,दूर,Sanskrit,1500 BCE - present (liturgical/classical)
தேர்,*tēr,Proto-Dravidian,3000 BCE - 1500 BCE (disputed)
ரசம்,रस,Sanskrit,1500 BCE - present (liturgical/classical)
பார்லி,barley,English,1550 CE - present
அடவி,अटवि,Sanskrit,1500 BCE - present (liturgical/classical)
வனம்,वन,Sanskrit,1500 BCE - present (liturgical/classical)
தானியம்,धान्य,Sanskrit,1500 BCE - present (liturgical/classical)
தாவரம்,स्थावर,Sanskrit,1500 BCE - present (liturgical/classical)
காய்கறி,காய்,Tamil,300 BCE - present
காய்கறி,கறி,Tamil,300 BCE - present
வேம்பு,*wēmpu,Proto-Dravidian,3000 BCE - 1500 BCE (disputed)
பண்டிகை,பண்டம்,Tamil,300 BCE - present
பண்டிகை,ஈகை,Tamil,300 BCE - present
பொன்,*pon,Proto-Dravidian,3000 BCE - 1500 BCE (disputed)
புதுச்சேரி,புது,Tamil,300 BCE - present
புதுச்சேரி,சேரி,Tamil,300 BCE - present
யமன்,यम,Sanskrit,1500 BCE - present (liturgical/classical)
வருணன்,वरुण,Sanskrit,1500 BCE - present (liturgical/classical)
சண்டை,चण्ड,Sanskrit,1500 BCE - present (liturgical/classical)
யுத்தம்,युद्ध,Sanskrit,1500 BCE - present (liturgical/classical)
இலட்சுமணன்,लक्ष्मण,Sanskrit,1500 BCE - present (liturgical/classical)
அனுமன்,हनुमान्,Sanskrit,1500 BCE - present (liturgical/classical)
கிருட்டிணன்,कृष्ण,Sanskrit,1500 BCE - present (liturgical/classical)
பண்டிதன்,पण्डित,Sanskrit,1500 BCE - present (liturgical/classical)
சத்தியம்,सत्य,Sanskrit,1500 BCE - present (liturgical/classical)
முலையூட்டி,முலை,Tamil,300 BCE - present
முலையூட்டி,ஊட்டி,Tamil,300 BCE - present
பாலூட்டி,பால்,Tamil,300 BCE - present
பாலூட்டி,ஊட்டி,Tamil,300 BCE - present
பாற்பசு,பால்,Tamil,300 BCE - present
பாற்பசு,பசு,Tamil,300 BCE - present
ஆட்டுப்பால்,ஆடு,Tamil,300 BCE - present
ஆட்டுப்பால்,பால்,Tamil,300 BCE - present
குலம்,कुल,Sanskrit,1500 BCE - present (liturgical/classical)
நீர்வளம்,நீர்,Tamil,300 BCE - present
நீர்வளம்,வளம்,Tamil,300 BCE - present
மண்வளம்,மண்,Tamil,300 BCE - present
மண்வளம்,வளம்,Tamil,300 BCE - present
சொல்வளம்,சொல்,Tamil,300 BCE - present
சொல்வளம்,வளம்,Tamil,300 BCE - present
மண்,𑀫𑀡𑁆,Old Tamil,300 BCE - 700 CE
மனிதவளம்,மனிதம்,Tamil,300 BCE - present
மனிதவளம்,வளம்,Tamil,300 BCE - present
சிகரம்,शिखर,Sanskrit,1500 BCE - present (liturgical/classical)
சொல்லாட்சி,சொல்,Tamil,300 BCE - present
சொல்லாட்சி,ஆட்சி,Tamil,300 BCE - present
சொல்லியல்,சொல்,Tamil,300 BCE - present
சொல்லியல்,இயல்,Tamil,300 BCE - present
பாறை,*pāṯay,Proto-Dravidian,3000 BCE - 1500 BCE (disputed)
சொற்பிறப்பியல்,சொல்,Tamil,300 BCE - present
சொற்பிறப்பியல்,பிறப்பு,Tamil,300 BCE - present
சொற்பிறப்பியல்,இயல்,Tamil,300 BCE - present
சொற்பொழிவு,சொற்,Tamil,300 BCE - present
சொற்பொழிவு,பொழிவு,Tamil,300 BCE - present
பிரபந்தம்,प्रबन्ध,Sanskrit,1500 BCE - present (liturgical/classical)
விலயம்,विलय,Sanskrit,1500 BCE - present (liturgical/classical)
மாமிசம்,मांस,Sanskrit,1500 BCE - present (liturgical/classical)
நூலறிவு,நூல்,Tamil,300 BCE - present
நூலறிவு,அறிவு,Tamil,300 BCE - present
படிப்பறிவு,படிப்பு,Tamil,300 BCE - present
படிப்பறிவு,அறிவு,Tamil,300 BCE - present
கல்விக்கூடம்,கல்வி,Tamil,300 BCE - present
கல்விக்கூடம்,கூடம்,Tamil,300 BCE - present
கலைஞர்,कलाज्ञ,Sanskrit,1500 BCE - present (liturgical/classical)
கலைஞர்,कला,Sanskrit,1500 BCE - present (liturgical/classical)
கலைஞர்,-ज्ञ,Sanskrit,1500 BCE - present (liturgical/classical)
கலைச்சொல்,கலை,Tamil,300 BCE - present
கலைச்சொல்,சொல்,Tamil,300 BCE - present
பேசு,*pēẓ- ~ *pēč-,Proto-Dravidian,3000 BCE - 1500 BCE (disputed)
அறிவாய்வியல்,அறிவு,Tamil,300 BCE - present
அறிவாய்வியல்,அறிவியல்,Tamil,300 BCE - present
சங்கம்,𑀘𑀗𑁆𑀓𑀫𑁆,Old Tamil,300 BCE - 700 CE
காமம்,काम,Sanskrit,1500 BCE - present (liturgical/classical)
காய்,*kāy,Proto-Dravidian,3000 BCE - 1500 BCE (disputed)
பாகற்காய்,பாகு,Tamil,300 BCE - present
பாகற்காய்,அல்,Tamil,300 BCE - present
பாகற்காய்,காய்,Tamil,300 BCE - present
பலாப்பழம்,பலா,Tamil,300 BCE - present
பலாப்பழம்,பழம்,Tamil,300 BCE - present
பீர்க்கங்காய்,பீர்க்கம்,Tamil,300 BCE - present
பீர்க்கங்காய்,காய்,Tamil,300 BCE - present
கமலம்,कमल,Sanskrit,1500 BCE - present (liturgical/classical)
பதுமம்,पद्म,Sanskrit,1500 BCE - present (liturgical/classical)
கோவைக்காய்,கோவை,Tamil,300 BCE - present
கோவைக்காய்,காய்,Tamil,300 BCE - present
மிருகம்,मृग,Sanskrit,1500 BCE - present (liturgical/classical)
அடுப்பு,அடு,Tamil,300 BCE - present
அடுப்பு,-ப்பு,Tamil,300 BCE - present
மதியம்,मध्य,Sanskrit,1500 BCE - present (liturgical/classical)
கடல்நீர்,கடல்,Tamil,300 BCE - present
கடல்நீர்,நீர்,Tamil,300 BCE - present
பயணம்,प्रयाण,Sanskrit,1500 BCE - present (liturgical/classical)
பகரம்,*pakal,Proto-Dravidian,3000 BCE - 1500 BCE (disputed)
பகல்,*pakal,Proto-Dravidian,3000 BCE - 1500 BCE (disputed)
பயம்,भय,Sanskrit,1500 BCE - present (liturgical/classical)
பயம்,पयस्,Sanskrit,1500 BCE - present (liturgical/classical)
பயம்,फल,Sanskrit,1500 BCE - present (liturgical/classical)
மனம்,मनस्,Sanskrit,1500 BCE - present (liturgical/classical)
மண்டலம்,மண்,Tamil,300 BCE - present
மண்டலம்,தலம்,Tamil,300 BCE - present
மண்டலம்,मण्डल,Sanskrit,1500 BCE - present (liturgical/classical)
வானம்,वान,Sanskrit,1500 BCE - present (liturgical/classical)
பேச்சாளர்,*pēẓ- ~ *pēč-,Proto-Dravidian,3000 BCE - 1500 BCE (disputed)
திராட்சை,द्राक्षा,Sanskrit,1500 BCE - present (liturgical/classical)
பேச்சுவார்த்தை,பேச்சு,Tamil,300 BCE - present
பேச்சுவார்த்தை,வார்த்தை,Tamil,300 BCE - present
பேச்சு,*pēẓ- ~ *pēc-,Proto-Dravidian,3000 BCE - 1500 BCE (disputed)
பழந்தின்னி வௌவால்,பழந்தின்னி,Tamil,300 BCE - present
பழந்தின்னி வௌவால்,வௌவால்,Tamil,300 BCE - present
சோதிடம்,ज्योतिष,Sanskrit,1500 BCE - present (liturgical/classical)
ஆயுதம்,आयुध,Sanskrit,1500 BCE - present (liturgical/classical)
இசைக்கருவி,இசை,Tamil,300 BCE - present
இசைக்கருவி,கருவி,Tamil,300 BCE - present
இசை கருவி,இசை,Tamil,300 BCE - present
இசை கருவி,கருவி,Tamil,300 BCE - present
இசைப்பாட்டு,இசை,Tamil,300 BCE - present
இசைப்பாட்டு,பாட்டு,Tamil,300 BCE - present
வேதம்,वेद,Sanskrit,1500 BCE - present (liturgical/classical)
சமயம்,समय,Sanskrit,1500 BCE - present (liturgical/classical)
மதம்,मत,Sanskrit,1500 BCE - present (liturgical/classical)
மதம்,मद,Sanskrit,1500 BCE - present (liturgical/classical)
ஞானம்,𑀜𑀸𑀷𑀫𑁆,Old Tamil,300 BCE - 700 CE
ஞானம்,ज्ञान,Sanskrit,1500 BCE - present (liturgical/classical)
சந்தனம்,चन्दन,Sanskrit,1500 BCE - present (liturgical/classical)
கூரைவீடு,கூரை,Tamil,300 BCE - present
கூரைவீடு,வீடு,Tamil,300 BCE - present
கட்சி,कक्ष,Sanskrit,1500 BCE - present (liturgical/classical)
எங்கே,*yā,Proto-Dravidian,3000 BCE - 1500 BCE (disputed)
கருப்பை,கரு,Tamil,300 BCE - present
கருப்பை,பை,Tamil,300 BCE - present
கருப்பை,गर्भ,Sanskrit,1500 BCE - present (liturgical/classical)
இரைப்பை,இரை,Tamil,300 BCE - present
இரைப்பை,பை,Tamil,300 BCE - present
சினைப்பை,சினை,Tamil,300 BCE - present
சினைப்பை,பை,Tamil,300 BCE - present
கைப்பை,கை,Tamil,300 BCE - present
கைப்பை,பை,Tamil,300 BCE - present
காகிதம்,𑀓𑀸𑀕𑀤,Prakrit,500 BCE - 1000 CE
காகிதம்,کاغذ‎,Persian,1000 CE - present
மலம்,मल,Sanskrit,1500 BCE - present (liturgical/classical)
பித்தப்பை,பித்தம்,Tamil,300 BCE - present
பித்தப்பை,பை,Tamil,300 BCE - present
கதை,कथा,Sanskrit,1500 BCE - present (liturgical/classical)
சிறுகதை,சிறு,Tamil,300 BCE - present
சிறுகதை,கதை,Tamil,300 BCE - present
அத்தை,*atta,Proto-Dravidian,3000 BCE - 1500 BCE (disputed)
அம்மாய்,அம்மா,Tamil,300 BCE - present
அம்மாய்,ஆய்,Tamil,300 BCE - present
ஊர்க்கதை,ஊர்,Tamil,300 BCE - present
ஊர்க்கதை,கதை,Tamil,300 BCE - present
ஊர்காவல்,ஊர்,Tamil,300 BCE - present
ஊர்காவல்,காவல்,Tamil,300 BCE - present
ஊர்வன,ஊர்,Tamil,300 BCE - present
ஊர்வன,இனம்,Tamil,300 BCE - present
வலி,बल,Sanskrit,1500 BCE - present (liturgical/classical)
களம்,काल,Sanskrit,1500 BCE - present (liturgical/classical)
களம்,कलत्र,Sanskrit,1500 BCE - present (liturgical/classical)
களம்,गल,Sanskrit,1500 BCE - present (liturgical/classical)
ரவை,लव,Sanskrit,1500 BCE - present (liturgical/classical)
லட்டு,लड्डू,Sanskrit,1500 BCE - present (liturgical/classical)
பாயசம்,पायस,Sanskrit,1500 BCE - present (liturgical/classical)
வடை,वड़ा,Hindi,not available
வடைப்பருப்பு,வடை,Tamil,300 BCE - present
வடைப்பருப்பு,பருப்பு,Tamil,300 BCE - present
பார்வையாளர்,பார்வை,Tamil,300 BCE - present
பார்வையாளர்,-ஆளர்,Tamil,300 BCE - present
பார்வை,பார்,Tamil,300 BCE - present
பார்வை,வை,Tamil,300 BCE - present
சாதம்,जात,Sanskrit,1500 BCE - present (liturgical/classical)
அன்னம்,हंस,Sanskrit,1500 BCE - present (liturgical/classical)
தேங்காய்,தென்னம்,Tamil,300 BCE - present
தேங்காய்,காய்,Tamil,300 BCE - present
தேங்காய்,*tenkāy,Proto-Dravidian,3000 BCE - 1500 BCE (disputed)
மிளகாய்,மிள-,Tamil,300 BCE - present
மிளகாய்,காய்,Tamil,300 BCE - present
ஆலமரம்,ஆல்,Tamil,300 BCE - present
ஆலமரம்,மரம்,Tamil,300 BCE - present
துவாரம்,द्वार,Sanskrit,1500 BCE - present (liturgical/classical)
அமிர்தம்,अमृत,Sanskrit,1500 BCE - present (liturgical/classical)
அமிர்தம்,*amŕ̥tas,Proto-Indo-Aryan,2000 BCE - 1500 BCE
அமிர்தம்,*amŕ̥tas,Proto-Indo-Iranian,2200 BCE - 1800 BCE
அமிர்தம்,*n̥mr̥tós,Proto-Indo-European,4500 BCE - 2500 BCE
குவளை,गोला,Sanskrit,1500 BCE - present (liturgical/classical)
கோமான்,*kōn,Proto-Dravidian,3000 BCE - 1500 BCE (disputed)
கோ,*kō,Proto-Dravidian,3000 BCE - 1500 BCE (disputed)
கோட்டை,*kōṭṭ,Proto-Dravidian,3000 BCE - 1500 BCE (disputed)
ஸ்தலம்,स्थल,Sanskrit,1500 BCE - present (liturgical/classical)
தேசபாஷை,देश,Sanskrit,1500 BCE - present (liturgical/classical)
தேசாதிபதி,देश,Sanskrit,1500 BCE - present (liturgical/classical)
தேசாசாரம்,देश,Sanskrit,1500 BCE - present (liturgical/classical)
இல்லகம்,இல்,Tamil,300 BCE - present
இல்லகம்,அகம்,Tamil,300 BCE - present
இல்லாள்,இல்,Tamil,300 BCE - present
இல்லாள்,ஆள்,Tamil,300 BCE - present
மார்பகம்,மார்பு,Tamil,300 BCE - present
மார்பகம்,அகம்,Tamil,300 BCE - present
குணம்,गुण,Sanskrit,1500 BCE - present (liturgical/classical)
பெயர்வேற்றுமை,பெயர்,Tamil,300 BCE - present
பெயர்வேற்றுமை,வேற்றுமை,Tamil,300 BCE - present
இயல்புகணம்,இயல்பு,Tamil,300 BCE - present
இயல்புகணம்,கணம்,Tamil,300 BCE - present
கணம்,गण,Sanskrit,1500 BCE - present (liturgical/classical)
கணம்,क्षण,Sanskrit,1500 BCE - present (liturgical/classical)
பெயர்த்திரிசொல்,பெயர்,Tamil,300 BCE - present
பெயர்த்திரிசொல்,திரிசொல்,Tamil,300 BCE - present
பெயர்த்துரை,பெயர்,Tamil,300 BCE - present
பெயர்த்துரை,துரை,Tamil,300 BCE - present
பெயர்புறம்,பெயர்,Tamil,300 BCE - present
பெயர்புறம்,புறம்,Tamil,300 BCE - present
பெயர்வழி,பெயர்,Tamil,300 BCE - present
பெயர்வழி,வழி,Tamil,300 BCE - present
மழைநீர்,மழை,Tamil,300 BCE - present
மழைநீர்,நீர்,Tamil,300 BCE - present
தொழிற்சாலை,தொழில்,Tamil,300 BCE - present
தொழிற்சாலை,சாலை,Tamil,300 BCE - present
பரோட்டா,परोठा,Marathi,not available
அப்பம்,*appam,Proto-Dravidian,3000 BCE - 1500 BCE (disputed)
சப்பாத்தி,چپاتی,Urdu,not available
சமோசா,समोसा,Hindi,not available
மைதா,میده,Classical Persian,800 CE - 1900 CE
சீரகம்,जीरक,Sanskrit,1500 BCE - present (liturgical/classical)
புட்பம்,पुष्प,Sanskrit,1500 BCE - present (liturgical/classical)
அக்கினிகர்ப்பம்,अग्निगर्भ,Sanskrit,1500 BCE - present (liturgical/classical)
அக்கினிகுண்டம்,अग्नि,Sanskrit,1500 BCE - present (liturgical/classical)
அக்கினிகுண்டம்,कुण्ड,Sanskrit,1500 BCE - present (liturgical/classical)
அக்கினிச்சுவாலை,अग्नि,Sanskrit,1500 BCE - present (liturgical/classical)
குண்டம்,कुण्ड,Sanskrit,1500 BCE - present (liturgical/classical)
அக்கினிகோத்திரம்,अग्नि,Sanskrit,1500 BCE - present (liturgical/classical)
அக்கினிகோத்திரம்,होत्र,Sanskrit,1500 BCE - present (liturgical/classical)
அக்கினியாஸ்திரம்,आग्नेय,Sanskrit,1500 BCE - present (liturgical/classical)
அக்கினியாஸ்திரம்,अस्त्र,Sanskrit,1500 BCE - present (liturgical/classical)
தீனிப்பை,தீனி,Tamil,300 BCE - present
தீனிப்பை,பை,Tamil,300 BCE - present
தீனம்,दीना,Sanskrit,1500 BCE - present (liturgical/classical)
கரு,*kār,Proto-Dravidian,3000 BCE - 1500 BCE (disputed)
கண்மாய்,கம்,Tamil,300 BCE - present
கண்மாய்,வாய்,Tamil,300 BCE - present
அக்கினித்தம்பம்,அக்கினி,Tamil,300 BCE - present
அக்கினித்தம்பம்,தம்பம்,Tamil,300 BCE - present
நட்சத்திரமண்டலம்,நட்சத்திர,Tamil,300 BCE - present
நட்சத்திரமண்டலம்,மண்டலம்,Tamil,300 BCE - present
கண்ணீர்,கண்,Tamil,300 BCE - present
கண்ணீர்,நீர்,Tamil,300 BCE - present
தம்பம்,स्तम्भ,Sanskrit,1500 BCE - present (liturgical/classical)
குங்குமம்,कुङ्कुम,Sanskrit,1500 BCE - present (liturgical/classical)
துளசி,तुलसी,Sanskrit,1500 BCE - present (liturgical/classical)
மாங்கிஸ்,manggis,Malay,not available
மங்குசுத்தான்,manggustan,Malay,not available
தம்புரா,तानपूरा,Hindi,not available
தம்புரா,تنبور,Persian,1000 CE - present
இராகம்,राग,Sanskrit,1500 BCE - present (liturgical/classical)
வன்பொருள்,வன்மை,Tamil,300 BCE - present
வன்பொருள்,பொருள்,Tamil,300 BCE - present
தளம்,दल,Sanskrit,1500 BCE - present (liturgical/classical)
தாளம்,ताल,Sanskrit,1500 BCE - present (liturgical/classical)
சுருதி,श्रुति,Sanskrit,1500 BCE - present (liturgical/classical)
பெருக்கல்வாய்பாடு,பெருக்கல்,Tamil,300 BCE - present
பெருக்கல்வாய்பாடு,வாய்பாடு,Tamil,300 BCE - present
தாய்மொழி,தாய்,Tamil,300 BCE - present
தாய்மொழி,மொழி,Tamil,300 BCE - present
பிராயம்,प्राय,Sanskrit,1500 BCE - present (liturgical/classical)
மகிமை,महिमा,Sanskrit,1500 BCE - present (liturgical/classical)
ஸ்ரீ,श्री,Sanskrit,1500 BCE - present (liturgical/classical)
ரோகம்,रोग,Sanskrit,1500 BCE - present (liturgical/classical)
மருந்தகம்,மருந்து,Tamil,300 BCE - present
மருந்தகம்,அகம்,Tamil,300 BCE - present
வெடிமருந்து,வெடி,Tamil,300 BCE - present
வெடிமருந்து,மருந்து,Tamil,300 BCE - present
போதைமருந்து,போதை,Tamil,300 BCE - present
போதைமருந்து,மருந்து,Tamil,300 BCE - present
பேதிமருந்து,பேதி,Tamil,300 BCE - present
பேதிமருந்து,மருந்து,Tamil,300 BCE - present
மாற்றுமருந்து,மாற்று,Tamil,300 BCE - present
மாற்றுமருந்து,மருந்து,Tamil,300 BCE - present
மருந்துக்கடை,மருந்து,Tamil,300 BCE - present
மருந்துக்கடை,கடை,Tamil,300 BCE - present
உயிர்த்தெழு,உயிர்,Tamil,300 BCE - present
உயிர்த்தெழு,எழு,Tamil,300 BCE - present
உயிரிழப்பு,உயிர்,Tamil,300 BCE - present
உயிரிழப்பு,இழப்பு,Tamil,300 BCE - present
உயிர்வேதியியல்,உயிர்,Tamil,300 BCE - present
உயிர்வேதியியல்,வேதியியல்,Tamil,300 BCE - present
தமிழிலக்கணம்,தமிழ்,Tamil,300 BCE - present
தமிழிலக்கணம்,இலக்கணம்,Tamil,300 BCE - present
வாக்கியம்,वाक्य,Sanskrit,1500 BCE - present (liturgical/classical)
போதைப்பொருள்,போதை,Tamil,300 BCE - present
போதைப்பொருள்,பொருள்,Tamil,300 BCE - present
கவிஞர்,कवि,Sanskrit,1500 BCE - present (liturgical/classical)
போதை,बोध,Sanskrit,1500 BCE - present (liturgical/classical)
போதை,بودا,Urdu,not available
இனப்படுகொலை,இனம்,Tamil,300 BCE - present
இனப்படுகொலை,படுகொலை,Tamil,300 BCE - present
மெல்லினம்,மெல்,Tamil,300 BCE - present
மெல்லினம்,இனம்,Tamil,300 BCE - present
இடையினம்,இடை,Tamil,300 BCE - present
இடையினம்,இனம்,Tamil,300 BCE - present
வல்லினம்,வல்,Tamil,300 BCE - present
வல்லினம்,இனம்,Tamil,300 BCE - present
பாடசாலை,பாடம்,Tamil,300 BCE - present
பாடசாலை,சாலை,Tamil,300 BCE - present
பாடம்,पाठ,Sanskrit,1500 BCE - present (liturgical/classical)
தர்ச்சனி,तर्जनी,Sanskrit,1500 BCE - present (liturgical/classical)
தற்சனி,तर्जनी,Sanskrit,1500 BCE - present (liturgical/classical)
சுட்டுவிரல்,சுட்டு,Tamil,300 BCE - present
சுட்டுவிரல்,விரல்,Tamil,300 BCE - present
அங்குலி,अङ्गुली,Sanskrit,1500 BCE - present (liturgical/classical)
முஸ்லீம்,مُسْلِم,Arabic,600 CE - present
கரி,खरी,Sanskrit,1500 BCE - present (liturgical/classical)
அக்கு,अक्ष,Sanskrit,1500 BCE - present (liturgical/classical)
அக்கு,अक्षि,Sanskrit,1500 BCE - present (liturgical/classical)
அக்கு,حق,Urdu,not available
அக்கு,حق,Persian,1000 CE - present
அக்கு,حَقّ,Arabic,600 CE - present
இடியப்பம்,இடி,Tamil,300 BCE - present
இடியப்பம்,அப்பம்,Tamil,300 BCE - present
சிசு,शिशु,Sanskrit,1500 BCE - present (liturgical/classical)
பின்லாந்து,Finland,English,1550 CE - present
மனை,*manay,Proto-Dravidian,3000 BCE - 1500 BCE (disputed)
ஏனம்,एनस्,Sanskrit,1500 BCE - present (liturgical/classical)
பாவம்,पाप,Sanskrit,1500 BCE - present (liturgical/classical)
விதி,विधि,Sanskrit,1500 BCE - present (liturgical/classical)
யூதம், יהודה,Hebrew,900 BCE - 500 CE
யூதம்,यूथ,Sanskrit,1500 BCE - present (liturgical/classical)
இசுலாம், إسلام,Arabic,600 CE - present
காரணம்,कारण,Sanskrit,1500 BCE - present (liturgical/classical)
நாகரிகம்,नागरिक,Sanskrit,1500 BCE - present (liturgical/classical)
செய்தித்தாள்,செய்தி,Tamil,300 BCE - present
செய்தித்தாள்,தாள்,Tamil,300 BCE - present
மணித்தக்காளி,மணி,Tamil,300 BCE - present
மணித்தக்காளி,தக்காளி,Tamil,300 BCE - present
கடம்பு,कदम्ब,Sanskrit,1500 BCE - present (liturgical/classical)
இருப்பாணி,இரும்பு,Tamil,300 BCE - present
இருப்பாணி,ஆணி,Tamil,300 BCE - present
குறியீடு,குறி,Tamil,300 BCE - present
குறியீடு,ஈடு,Tamil,300 BCE - present
கருதுகோள்,கருத்து,Tamil,300 BCE - present
கர்ப்பக்கிருகம்,गर्भगृह,Sanskrit,1500 BCE - present (liturgical/classical)
கருத்துரு,கருத்து,Tamil,300 BCE - present
கருத்துரு,உரு,Tamil,300 BCE - present
அர்த்தம்,अर्थ,Sanskrit,1500 BCE - present (liturgical/classical)
வடிவம்,வடிவு,Tamil,300 BCE - present
வடிவம்,அம்,Tamil,300 BCE - present
அர்த்தசாமம்,अर्ध,Sanskrit,1500 BCE - present (liturgical/classical)
நிர்ணயம்,निर्णय,Sanskrit,1500 BCE - present (liturgical/classical)
இறுதித்தேர்வு,இறுதி,Tamil,300 BCE - present
இறுதித்தேர்வு,தேர்வு,Tamil,300 BCE - present
வங்கிக்கணக்கு,வங்கி,Tamil,300 BCE - present
வங்கிக்கணக்கு,கணக்கு,Tamil,300 BCE - present
பயன்பாடு,பயன்,Tamil,300 BCE - present
பயன்பாடு,பாடு,Tamil,300 BCE - present
வங்கி,bank,English,1550 CE - present
மலையாளம்,மலை,Tamil,300 BCE - present
மலையாளம்,ஆள்,Tamil,300 BCE - present
மலையாளம்,-அம்,Tamil,300 BCE - present
ஆயம்,आय,Sanskrit,1500 BCE - present (liturgical/classical)
நுழைவுத்தேர்வு,நுழைவு,Tamil,300 BCE - present
நுழைவுத்தேர்வு,தேர்வு,Tamil,300 BCE - present
ஆராய்ச்சிக்கூடம்,ஆராய்ச்சி,Tamil,300 BCE - present
ஆராய்ச்சிக்கூடம்,கூடம்,Tamil,300 BCE - present
தேர்வுக்கூடம்,தேர்வு,Tamil,300 BCE - present
தேர்வுக்கூடம்,கூடம்,Tamil,300 BCE - present
கலைக்கூடம்,கலை,Tamil,300 BCE - present
கலைக்கூடம்,கூடம்,Tamil,300 BCE - present
எழுத்துத்தேர்வு,எழுத்து,Tamil,300 BCE - present
எழுத்துத்தேர்வு,தேர்வு,Tamil,300 BCE - present
கையெழுத்து,கை,Tamil,300 BCE - present
கையெழுத்து,எழுத்து,Tamil,300 BCE - present
கூட்டெழுத்து,கூட்டு,Tamil,300 BCE - present
கூட்டெழுத்து,எழுத்து,Tamil,300 BCE - present
கூட்டுக்கணக்கு,கூட்டு,Tamil,300 BCE - present
கூட்டுக்கணக்கு,கணக்கு,Tamil,300 BCE - present
தகவமைப்பு,தகவு,Tamil,300 BCE - present
தகவமைப்பு,அமைப்பு,Tamil,300 BCE - present
சமாதானம்,समाधान,Sanskrit,1500 BCE - present (liturgical/classical)
வண்டி,भाण्ड,Sanskrit,1500 BCE - present (liturgical/classical)
புழு,*puẓ-u,Proto-Dravidian,3000 BCE - 1500 BCE (disputed)
கூக்குரல்,கூ,Tamil,300 BCE - present
கூக்குரல்,குரல்,Tamil,300 BCE - present
வில்வம்,विल्व,Sanskrit,1500 BCE - present (liturgical/classical)
கக்கூசு,kakhuis,Dutch,1500 CE - present
மிதழ்,*metVẓ,Proto-Dravidian,3000 BCE - 1500 BCE (disputed)
சதை,*čatay,Proto-Dravidian,3000 BCE - 1500 BCE (disputed)
வாத்து,بتک,Urdu,not available
தேசிய,देशीय,Sanskrit,1500 BCE - present (liturgical/classical)
பெட்ரோல்,petrol,English,1550 CE - present
படகு,*paḍak-,Proto-Dravidian,3000 BCE - 1500 BCE (disputed)
காட்டெருமை,காடு,Tamil,300 BCE - present
காட்டெருமை,எருமை,Tamil,300 BCE - present
ரும்மான்,رمان,Arabic,600 CE - present
ரிஷி,ऋषि,Sanskrit,1500 BCE - present (liturgical/classical)
ரிஷபம்,ऋषभ,Sanskrit,1500 BCE - present (liturgical/classical)
போனகம்,𑀪𑁄𑀅𑀡,Prakrit,500 BCE - 1000 CE
போனகம்,भोजन,Sanskrit,1500 BCE - present (liturgical/classical)
இன்கண்,இன்,Tamil,300 BCE - present
இன்கண்,கண்,Tamil,300 BCE - present
கீழ்ப்பாகம்,கீழ்,Tamil,300 BCE - present
கீழ்ப்பாகம்,பாகம்,Tamil,300 BCE - present
பாகம்,भाग,Sanskrit,1500 BCE - present (liturgical/classical)
பாகம்,पाक,Sanskrit,1500 BCE - present (liturgical/classical)
பாகம்,भग,Sanskrit,1500 BCE - present (liturgical/classical)
கயிரவம்,कैरव,Sanskrit,1500 BCE - present (liturgical/classical)
கயம்,गज,Sanskrit,1500 BCE - present (liturgical/classical)
கயம்,khaya,Pali,500 BCE - 1 CE
கயம்,क्षय,Sanskrit,1500 BCE - present (liturgical/classical)
பள்ளிக்கல்வி,பள்ளி,Tamil,300 BCE - present
பள்ளிக்கல்வி,கல்வி,Tamil,300 BCE - present
அபிமானம்,अभिमान,Sanskrit,1500 BCE - present (liturgical/classical)
தர்ஜமா,ترجمہ,Urdu,not available
தர்ஜமா,ترجمه,Persian,1000 CE - present
தர்ஜமா,تَرْجُمَة,Arabic,600 CE - present
சிறப்பு வெளியீடு,சிறப்பு,Tamil,300 BCE - present
சிறப்பு வெளியீடு,வெளியீடு,Tamil,300 BCE - present
வெளியீடு,வெளி,Tamil,300 BCE - present
வெளியீடு,இடு,Tamil,300 BCE - present
மந்தைவெளி,மந்தை,Tamil,300 BCE - present
மந்தைவெளி,வெளி,Tamil,300 BCE - present
திருமண்,திரு,Tamil,300 BCE - present
திருமண்,மண்,Tamil,300 BCE - present
வியாபாரி,व्यापारिन्,Sanskrit,1500 BCE - present (liturgical/classical)
வியாபாரம்,व्यापार,Sanskrit,1500 BCE - present (liturgical/classical)
அடிமுடி,அடி,Tamil,300 BCE - present
அடிமுடி,முடி,Tamil,300 BCE - present
வங்கிக்கடன்,வங்கி,Tamil,300 BCE - present
வங்கிக்கடன்,கடன்,Tamil,300 BCE - present
அடிப்பாகம்,அடி,Tamil,300 BCE - present
அடிப்பாகம்,பாகம்,Tamil,300 BCE - present
அடிப்பகுதி,அடி,Tamil,300 BCE - present
அடிப்பகுதி,பகுதி,Tamil,300 BCE - present
அடித்தட்டு,அடி,Tamil,300 BCE - present
அடித்தட்டு,தட்டு,Tamil,300 BCE - present
கொக்குமந்தாரை,கொக்கு,Tamil,300 BCE - present
கொக்குமந்தாரை,மந்தாரை,Tamil,300 BCE - present
ராஜீயவாதி,राज्य,Sanskrit,1500 BCE - present (liturgical/classical)
காண்டீவம்,गाण्डिव,Sanskrit,1500 BCE - present (liturgical/classical)
சின்னக்கரடி,சின்ன,Tamil,300 BCE - present
சின்னக்கரடி,கரடி,Tamil,300 BCE - present
செல்வம்,*cel-,Proto-Dravidian,3000 BCE - 1500 BCE (disputed)
பணாகரம்,फणकर,Sanskrit,1500 BCE - present (liturgical/classical)
பணி,फणिन्,Sanskrit,1500 BCE - present (liturgical/classical)
பணிக்கன்,பணி,Tamil,300 BCE - present
பணிக்கன்,கன்,Tamil,300 BCE - present
பணிகோள்,பணி,Tamil,300 BCE - present
பணிகோள்,கோள்,Tamil,300 BCE - present
பணிதி,भणिति,Sanskrit,1500 BCE - present (liturgical/classical)
பணிமுட்டு,பணி,Tamil,300 BCE - present
பணிமுட்டு,முட்டு,Tamil,300 BCE - present
சிந்து,सिन्धु,Sanskrit,1500 BCE - present (liturgical/classical)
முள்ளங்கிழங்கு,முள்,Tamil,300 BCE - present
முள்ளங்கிழங்கு,கிழங்கு,Tamil,300 BCE - present
பூரணமி,पूर्णिमा,Sanskrit,1500 BCE - present (liturgical/classical)
முட்டுக்கால்,முட்டு,Tamil,300 BCE - present
முட்டுக்கால்,கால்,Tamil,300 BCE - present
தந்திரவாயன்,तन्त्रवाय,Sanskrit,1500 BCE - present (liturgical/classical)
சலகம்,शलाका,Sanskrit,1500 BCE - present (liturgical/classical)
கொடுவாள்,கொடு,Tamil,300 BCE - present
கொடுவாள்,வாள்,Tamil,300 BCE - present
காண்டம்,काण्ड,Sanskrit,1500 BCE - present (liturgical/classical)
சினகரம்,+,Sanskrit,1500 BCE - present (liturgical/classical)
சினேகம்,स्नेह,Sanskrit,1500 BCE - present (liturgical/classical)
சிஷ்டம்,शिष्ट,Sanskrit,1500 BCE - present (liturgical/classical)
மாணவன்,मानव,Sanskrit,1500 BCE - present (liturgical/classical)
கஞ்சா,गञ्जा,Sanskrit,1500 BCE - present (liturgical/classical)
நதி,नदी,Sanskrit,1500 BCE - present (liturgical/classical)
நதி,नति,Sanskrit,1500 BCE - present (liturgical/classical)
நதிகேள்வன்,நதி,Tamil,300 BCE - present
நதிகேள்வன்,"
கோள்வன்",Tamil,300 BCE - present
நத்தம்,नक्त,Sanskrit,1500 BCE - present (liturgical/classical)
நத்தம்,नक्तमाल,Sanskrit,1500 BCE - present (liturgical/classical)
அருக்கன்,अर्क,Sanskrit,1500 BCE - present (liturgical/classical)
அருக்கன்வீதி,அருக்கன்,Tamil,300 BCE - present
அருக்கன்வீதி,வீதி,Tamil,300 BCE - present
கிரி,गिरि,Sanskrit,1500 BCE - present (liturgical/classical)
வெளிநாடு,வெளி,Tamil,300 BCE - present
வெளிநாடு,நாடு,Tamil,300 BCE - present
அம்பரம்,अम्बर,Sanskrit,1500 BCE - present (liturgical/classical)
கபோதகம்,कपोतिका,Sanskrit,1500 BCE - present (liturgical/classical)
கபோதம்,कपोत,Sanskrit,1500 BCE - present (liturgical/classical)
தேசீயவியக்கம்,தேசியம்,Tamil,300 BCE - present
தேசீயவியக்கம்,இயக்கம்,Tamil,300 BCE - present
அவர்,*a-,Proto-Dravidian,3000 BCE - 1500 BCE (disputed)
சச்சம்,सत्य,Sanskrit,1500 BCE - present (liturgical/classical)
சத்து,सत्,Sanskrit,1500 BCE - present (liturgical/classical)
நந்தி,नन्दि,Sanskrit,1500 BCE - present (liturgical/classical)
உருளைக்கிழங்கு,உருளை,Tamil,300 BCE - present
உருளைக்கிழங்கு,கிழங்கு,Tamil,300 BCE - present
காதை,कथा,Sanskrit,1500 BCE - present (liturgical/classical)
காதை,गाथा,Sanskrit,1500 BCE - present (liturgical/classical)
காதை,घात,Sanskrit,1500 BCE - present (liturgical/classical)
விரிகோணம்,விரி,Tamil,300 BCE - present
விரிகோணம்,கோணம்,Tamil,300 BCE - present
சிவளிகைக்கச்சு,சிவளிகை,Tamil,300 BCE - present
சிவளிகைக்கச்சு,கச்சு,Tamil,300 BCE - present
வாயின்மாடம்,வாயில்,Tamil,300 BCE - present
வாயின்மாடம்,மாடம்,Tamil,300 BCE - present
வாயு,वायु,Sanskrit,1500 BCE - present (liturgical/classical)
நட்டம்,नट,Sanskrit,1500 BCE - present (liturgical/classical)
மண்டபம்,मण्डप,Sanskrit,1500 BCE - present (liturgical/classical)
மஹால்,مَحَلّ,Arabic,600 CE - present
பாரதம்,भारत,Sanskrit,1500 BCE - present (liturgical/classical)
வெறுங்காய்,வெறு,Tamil,300 BCE - present
வெறுங்காய்,காய்,Tamil,300 BCE - present
வாய்க்கால்,வாய்,Tamil,300 BCE - present
வாய்க்கால்,கால்,Tamil,300 BCE - present
பண்டாரவாய்க்கால்,பண்டார,Tamil,300 BCE - present
பண்டாரவாய்க்கால்,வாய்,Tamil,300 BCE - present
பண்டாரவாய்க்கால்,கால்,Tamil,300 BCE - present
மதி,मति,Sanskrit,1500 BCE - present (liturgical/classical)
விடர்,वृष,Sanskrit,1500 BCE - present (liturgical/classical)
வாழை,*wāẓ-a-,Proto-Dravidian,3000 BCE - 1500 BCE (disputed)
முளரி,*muḷ,Proto-Dravidian,3000 BCE - 1500 BCE (disputed)
இளம்பிறை,இளம்,Tamil,300 BCE - present
இளம்பிறை,பிறை,Tamil,300 BCE - present
நிலாவெளிச்சம்,நிலா,Tamil,300 BCE - present
நிலாவெளிச்சம்,வெளிச்சம்,Tamil,300 BCE - present
நிலவொளி,நிலவு,Tamil,300 BCE - present
நிலவொளி,ஒளி,Tamil,300 BCE - present
சந்திரப்பிரபை,சந்திர,Tamil,300 BCE - present
சந்திரப்பிரபை,பிரபை,Tamil,300 BCE - present
சந்திரன்,चन्द्र,Sanskrit,1500 BCE - present (liturgical/classical)
பூகண்டம்,பூ,Tamil,300 BCE - present
பூகண்டம்,கண்டம்,Tamil,300 BCE - present
சந்திராதபம்,சந்திர,Tamil,300 BCE - present
சந்திராதபம்,தபம்,Tamil,300 BCE - present
புத்தாண்டு,புது,Tamil,300 BCE - present
புத்தாண்டு,ஆண்டு,Tamil,300 BCE - present
பிரபை,प्रभा,Sanskrit,1500 BCE - present (liturgical/classical)
சித்திரை,चित्रा,Sanskrit,1500 BCE - present (liturgical/classical)
அச்சுவினி,अश्विनी,Sanskrit,1500 BCE - present (liturgical/classical)
பரணி,भरणी,Sanskrit,1500 BCE - present (liturgical/classical)
கார்த்திகை,कृत्तिका,Sanskrit,1500 BCE - present (liturgical/classical)
உறுப்பிசைக்குறி,உறுப்பிசை,Tamil,300 BCE - present
உறுப்பிசைக்குறி,குறி,Tamil,300 BCE - present
மெய்ப்பாட்டிசைக்குறி,மெய்ப்பாட்டிசை,Tamil,300 BCE - present
மெய்ப்பாட்டிசைக்குறி,குறி,Tamil,300 BCE - present
இருப்புப்பாதை,இரும்பு,Tamil,300 BCE - present
இருப்புப்பாதை,பாதை,Tamil,300 BCE - present
வாராவதி,வார்,Tamil,300 BCE - present
வாராவதி,வதி,Tamil,300 BCE - present
வார்,वार्,Sanskrit,1500 BCE - present (liturgical/classical)
வார்,वर्ध्र,Sanskrit,1500 BCE - present (liturgical/classical)
அரண்மனை,அரண்,Tamil,300 BCE - present
அரண்மனை,மனை,Tamil,300 BCE - present
லங்கர்,لنگر,Persian,1000 CE - present
பர்ணம்,पर्ण,Sanskrit,1500 BCE - present (liturgical/classical)
பட்சி,पक्षिन्,Sanskrit,1500 BCE - present (liturgical/classical)
சிற்பம்,शिल्प,Sanskrit,1500 BCE - present (liturgical/classical)
சரித்திரம்,चरित्र,Sanskrit,1500 BCE - present (liturgical/classical)
வரலாறு,வரல்,Tamil,300 BCE - present
வரலாறு,ஆறு,Tamil,300 BCE - present
கல்வெட்டியல்,கல்வெட்டு,Tamil,300 BCE - present
கல்வெட்டியல்,இயல்,Tamil,300 BCE - present
கல்வெட்டு,கல்,Tamil,300 BCE - present
கல்வெட்டு,வெட்டு,Tamil,300 BCE - present
குகை,गुहा,Sanskrit,1500 BCE - present (liturgical/classical)
கற்பாழி,கல்,Tamil,300 BCE - present
கற்பாழி,பாழி,Tamil,300 BCE - present
சருமம்,चर्मन्,Sanskrit,1500 BCE - present (liturgical/classical)
சவால்,سؤال,Persian,1000 CE - present
சவால்,سُؤَال,Arabic,600 CE - present
சவால்,سوال,Urdu,not available
பேய்,प्रेत,Sanskrit,1500 BCE - present (liturgical/classical)
சிவப்புக்கல்,சிவப்பு,Tamil,300 BCE - present
சிவப்புக்கல்,கல்,Tamil,300 BCE - present
பச்சைக்கல்,பச்சை,Tamil,300 BCE - present
பச்சைக்கல்,கல்,Tamil,300 BCE - present
விசைத்தறி,விசை,Tamil,300 BCE - present
விசைத்தறி,தறி,Tamil,300 BCE - present
உரோமம்,𑀉𑀭𑁄𑀫𑀫𑁆,Old Tamil,300 BCE - 700 CE
உரோமம்,रोमन्,Sanskrit,1500 BCE - present (liturgical/classical)
முதலுதவி,முதல்,Tamil,300 BCE - present
முதலுதவி,உதவி,Tamil,300 BCE - present
விவசாயம்,व्यवसाय,Sanskrit,1500 BCE - present (liturgical/classical)
மழைக்காலம்,மழை,Tamil,300 BCE - present
மழைக்காலம்,காலம்,Tamil,300 BCE - present
கனமழை,கனம்,Tamil,300 BCE - present
கனமழை,மழை,Tamil,300 BCE - present
வேகம்,वेग,Sanskrit,1500 BCE - present (liturgical/classical)
நகரப்பதி,நகர்,Tamil,300 BCE - present
நகரப்பதி,பதி,Tamil,300 BCE - present
நகர்,𑀦𑀓𑀭𑁆,Old Tamil,300 BCE - 700 CE
நகர்,नगर,Sanskrit,1500 BCE - present (liturgical/classical)
நகரமாந்தர்,நகர்,Tamil,300 BCE - present
நகரமாந்தர்,மாந்தர்,Tamil,300 BCE - present
உச்சவம்,ucchava,Maharastri Prakrit,1 CE - 700 CE
கொல்லற்றுவேலை,கொல்லறு,Tamil,300 BCE - present
கொல்லற்றுவேலை,வேலை,Tamil,300 BCE - present
வேலைநேரம்,வேலை,Tamil,300 BCE - present
வேலைநேரம்,நேரம்,Tamil,300 BCE - present
வேலைநாணயம்,வேலை,Tamil,300 BCE - present
வேலைநாணயம்,நாணயம்,Tamil,300 BCE - present
வேலைக்கூலி,வேலை,Tamil,300 BCE - present
வேலைக்கூலி,கூலி,Tamil,300 BCE - present
கெட்டம்,गण्ड,Sanskrit,1500 BCE - present (liturgical/classical)
மாரடைப்பு,மார்,Tamil,300 BCE - present
மாரடைப்பு,அடைப்பு,Tamil,300 BCE - present
மாநிலம்,மா,Tamil,300 BCE - present
மாநிலம்,நிலம்,Tamil,300 BCE - present
அடைக்கலக்குருவி,அடைக்கலம்,Tamil,300 BCE - present
அடைக்கலக்குருவி,குருவி,Tamil,300 BCE - present
பழமொழி,பழ,Tamil,300 BCE - present
பழமொழி,மொழி,Tamil,300 BCE - present
பழம்பாடம்,பழம்,Tamil,300 BCE - present
பழம்பாடம்,பாடம்,Tamil,300 BCE - present
செங்கல்,செங்,Tamil,300 BCE - present
செங்கல்,கல்,Tamil,300 BCE - present
செங்கல்மால்,செங்கல்,Tamil,300 BCE - present
செங்கல்மால்,மால்,Tamil,300 BCE - present
கல்விநிலையம்,கல்வி,Tamil,300 BCE - present
கல்விநிலையம்,நிலையம்,Tamil,300 BCE - present
திநாரம்,दीनार,Sanskrit,1500 BCE - present (liturgical/classical)
திதி,तिथि,Sanskrit,1500 BCE - present (liturgical/classical)
திதி,स्थिति,Sanskrit,1500 BCE - present (liturgical/classical)
காற்றழுத்தம்,காற்று,Tamil,300 BCE - present
காற்றழுத்தம்,அழுத்தம்,Tamil,300 BCE - present
பெருச்சாளி,பெருத்த,Tamil,300 BCE - present
பெருச்சாளி,எலி,Tamil,300 BCE - present
காட்டுப்பயிர்,காடு,Tamil,300 BCE - present
காட்டுப்பயிர்,பயிர்,Tamil,300 BCE - present
வழிவகை,வழி,Tamil,300 BCE - present
வழிவகை,வகை,Tamil,300 BCE - present
சிற்றுண்டி,சிறுமை,Tamil,300 BCE - present
சிற்றுண்டி,உண்டி,Tamil,300 BCE - present
தனியா,धनिया,Hindi,not available
கோடாலி,कुठार,Sanskrit,1500 BCE - present (liturgical/classical)
பதவி,पदवी,Sanskrit,1500 BCE - present (liturgical/classical)
சீமைச்சீரகம்,சீமை,Tamil,300 BCE - present
சீமைச்சீரகம்,சீரகம்,Tamil,300 BCE - present
மஞ்சள்முள்ளங்கி,மஞ்சள்,Tamil,300 BCE - present
மஞ்சள்முள்ளங்கி,முள்ளங்கி,Tamil,300 BCE - present
சிற்றூர்,சிறிய,Tamil,300 BCE - present
சிற்றூர்,ஊர்,Tamil,300 BCE - present
பணவீக்கம்,பணம்,Tamil,300 BCE - present
பணவீக்கம்,வீக்கம்,Tamil,300 BCE - present
பணப்பை,பணம்,Tamil,300 BCE - present
பணப்பை,பை,Tamil,300 BCE - present
ஊர்வலம்,ஊர்,Tamil,300 BCE - present
ஊர்வலம்,வலம்,Tamil,300 BCE - present
போதைப்பழக்கம்,போதை,Tamil,300 BCE - present
போதைப்பழக்கம்,பழக்கம்,Tamil,300 BCE - present
அந்த,*a-,Proto-Dravidian,3000 BCE - 1500 BCE (disputed)
அனை,*a-,Proto-Dravidian,3000 BCE - 1500 BCE (disputed)
அங்கண்,*a-,Proto-Dravidian,3000 BCE - 1500 BCE (disputed)
அங்கு,*a-,Proto-Dravidian,3000 BCE - 1500 BCE (disputed)
அங்கே,*a-,Proto-Dravidian,3000 BCE - 1500 BCE (disputed)
அங்கோடிங்கோடு,அங்கோடு,Tamil,300 BCE - present
அங்கோடிங்கோடு,இங்கோடு,Tamil,300 BCE - present
அங்ஙனம்,அ,Tamil,300 BCE - present
அங்ஙனம்,ஙனம்,Tamil,300 BCE - present
அங்ஙனம்,*a-,Proto-Dravidian,3000 BCE - 1500 BCE (disputed)
அங்காலே,*a-,Proto-Dravidian,3000 BCE - 1500 BCE (disputed)
அதோள்,*a-,Proto-Dravidian,3000 BCE - 1500 BCE (disputed)
அங்கிட்டு,*a-,Proto-Dravidian,3000 BCE - 1500 BCE (disputed)
அந்தண்டை,அந்த,Tamil,300 BCE - present
அந்தண்டை,அண்டை,Tamil,300 BCE - present
அம்பர்,*a-,Proto-Dravidian,3000 BCE - 1500 BCE (disputed)
ஆண்டை,*a-,Proto-Dravidian,3000 BCE - 1500 BCE (disputed)
அத்தனை,அ,Tamil,300 BCE - present
அத்தனை,தனை,Tamil,300 BCE - present
அத்தனை,*a-,Proto-Dravidian,3000 BCE - 1500 BCE (disputed)
அவ்வது,*a-,Proto-Dravidian,3000 BCE - 1500 BCE (disputed)
அவ்வண்ணம்,*a-,Proto-Dravidian,3000 BCE - 1500 BCE (disputed)
அவ்,*a-,Proto-Dravidian,3000 BCE - 1500 BCE (disputed)
அவ்வழி,*a-,Proto-Dravidian,3000 BCE - 1500 BCE (disputed)
அவ்வருகு,அ,Tamil,300 BCE - present
அவ்வருகு,அருகு,Tamil,300 BCE - present
அவ்வருகு,*a-,Proto-Dravidian,3000 BCE - 1500 BCE (disputed)
அவ்வாறு,அ,Tamil,300 BCE - present
அவ்வாறு,ஆறு,Tamil,300 BCE - present
அவ்வாறு,*a-,Proto-Dravidian,3000 BCE - 1500 BCE (disputed)
அவ்விடம்,அ,Tamil,300 BCE - present
அவ்விடம்,இடம்,Tamil,300 BCE - present
அவ்விடம்,*a-,Proto-Dravidian,3000 BCE - 1500 BCE (disputed)
அவ்வோன்,*a-,Proto-Dravidian,3000 BCE - 1500 BCE (disputed)
அவ்வோ,*a-,Proto-Dravidian,3000 BCE - 1500 BCE (disputed)
அவண்,*a-,Proto-Dravidian,3000 BCE - 1500 BCE (disputed)
அப்பொழுது,அ,Tamil,300 BCE - present
அப்பொழுது,பொழுது,Tamil,300 BCE - present
ஆயுள்,அ,Tamil,300 BCE - present
ஆயுள்,உள்,Tamil,300 BCE - present
ஆயுள்,*a-,Proto-Dravidian,3000 BCE - 1500 BCE (disputed)
அன்ன,*a-,Proto-Dravidian,3000 BCE - 1500 BCE (disputed)
அன்னணம்,அன்ன,Tamil,300 BCE - present
அன்னணம்,வண்ணம்,Tamil,300 BCE - present
அன்னணம்,*a-,Proto-Dravidian,3000 BCE - 1500 BCE (disputed)
அனைத்து,*a-,Proto-Dravidian,3000 BCE - 1500 BCE (disputed)
அன்று,*a-,Proto-Dravidian,3000 BCE - 1500 BCE (disputed)
வேளாண்மை,வேள்,Tamil,300 BCE - present
வேளாண்மை,ஆண்மை,Tamil,300 BCE - present
நாட்டாண்மை,நாடு,Tamil,300 BCE - present
நாட்டாண்மை,ஆண்மை,Tamil,300 BCE - present
ஆண்மை,𑀆𑀡𑁆𑀫𑁃,Old Tamil,300 BCE - 700 CE
அம்பு,*ampu,Proto-Dravidian,3000 BCE - 1500 BCE (disputed)
மேற்பார்வை,மேல்,Tamil,300 BCE - present
மேற்பார்வை,பார்வை,Tamil,300 BCE - present
மேலாண்மை,மேல்,Tamil,300 BCE - present
மேலாண்மை,ஆண்மை,Tamil,300 BCE - present
நிமிஷம்,निमिष,Sanskrit,1500 BCE - present (liturgical/classical)
அழிவாய்,அழி,Tamil,300 BCE - present
அழிவாய்,வாய்,Tamil,300 BCE - present
சைகதம்,सैकत,Sanskrit,1500 BCE - present (liturgical/classical)
மட்டு,मद्य,Sanskrit,1500 BCE - present (liturgical/classical)
மட்டு,मधु,Sanskrit,1500 BCE - present (liturgical/classical)
நிஷ்டை,निष्ठ,Sanskrit,1500 BCE - present (liturgical/classical)
நிஷானி,نشان,Urdu,not available
தோகம்,तोक,Sanskrit,1500 BCE - present (liturgical/classical)
தோகம்,दोह,Sanskrit,1500 BCE - present (liturgical/classical)
தோகம்,स्तोक,Sanskrit,1500 BCE - present (liturgical/classical)
தோணி,द्रोणि,Sanskrit,1500 BCE - present (liturgical/classical)
ஸார்த்தகம்,सार्थक,Sanskrit,1500 BCE - present (liturgical/classical)
ஸாராம்,सार,Sanskrit,1500 BCE - present (liturgical/classical)
ஸாயகம்,सायक,Sanskrit,1500 BCE - present (liturgical/classical)
ஸாலியானா,سالانه,Urdu,not available
ஸாவகாம்,सावकाश,Sanskrit,1500 BCE - present (liturgical/classical)
ஸாஹுகார்,साहूकार,Hindi,not available
ஸீமை,सीमा,Sanskrit,1500 BCE - present (liturgical/classical)
ஸாஹசர்யம்,साहचर्य,Sanskrit,1500 BCE - present (liturgical/classical)
ரோதம்,रोध,Sanskrit,1500 BCE - present (liturgical/classical)
ரோமம்,रोमन्,Sanskrit,1500 BCE - present (liturgical/classical)
ரோஜ்,روز,Persian,1000 CE - present
லகரி,लहरि,Sanskrit,1500 BCE - present (liturgical/classical)
ரோஜ்கார்,روزگار,Urdu,not available
லக்குவா,لَقْوة,Urdu,not available
லடாய்,लड़ाई,Hindi,not available
லதி,लाठी,Hindi,not available
லதை,लता,Sanskrit,1500 BCE - present (liturgical/classical)
அஹம்,अहम्,Sanskrit,1500 BCE - present (liturgical/classical)
எடுத்துக்காட்டு,எடுத்து,Tamil,300 BCE - present
எடுத்துக்காட்டு,காட்டு,Tamil,300 BCE - present
லோகம்,लोक,Sanskrit,1500 BCE - present (liturgical/classical)
ஜனகம்,जनक,Sanskrit,1500 BCE - present (liturgical/classical)
ஜனாபா,+,Sanskrit,1500 BCE - present (liturgical/classical)
ஜாநு,जानु,Sanskrit,1500 BCE - present (liturgical/classical)
ஜந்து,जन्तु,Sanskrit,1500 BCE - present (liturgical/classical)
ஜாஜ்வல்யம்,jājvala,Sanskrit,1500 BCE - present (liturgical/classical)
ஜிந்தகி,زندگی,Persian,1000 CE - present
ஜீதம்,జీతము,Telugu,not available
ஜீரகம்,जीरक,Sanskrit,1500 BCE - present (liturgical/classical)
ஜிராயதி,زِرَاعَة,Arabic,600 CE - present
விஷாதம்,विषाद,Sanskrit,1500 BCE - present (liturgical/classical)
ஶஸ்யம்,सस्य,Sanskrit,1500 BCE - present (liturgical/classical)
பங்கம்,भङ्ग,Sanskrit,1500 BCE - present (liturgical/classical)
பங்கம்,पङ्क,Sanskrit,1500 BCE - present (liturgical/classical)
பங்கம்,पङ्गु,Sanskrit,1500 BCE - present (liturgical/classical)
பங்குரம்,भङ्गुर,Sanskrit,1500 BCE - present (liturgical/classical)
பங்கு,भाग,Sanskrit,1500 BCE - present (liturgical/classical)
பங்கு,पङ्गु,Sanskrit,1500 BCE - present (liturgical/classical)
பஞ்சரம்,पञ्जर,Sanskrit,1500 BCE - present (liturgical/classical)
பவிஷு,బైసి,Telugu,not available
பவிகம்,भविक,Sanskrit,1500 BCE - present (liturgical/classical)
பவ்வம்,पर्वन्,Sanskrit,1500 BCE - present (liturgical/classical)
சயிக்கம்,సైకము,Telugu,not available
சர்ச்சை,चर्चा,Sanskrit,1500 BCE - present (liturgical/classical)
சயிந்தவம்,सैन्धव,Sanskrit,1500 BCE - present (liturgical/classical)
பக்குவம்,पक्व,Sanskrit,1500 BCE - present (liturgical/classical)
சர்பராஜ்,sarfarāz,Urdu,not available
சர்வத்திர,सर्वत्र,Sanskrit,1500 BCE - present (liturgical/classical)
திராவகம்,drāvaka,Sanskrit,1500 BCE - present (liturgical/classical)
திரவம்,द्रव,Sanskrit,1500 BCE - present (liturgical/classical)
முன்னுற,முன்,Tamil,300 BCE - present
முன்னுற,உறு,Tamil,300 BCE - present
முன்னேற்றம்,முன்,Tamil,300 BCE - present
முன்னேற்றம்,னேறு,Tamil,300 BCE - present
பிட்சு,भिक्षु,Sanskrit,1500 BCE - present (liturgical/classical)
ஓய்வூதியம்,ஓய்வு,Tamil,300 BCE - present
ஓய்வூதியம்,ஊதியம்,Tamil,300 BCE - present
மகரந்தம்,मकरन्द,Sanskrit,1500 BCE - present (liturgical/classical)
அனைய,*a-,Proto-Dravidian,3000 BCE - 1500 BCE (disputed)
அந்நிலை,அ,Tamil,300 BCE - present
அந்நிலை,நிலை,Tamil,300 BCE - present
அந்நிலை,*a-,Proto-Dravidian,3000 BCE - 1500 BCE (disputed)
எங்கண்,*e-,Proto-Dravidian,3000 BCE - 1500 BCE (disputed)
அந்நின்று,அ,Tamil,300 BCE - present
அந்நின்று,நில்,Tamil,300 BCE - present
அந்நின்று,*a-,Proto-Dravidian,3000 BCE - 1500 BCE (disputed)
இங்கு,*ī,Proto-Dravidian,3000 BCE - 1500 BCE (disputed)
இங்கிட்டு,*ī,Proto-Dravidian,3000 BCE - 1500 BCE (disputed)
இத்தால்,இது,Tamil,300 BCE - present
இத்தால்,ஆல்,Tamil,300 BCE - present
இத்தால்,*ī,Proto-Dravidian,3000 BCE - 1500 BCE (disputed)
இத்தனை,இ,Tamil,300 BCE - present
இத்தனை,தனை,Tamil,300 BCE - present
இத்தனை,*ī,Proto-Dravidian,3000 BCE - 1500 BCE (disputed)
இவள்,*ī,Proto-Dravidian,3000 BCE - 1500 BCE (disputed)
இந்த,*ī,Proto-Dravidian,3000 BCE - 1500 BCE (disputed)
இப்பொழுது,இ,Tamil,300 BCE - present
இப்பொழுது,போழுது,Tamil,300 BCE - present
இப்படி,*ī,Tamil,300 BCE - present
இப்படி,படி,Tamil,300 BCE - present
என்னர்,*yā,Proto-Dravidian,3000 BCE - 1500 BCE (disputed)
குங்கிலியம்,गुग्गुलु,Sanskrit,1500 BCE - present (liturgical/classical)
பல்வலம்,पल्वल,Sanskrit,1500 BCE - present (liturgical/classical)
கஸாயி,قصائی,Urdu,not available
ஜகத்,जगत्,Sanskrit,1500 BCE - present (liturgical/classical)
ஜண்டா,جھنڈا,Urdu,not available
வெம்பகல்,வெம்மை,Tamil,300 BCE - present
வெம்பகல்,பகல்,Tamil,300 BCE - present
பாதலத்தாம்பி,பாதலம்,Tamil,300 BCE - present
பாதலத்தாம்பி,ஆம்பி,Tamil,300 BCE - present
மேற்கூரை,மேல்,Tamil,300 BCE - present
மேற்கூரை,கூரை,Tamil,300 BCE - present
மயடம்,mayaṭa,Sanskrit,1500 BCE - present (liturgical/classical)
அட்டம்,अट्ट,Sanskrit,1500 BCE - present (liturgical/classical)
அட்டம்,अष्टन्,Sanskrit,1500 BCE - present (liturgical/classical)
சோபானம்,सोपान,Sanskrit,1500 BCE - present (liturgical/classical)
விருஷ்டி,वृष्टि,Sanskrit,1500 BCE - present (liturgical/classical)
தூபி,स्तूप,Sanskrit,1500 BCE - present (liturgical/classical)
திருப்புகை,திரு,Tamil,300 BCE - present
திருப்புகை,புகை,Tamil,300 BCE - present
ஸ்வரம்,स्वर,Sanskrit,1500 BCE - present (liturgical/classical)
இங்ஙனம்,இ,Tamil,300 BCE - present
இங்ஙனம்,ஙனம்,Tamil,300 BCE - present
இங்ஙனம்,*ī,Proto-Dravidian,3000 BCE - 1500 BCE (disputed)
சுக்கை,*cukk-V,Proto-Dravidian,3000 BCE - 1500 BCE (disputed)
ஆயிட்டு,*a-,Proto-Dravidian,3000 BCE - 1500 BCE (disputed)
ஆகையால்,*a-,Proto-Dravidian,3000 BCE - 1500 BCE (disputed)
அதனால்,*a-,Proto-Dravidian,3000 BCE - 1500 BCE (disputed)
வினைமுற்று,வினை,Tamil,300 BCE - present
வினைமுற்று,முற்று,Tamil,300 BCE - present
பெயரெச்சம்,பெயர்,Tamil,300 BCE - present
பெயரெச்சம்,எச்சம்,Tamil,300 BCE - present
பொருட்பெயர்,பொருட்டு,Tamil,300 BCE - present
பொருட்பெயர்,பெயர்,Tamil,300 BCE - present
இடப்பெயர்,இடம்,Tamil,300 BCE - present
இடப்பெயர்,பெயர்,Tamil,300 BCE - present
நாடகம்,नाटक,Sanskrit,1500 BCE - present (liturgical/classical)
இங்கண்,*ī,Proto-Dravidian,3000 BCE - 1500 BCE (disputed)
இரசிதம்,रजत,Sanskrit,1500 BCE - present (liturgical/classical)
இரணியம்,हिरण्य,Sanskrit,1500 BCE - present (liturgical/classical)
இமம்,हिम,Sanskrit,1500 BCE - present (liturgical/classical)
சிவ,*kem,Proto-Dravidian,3000 BCE - 1500 BCE (disputed)
சிவப்புத்தலைக்கிளி,சிவப்பு,Tamil,300 BCE - present
சிவப்புத்தலைக்கிளி,தலை,Tamil,300 BCE - present
சிவப்புத்தலைக்கிளி,கிளி,Tamil,300 BCE - present
பிருதிவி,पृथिवी,Sanskrit,1500 BCE - present (liturgical/classical)
வைணவி,वैणव,Sanskrit,1500 BCE - present (liturgical/classical)
உப்புவாயு,உப்பு,Tamil,300 BCE - present
உப்புவாயு,வாயு,Tamil,300 BCE - present
பரிதி,परिधी,Sanskrit,1500 BCE - present (liturgical/classical)
எங்கு,*yā,Proto-Dravidian,3000 BCE - 1500 BCE (disputed)
வலாகம்,बलाह,Sanskrit,1500 BCE - present (liturgical/classical)
அலைதாடி,அலை,Tamil,300 BCE - present
அலைதாடி,தாடி,Tamil,300 BCE - present
தாட்கோல்,தாள்,Tamil,300 BCE - present
தாட்கோல்,கோல்,Tamil,300 BCE - present
திறவுகோல்,திற,Tamil,300 BCE - present
திறவுகோல்,கோல்,Tamil,300 BCE - present
சட்டமன்றம்,சட்டம்,Tamil,300 BCE - present
சட்டமன்றம்,மன்றம்,Tamil,300 BCE - present
தெருக்கூத்து,தெரு,Tamil,300 BCE - present
தெருக்கூத்து,கூத்து,Tamil,300 BCE - present
பைங்குடில் விளைவு,பைங்குடில்,Tamil,300 BCE - present
பைங்குடில் விளைவு,விளைவு,Tamil,300 BCE - present
தருமன்,धर्म,Sanskrit,1500 BCE - present (liturgical/classical)
தரூடம்,तरूट,Sanskrit,1500 BCE - present (liturgical/classical)
தூண்,𑀣𑀽𑀡𑀸,Prakrit,500 BCE - 1000 CE
தூண்,स्थूणा,Sanskrit,1500 BCE - present (liturgical/classical)
விசனம்,विजन,Sanskrit,1500 BCE - present (liturgical/classical)
மடுத்தல்,martelo,Portuguese,1516 CE - present
விழுக்காடு,விழு,Tamil,300 BCE - present
விழுக்காடு,காடு,Tamil,300 BCE - present
வக்கிரகட்கம்,वक्र,Sanskrit,1500 BCE - present (liturgical/classical)
வக்கிரகட்கம்,खड्ग,Sanskrit,1500 BCE - present (liturgical/classical)
கட்கம்,खड्ग,Sanskrit,1500 BCE - present (liturgical/classical)
கட்டியடுப்பு,கட்டி,Tamil,300 BCE - present
கட்டியடுப்பு,அடுப்பு,Tamil,300 BCE - present
கிறிஸ்து,Χριστός,Ancient Greek,1500 BCE - 300 BCE
கின்னம்,खिन्न,Sanskrit,1500 BCE - present (liturgical/classical)
ஆலயம்,आलय,Sanskrit,1500 BCE - present (liturgical/classical)
ஆதி,आदि,Sanskrit,1500 BCE - present (liturgical/classical)
சிருஷ்டி,सृष्टि,Sanskrit,1500 BCE - present (liturgical/classical)
ஜலதி,जलधि,Sanskrit,1500 BCE - present (liturgical/classical)
ஆசீர்வதி,आशीर्वद,Sanskrit,1500 BCE - present (liturgical/classical)
கபிலம்,कपिल,Sanskrit,1500 BCE - present (liturgical/classical)
கபாலம்,कपाल,Sanskrit,1500 BCE - present (liturgical/classical)
வாகனம்,वाहन,Sanskrit,1500 BCE - present (liturgical/classical)
வாகினி,वाहिनि,Sanskrit,1500 BCE - present (liturgical/classical)
வாகம்,वाह,Sanskrit,1500 BCE - present (liturgical/classical)
நிரந்தர,निरन्तर,Sanskrit,1500 BCE - present (liturgical/classical)
நிர்வாகம்,निर्वाह,Sanskrit,1500 BCE - present (liturgical/classical)
ஆசிரியர்,आचार्य,Sanskrit,1500 BCE - present (liturgical/classical)
அக்கி,अग्नि,Sanskrit,1500 BCE - present (liturgical/classical)
கம்பம்,स्तम्भ,Sanskrit,1500 BCE - present (liturgical/classical)
யோசனை,योजन,Sanskrit,1500 BCE - present (liturgical/classical)
ஶல்யம்,शल्य,Sanskrit,1500 BCE - present (liturgical/classical)
கண்ணன்,कृष्ण,Sanskrit,1500 BCE - present (liturgical/classical)
கொட்டகை,गोष्ठ,Sanskrit,1500 BCE - present (liturgical/classical)
செயசூறை,செய,Tamil,300 BCE - present
செயசூறை,சூறை,Tamil,300 BCE - present
சம்புநாவல்,சம்பு,Tamil,300 BCE - present
சம்புநாவல்,நாவல்,Tamil,300 BCE - present
நாத்திகம்,नास्तिक,Sanskrit,1500 BCE - present (liturgical/classical)
அகமமரம்,அகம,Tamil,300 BCE - present
அகமமரம்,மரம்,Tamil,300 BCE - present
பெய்துரை,பெய்,Tamil,300 BCE - present
பெய்துரை,உரை,Tamil,300 BCE - present
காத்திரம்,गात्र,Sanskrit,1500 BCE - present (liturgical/classical)
காதம்,घात,Sanskrit,1500 BCE - present (liturgical/classical)
காதம்,गव्यूत,Sanskrit,1500 BCE - present (liturgical/classical)
காதரம்,कातर,Sanskrit,1500 BCE - present (liturgical/classical)
கரடகம்,करटक,Sanskrit,1500 BCE - present (liturgical/classical)
கபடம்,कपट,Sanskrit,1500 BCE - present (liturgical/classical)
வரணம்,वरण,Sanskrit,1500 BCE - present (liturgical/classical)
வரம்,वर,Sanskrit,1500 BCE - present (liturgical/classical)
வரம்,वरा,Sanskrit,1500 BCE - present (liturgical/classical)
விதவை,विधवा,Sanskrit,1500 BCE - present (liturgical/classical)
சதகுப்பி,शतपुष्प,Sanskrit,1500 BCE - present (liturgical/classical)
கிருத்திரம்,गृध्र,Sanskrit,1500 BCE - present (liturgical/classical)
உருத்திரன்,रुद्र,Sanskrit,1500 BCE - present (liturgical/classical)
தொன்னை,द्रोण,Sanskrit,1500 BCE - present (liturgical/classical)
வசி,वसति,Sanskrit,1500 BCE - present (liturgical/classical)
அச்சு,*accu,Proto-Dravidian,3000 BCE - 1500 BCE (disputed)
அச்சு,अक्ष,Sanskrit,1500 BCE - present (liturgical/classical)
அச்சு,*Háćšas,Proto-Indo-Iranian,2200 BCE - 1800 BCE
அச்சு,*h₂eḱs-,Proto-Indo-European,4500 BCE - 2500 BCE
சொல்லெச்சம்,சொல்,Tamil,300 BCE - present
சொல்லெச்சம்,எச்சம்,Tamil,300 BCE - present
சாணைக்கல்,சாணை,Tamil,300 BCE - present
சாணைக்கல்,கல்,Tamil,300 BCE - present
செருப்பு,*keruppu,Proto-Dravidian,3000 BCE - 1500 BCE (disputed)
குளம்,गुल,Sanskrit,1500 BCE - present (liturgical/classical)
மாமரம்,மா,Tamil,300 BCE - present
மாமரம்,மரம்,Tamil,300 BCE - present
மாசம்,मास,Sanskrit,1500 BCE - present (liturgical/classical)
மா,𑀫𑀸,Old Tamil,300 BCE - 700 CE
மாட்டுக்கிடை,மாடு,Tamil,300 BCE - present
மாட்டுக்கிடை,கிடை,Tamil,300 BCE - present
திக்கு,दिक्,Sanskrit,1500 BCE - present (liturgical/classical)
மாத்து,मद,Sanskrit,1500 BCE - present (liturgical/classical)
மாதிரு,मातृ,Sanskrit,1500 BCE - present (liturgical/classical)
விண்வெளி,விண்,Tamil,300 BCE - present
விண்வெளி,வெளி,Tamil,300 BCE - present
நல்வாக்கு,நல்,Tamil,300 BCE - present
நல்வாக்கு,வாக்கு,Tamil,300 BCE - present
செல்வாக்கு,செல்-,Tamil,300 BCE - present
செல்வாக்கு,ஆக்கு,Tamil,300 BCE - present
வாக்குவாதம்,வாக்கு,Tamil,300 BCE - present
வாக்குவாதம்,வாதம்,Tamil,300 BCE - present
மந்தினி,मन्थिन्,Sanskrit,1500 BCE - present (liturgical/classical)
மந்துரை,मन्दुरा,Sanskrit,1500 BCE - present (liturgical/classical)
சமவெளி,சமம்,Tamil,300 BCE - present
சமவெளி,வெளி,Tamil,300 BCE - present
முப்பால்,மூன்று,Tamil,300 BCE - present
முப்பால்,பால்,Tamil,300 BCE - present
முப்புள்ளி,மூன்று,Tamil,300 BCE - present
முப்புள்ளி,புள்ளி,Tamil,300 BCE - present
முப்புவனம்,மூன்று,Tamil,300 BCE - present
முப்புவனம்,புவனம்,Tamil,300 BCE - present
நல்லொழுக்கம்,நல்,Tamil,300 BCE - present
நல்லொழுக்கம்,ஒழுக்கம்,Tamil,300 BCE - present
அறக்கட்டளை,அறம்,Tamil,300 BCE - present
அறக்கட்டளை,கட்டளை,Tamil,300 BCE - present
வன்பால்,வல்,Tamil,300 BCE - present
வன்பால்,பால்,Tamil,300 BCE - present
வல்லடி,வல்,Tamil,300 BCE - present
வல்லடி,அடி,Tamil,300 BCE - present
வல்லவன்,वल्लभ,Sanskrit,1500 BCE - present (liturgical/classical)
வல்லரி,वल्लरि,Sanskrit,1500 BCE - present (liturgical/classical)
வல்லுரம்,वल्लूर,Sanskrit,1500 BCE - present (liturgical/classical)
வல்லேறு,வல்,Tamil,300 BCE - present
வல்லேறு,ஏறு,Tamil,300 BCE - present
வழிச்செலவு,வழி,Tamil,300 BCE - present
வழிச்செலவு,செலவு,Tamil,300 BCE - present
வழிப்பயணம்,வழி,Tamil,300 BCE - present
வழிப்பயணம்,பயணம்,Tamil,300 BCE - present
கருணை,करुणा,Sanskrit,1500 BCE - present (liturgical/classical)
கிருபை,कृपा,Sanskrit,1500 BCE - present (liturgical/classical)
இருளுவா,இருள்,Tamil,300 BCE - present
இருளுவா,உவா,Tamil,300 BCE - present
தண்டனை,दण्डन,Sanskrit,1500 BCE - present (liturgical/classical)
அளவுகோல்,அளவு,Tamil,300 BCE - present
அளவுகோல்,கோல்,Tamil,300 BCE - present
நெம்புகோல்,நெம்பு,Tamil,300 BCE - present
நெம்புகோல்,கோல்,Tamil,300 BCE - present
செங்கோல்,செங்,Tamil,300 BCE - present
செங்கோல்,கோல்,Tamil,300 BCE - present
உட்பொருள்,உள்,Tamil,300 BCE - present
உட்பொருள்,பொருள்,Tamil,300 BCE - present
உட்கருத்து,உள்,Tamil,300 BCE - present
உட்கருத்து,கருத்து,Tamil,300 BCE - present
பொருளட்டவணை,பொருள்,Tamil,300 BCE - present
பொருளட்டவணை,அட்டவணை,Tamil,300 BCE - present
நியாயம்,न्याय,Sanskrit,1500 BCE - present (liturgical/classical)
நேர்விடை,நேர்,Tamil,300 BCE - present
நேர்விடை,விடை,Tamil,300 BCE - present
விடை,वृष,Sanskrit,1500 BCE - present (liturgical/classical)
ஆயத்தம்,आयत्त,Sanskrit,1500 BCE - present (liturgical/classical)
திருமணம்,திரு,Tamil,300 BCE - present
திருமணம்,மணம்,Tamil,300 BCE - present
செபம்,जप,Sanskrit,1500 BCE - present (liturgical/classical)
அருமை,𑀅𑀭𑀼𑀫𑁃,Old Tamil,300 BCE - 700 CE
அடிக்கொருக்கால்,அடி,Tamil,300 BCE - present
அடிக்கொருக்கால்,ஒருக்கால்,Tamil,300 BCE - present
அடிநிலை,அடி,Tamil,300 BCE - present
அடிநிலை,நிலை,Tamil,300 BCE - present
உண்டுபடு,உண்டு,Tamil,300 BCE - present
உண்டுபடு,படு,Tamil,300 BCE - present
தேவவசீகரம்,தேவ,Tamil,300 BCE - present
தேவவசீகரம்,வசீகரம்,Tamil,300 BCE - present
தினந்தோறும்,दिन,Sanskrit,1500 BCE - present (liturgical/classical)
ஏனென்றால்,ஏன்,Tamil,300 BCE - present
ஏனென்றால்,என்றால்,Tamil,300 BCE - present
மூடுபனி,மூடு,Tamil,300 BCE - present
மூடுபனி,பனி,Tamil,300 BCE - present
ஜீவவிருட்சம்,ஜீவன்,Tamil,300 BCE - present
ஜீவவிருட்சம்,விருட்சம்,Tamil,300 BCE - present
விருட்சம்,वृक्ष,Sanskrit,1500 BCE - present (liturgical/classical)
இளைப்பாறு,இளைப்பு,Tamil,300 BCE - present
இளைப்பாறு,ஆறு,Tamil,300 BCE - present
நாமம்,𑀦𑀸𑀫𑀫𑁆,Old Tamil,300 BCE - 700 CE
நாமம்,नामन्,Sanskrit,1500 BCE - present (liturgical/classical)
தரியாபத்து,دریافت,Urdu,not available
தரியாபத்து,دریافت,Persian,1000 CE - present
என்னோரும்,*yā,Proto-Dravidian,3000 BCE - 1500 BCE (disputed)
தேவதை,देवता,Sanskrit,1500 BCE - present (liturgical/classical)
நப்தலி,נַפְתָּלִי,Biblical Hebrew,1000 BCE - 500 BCE
ஆதியாகமம்,ஆதி,Tamil,300 BCE - present
ஆதியாகமம்,ஆகமம்,Tamil,300 BCE - present
பென்யமீன்,Benjamin,Late Latin,200 CE - 600 CE
பென்யமீன்,Βενιαμίν,Ancient Greek,1500 BCE - 300 BCE
பென்யமீன்,בִּנְיָמִין,Biblical Hebrew,1000 BCE - 500 BCE
முன்னாடி,முன்,Tamil,300 BCE - present
முன்னாடி,நாடு,Tamil,300 BCE - present
யாவரும்,*yā,Proto-Dravidian,3000 BCE - 1500 BCE (disputed)
சகோதரன்,सहोदर,Sanskrit,1500 BCE - present (liturgical/classical)
பெரியவெள்ளிக்கிழமை,பெரிய,Tamil,300 BCE - present
பெரியவெள்ளிக்கிழமை,வெள்ளி,Tamil,300 BCE - present
பெரியவெள்ளிக்கிழமை,கிழமை,Tamil,300 BCE - present
கிளம்பினவேலை,கிளம்பு,Tamil,300 BCE - present
கிளம்பினவேலை,வேலை,Tamil,300 BCE - present
விரோதம்,विरोध,Sanskrit,1500 BCE - present (liturgical/classical)
தலைமாறு,தலை,Tamil,300 BCE - present
தலைமாறு,மாறு,Tamil,300 BCE - present
தலைமுறை,தலை,Tamil,300 BCE - present
தலைமுறை,முறை,Tamil,300 BCE - present
செழித்தகல்,செழி,Tamil,300 BCE - present
செழித்தகல்,கல்,Tamil,300 BCE - present
தைரியம்,धैर्य,Sanskrit,1500 BCE - present (liturgical/classical)
தேதி,तिथि,Sanskrit,1500 BCE - present (liturgical/classical)
நடுவுநிலைமை,நடுவு,Tamil,300 BCE - present
நடுவுநிலைமை,நிலைமை,Tamil,300 BCE - present
நடுவுநிலை,நடுவு,Tamil,300 BCE - present
நடுவுநிலை,நிலை,Tamil,300 BCE - present
ஆன்மா,आत्मन्,Sanskrit,1500 BCE - present (liturgical/classical)
பல்லணம்,पल्ययन,Sanskrit,1500 BCE - present (liturgical/classical)
கல்லூரி,கல்,Tamil,300 BCE - present
கல்லூரி,லூரி,Tamil,300 BCE - present
நடைபடி,நடை,Tamil,300 BCE - present
நடைபடி,படி,Tamil,300 BCE - present
கல்லோலம்,कल्लोल,Sanskrit,1500 BCE - present (liturgical/classical)
மாணவகம்,माणवक,Sanskrit,1500 BCE - present (liturgical/classical)
பல்வைத்தியன்,பல்,Tamil,300 BCE - present
பல்வைத்தியன்,வைத்தியன்,Tamil,300 BCE - present
அனுமதி,अनुमति,Sanskrit,1500 BCE - present (liturgical/classical)
தெலுங்கம்,తెలుంగు,Telugu,not available
எதிராளி,எதிர்,Tamil,300 BCE - present
எதிராளி,ஆள்,Tamil,300 BCE - present
கொறி,*koṯi,Proto-Dravidian,3000 BCE - 1500 BCE (disputed)
பறக்கும்தட்டு,flying saucer,English,1550 CE - present
பதில்,بدل,Urdu,not available
பதில்,بَدَل‎,Arabic,600 CE - present
இலாபம்,लाभ,Sanskrit,1500 BCE - present (liturgical/classical)
சாசனம்,शासन,Sanskrit,1500 BCE - present (liturgical/classical)
பெருந்தாரா,பெருமை,Tamil,300 BCE - present
பெருந்தாரா,தாரா,Tamil,300 BCE - present
என்னும்,*yā,Proto-Dravidian,3000 BCE - 1500 BCE (disputed)
எனைத்தும்,*yā,Proto-Dravidian,3000 BCE - 1500 BCE (disputed)
எவ்வளவு,எ,Tamil,300 BCE - present
எவ்வளவு,அளவு,Tamil,300 BCE - present
ஏது,*yā,Proto-Dravidian,3000 BCE - 1500 BCE (disputed)
எவண்,*yā,Proto-Dravidian,3000 BCE - 1500 BCE (disputed)
அற்புதம்,अद्भुत,Sanskrit,1500 BCE - present (liturgical/classical)
கடினம்,कठिन,Sanskrit,1500 BCE - present (liturgical/classical)
திருப்தி,तृप्ति,Sanskrit,1500 BCE - present (liturgical/classical)
கறிவேப்பிலை,கறிவேம்பு,Tamil,300 BCE - present
கறிவேப்பிலை,இலை,Tamil,300 BCE - present
உழுந்து,*uẓuntu,Proto-Dravidian,3000 BCE - 1500 BCE (disputed)
பெரும்பான்மை,பெருமை,Tamil,300 BCE - present
பெரும்பான்மை,பான்மை,Tamil,300 BCE - present
சாட்டியம்,शाठ्य,Sanskrit,1500 BCE - present (liturgical/classical)
சாட்டியம்,जाड्य,Sanskrit,1500 BCE - present (liturgical/classical)
சமர்ப்பி,समर्पण,Sanskrit,1500 BCE - present (liturgical/classical)
நன்கொடை,நன்மை,Tamil,300 BCE - present
நன்கொடை,கொடை,Tamil,300 BCE - present
என்னணம்,*yā,Proto-Dravidian,3000 BCE - 1500 BCE (disputed)
என்றிய,*yā,Proto-Dravidian,3000 BCE - 1500 BCE (disputed)
கதி,गति,Sanskrit,1500 BCE - present (liturgical/classical)
கதிர்க்கட்டு,கதிர்,Tamil,300 BCE - present
கதிர்க்கட்டு,கட்டு,Tamil,300 BCE - present
கதிர்க்கடவுள்,கதிர்,Tamil,300 BCE - present
கதிர்க்கடவுள்,கடவுள்,Tamil,300 BCE - present
கந்தம்,गन्ध,Sanskrit,1500 BCE - present (liturgical/classical)
கந்தரம்,कन्धर,Sanskrit,1500 BCE - present (liturgical/classical)
கந்தி,गान्धि,Sanskrit,1500 BCE - present (liturgical/classical)
கந்தல்,कन्था,Sanskrit,1500 BCE - present (liturgical/classical)
கந்து,स्कन्ध,Sanskrit,1500 BCE - present (liturgical/classical)
தாமிரம்,ताम्र,Sanskrit,1500 BCE - present (liturgical/classical)
பணையம்,पणाय,Sanskrit,1500 BCE - present (liturgical/classical)
சமூகம்,समूह,Sanskrit,1500 BCE - present (liturgical/classical)
குறிப்பிடம்,குறிப்பு,Tamil,300 BCE - present
குறிப்பிடம்,இடம்,Tamil,300 BCE - present
பாதாளம்,पाताल,Sanskrit,1500 BCE - present (liturgical/classical)
முள்வேலி,முள்,Tamil,300 BCE - present
முள்வேலி,வேலி,Tamil,300 BCE - present
வருணனை,वर्णन,Sanskrit,1500 BCE - present (liturgical/classical)
மீன்சிறகு,மீன்,Tamil,300 BCE - present
மீன்சிறகு, சிறகு,Tamil,300 BCE - present
மீன்வெட்டி,மீன்,Tamil,300 BCE - present
மீன்வெட்டி,வெட்டி,Tamil,300 BCE - present
இச்சை,𑀇𑀘𑁆𑀘𑁃,Old Tamil,300 BCE - 700 CE
இச்சை,इच्छा,Sanskrit,1500 BCE - present (liturgical/classical)
துத்தநாகம்,तुत्थनाग,Sanskrit,1500 BCE - present (liturgical/classical)
இசப்கோல்,اسبغول,Urdu,not available
இசப்கோல்,اسپرزه,Persian,1000 CE - present
மரியாதை,मर्यादा,Sanskrit,1500 BCE - present (liturgical/classical)
முக்கியம்,मुख्य,Sanskrit,1500 BCE - present (liturgical/classical)
ரத்தமசூரிகை,ரத்தம்,Tamil,300 BCE - present
ரத்தமசூரிகை,மசூரிகை,Tamil,300 BCE - present
ரத்தம்,रक्त,Sanskrit,1500 BCE - present (liturgical/classical)
துந்தம்,तुन्द,Sanskrit,1500 BCE - present (liturgical/classical)
துந்தி,तुण्डि,Sanskrit,1500 BCE - present (liturgical/classical)
துப்பாக்கி,تفنك,Ottoman Turkish,not available
செயம்,जय,Sanskrit,1500 BCE - present (liturgical/classical)
தர்கா,درگاه,Urdu,not available
தர்ப்பீத்து,تربیت,Urdu,not available
டர்,डर,Hindi,not available
தர்பார்,دربار,Urdu,not available
தர்முஸ்தாஜர்,در مستاجر,Urdu,not available
தர்ஜா,درجه,Urdu,not available
தரங்கம்,तरंग,Sanskrit,1500 BCE - present (liturgical/classical)
தரணி,तरणि,Sanskrit,1500 BCE - present (liturgical/classical)
தரணி,धरणि,Sanskrit,1500 BCE - present (liturgical/classical)
தரத்தூது,تردد,Urdu,not available
தரப்பு,طرف,Urdu,not available
தரப்பு,طَرَف,Arabic,600 CE - present
தரோகா,دروغ,Urdu,not available
தரோபஸ்து,دروبست,Urdu,not available
தரிசனை,दर्शन,Sanskrit,1500 BCE - present (liturgical/classical)
தராசு,ترازو,Urdu,not available
தரையாமை,தரை,Tamil,300 BCE - present
தரையாமை,ய,Tamil,300 BCE - present
தரையாமை,ஆமை,Tamil,300 BCE - present
தலாக்,طلاق,Urdu,not available
தலாக்,طَلَاق,Arabic,600 CE - present
மக்கம்,مکه,Urdu,not available
மக்கம்,مَكَّة,Arabic,600 CE - present
இகுலாசு,اخلاص,Urdu,not available
இக்தியார்,اختیار,Urdu,not available
இகுவான்,اخوان,Urdu,not available
இகுவான்,إخْوَان,Arabic,600 CE - present
இஞ்சீல்,انجیل,Urdu,not available
இஞ்சீல்,إنْجِيل,Arabic,600 CE - present
இஞ்சீல்,ἐυαγγελιον,Ancient Greek,1500 BCE - 300 BCE
ஹாஜ்,حاج,Urdu,not available
ஹாஜ்,حَجّ,Arabic,600 CE - present
ஹிஜிரி,هجرت,Urdu,not available
ஹிஜிரி,هِجْرَة,Arabic,600 CE - present
இத்திஹாத்தான,اِتِّحَاد,Arabic,600 CE - present
இபுதார்,افطار,Urdu,not available
இபுதார்,إِفْطَار,Arabic,600 CE - present
இமாம்,امام,Urdu,not available
இமாம்,إِمَام,Arabic,600 CE - present
இலுமு,علم,Urdu,not available
இலுமு,عِلْم,Arabic,600 CE - present
ஜிஹாத்,جہاد,Urdu,not available
ஜிஹாத்,جِهَاد,Arabic,600 CE - present
குபுர்,کفر,Urdu,not available
குபுர்,كُفْر,Arabic,600 CE - present
கிஸ்மத்,قسمت,Urdu,not available
கிஸ்மத்,قسمت,Persian,1000 CE - present
கிஸ்மத்,قسمت,Arabic,600 CE - present
தீவிரம்,तीव्र,Sanskrit,1500 BCE - present (liturgical/classical)
தீபிகை,दीपिका,Sanskrit,1500 BCE - present (liturgical/classical)
வாலெலும்பு,வால்,Tamil,300 BCE - present
வாலெலும்பு,எலும்பு,Tamil,300 BCE - present
மூதுரை,மூது,Tamil,300 BCE - present
மூதுரை,உரை,Tamil,300 BCE - present
அயிங்கிசை,अहिंस,Sanskrit,1500 BCE - present (liturgical/classical)
அயனம்,अयन,Sanskrit,1500 BCE - present (liturgical/classical)
அயனமண்டலம்,அயனம்,Tamil,300 BCE - present
அயனமண்டலம்,மண்டலம்,Tamil,300 BCE - present
கூட்டுறவு,கூட்டு,Tamil,300 BCE - present
கூட்டுறவு,உறவு,Tamil,300 BCE - present
அர்க்கார்,هرکارا,Urdu,not available
அமை,अमा,Sanskrit,1500 BCE - present (liturgical/classical)
மேற்கொண்டு,மேல்,Tamil,300 BCE - present
மேற்கொண்டு,கொண்டு,Tamil,300 BCE - present
கற்றாழை,கல்,Tamil,300 BCE - present
கற்றாழை,தாழை,Tamil,300 BCE - present
கற்றொட்டி,கல்,Tamil,300 BCE - present
கற்றொட்டி,தொட்டி,Tamil,300 BCE - present
முன்பிலாண்டு,முன்பில்,Tamil,300 BCE - present
முன்பிலாண்டு,அண்டு,Tamil,300 BCE - present
அதிகாரி,अधिकारिन्,Sanskrit,1500 BCE - present (liturgical/classical)
வீரம்,वीर,Sanskrit,1500 BCE - present (liturgical/classical)
கியானம்,ज्ञान,Sanskrit,1500 BCE - present (liturgical/classical)
கியாழம்,कषाय,Sanskrit,1500 BCE - present (liturgical/classical)
கித்தில்,කිතුල්,Sinhalese,not available
கிபாயத்து,کفایت,Urdu,not available
கியால்,کهیال,Urdu,not available
கிரககதி,கிரக,Tamil,300 BCE - present
கிரககதி,கதி,Tamil,300 BCE - present
கிரகபரிவிருத்தி,கிரக,Tamil,300 BCE - present
கிரகபரிவிருத்தி,பரிவிருத்தி,Tamil,300 BCE - present
கிரந்தம்,ग्रन्थ,Sanskrit,1500 BCE - present (liturgical/classical)
கிரமம்,क्रम,Sanskrit,1500 BCE - present (liturgical/classical)
கிரகி,ग्रह्,Sanskrit,1500 BCE - present (liturgical/classical)
துறைமுகம்,துறை,Tamil,300 BCE - present
துறைமுகம்,முகம்,Tamil,300 BCE - present
உறுதிப்படுத்து,உறுதி,Tamil,300 BCE - present
உறுதிப்படுத்து,படுத்து,Tamil,300 BCE - present
ராஜ்யம்,राज्य,Sanskrit,1500 BCE - present (liturgical/classical)
நிரோதம்,निरोध,Sanskrit,1500 BCE - present (liturgical/classical)
கனம்,घन,Sanskrit,1500 BCE - present (liturgical/classical)
மட்டுத்தப்பு,மட்டு,Tamil,300 BCE - present
மட்டுத்தப்பு,தப்பு,Tamil,300 BCE - present
மட்டுக்கோணம்,மட்டு,Tamil,300 BCE - present
மட்டுக்கோணம்,கோணம்,Tamil,300 BCE - present
மட்டுக்கோல்,மட்டு,Tamil,300 BCE - present
மட்டுக்கோல்,கோல்,Tamil,300 BCE - present
மட்பாண்டம்,மண்,Tamil,300 BCE - present
மட்பாண்டம்,பாண்டம்,Tamil,300 BCE - present
மட்டுத்திட்டம்,மட்டு,Tamil,300 BCE - present
மட்டுத்திட்டம்,திட்டம்,Tamil,300 BCE - present
உறுதிக்கட்டுரை,உறுதி,Tamil,300 BCE - present
உறுதிக்கட்டுரை,கட்டுரை,Tamil,300 BCE - present
உறுதிப்பாடு,உறுதி,Tamil,300 BCE - present
உறுதிப்பாடு,பாடு,Tamil,300 BCE - present
உள்ளாலை,உள்,Tamil,300 BCE - present
உள்ளாலை,ஆலை,Tamil,300 BCE - present
அவகாசம்,अवकाश,Sanskrit,1500 BCE - present (liturgical/classical)
விடுவம்,विषुव,Sanskrit,1500 BCE - present (liturgical/classical)
நடைப்பொன்,நடை,Tamil,300 BCE - present
நடைப்பொன்,பொன்,Tamil,300 BCE - present
ஆணிவேர்,ஆணி,Tamil,300 BCE - present
ஆணிவேர்,வேர்,Tamil,300 BCE - present
பிரசினம்,प्रश्न,Sanskrit,1500 BCE - present (liturgical/classical)
தொடுவான்,தொடு,Tamil,300 BCE - present
தொடுவான்,வான்,Tamil,300 BCE - present
விட்டம்,विष्ट,Sanskrit,1500 BCE - present (liturgical/classical)
விட்டுணுப்பிரியம்,விட்டுணு,Tamil,300 BCE - present
விட்டுணுப்பிரியம்,பிரியம்,Tamil,300 BCE - present
விட்டுணுக்கிராந்தி,விட்டுணு,Tamil,300 BCE - present
விட்டுணுக்கிராந்தி,கிராந்தி,Tamil,300 BCE - present
முயற்செவி,முயல்,Tamil,300 BCE - present
முயற்செவி,செவி,Tamil,300 BCE - present
முரண்மொழி,முரண்,Tamil,300 BCE - present
முரண்மொழி,மொழி,Tamil,300 BCE - present
நேற்றையதினம்,நேற்றைய,Tamil,300 BCE - present
நேற்றையதினம்,தினம்,Tamil,300 BCE - present
கொடிக்கையான்,கொடி,Tamil,300 BCE - present
கொடிக்கையான்,கையான்,Tamil,300 BCE - present
நிலப்பனை,நில,Tamil,300 BCE - present
நிலப்பனை,பனை,Tamil,300 BCE - present
சிற்பர்,शिल्प,Sanskrit,1500 BCE - present (liturgical/classical)
கோவணம்,कौपीन,Sanskrit,1500 BCE - present (liturgical/classical)
புடைவை,புடை,Tamil,300 BCE - present
புடைவை,வை,Tamil,300 BCE - present
புடைமண்,புடை,Tamil,300 BCE - present
புடைமண்,மண்,Tamil,300 BCE - present
புடைபெயர்ச்சி,புடை,Tamil,300 BCE - present
புடைபெயர்ச்சி,பெயர்ச்சி,Tamil,300 BCE - present
புடை,पुट,Sanskrit,1500 BCE - present (liturgical/classical)
நிலவேம்பு,நில,Tamil,300 BCE - present
நிலவேம்பு,வேம்பு,Tamil,300 BCE - present
குன்றிமணி,குன்றி,Tamil,300 BCE - present
குன்றிமணி,மணி,Tamil,300 BCE - present
பேய்க்கருங்காலி,பேய்,Tamil,300 BCE - present
பேய்க்கருங்காலி,கருங்காலி,Tamil,300 BCE - present
குப்பைமேனி,குப்பை,Tamil,300 BCE - present
குப்பைமேனி,மேனி,Tamil,300 BCE - present
நாயுருவி,நாய்,Tamil,300 BCE - present
நாயுருவி,உருவி,Tamil,300 BCE - present
பெருந்துத்தி,பெரு,Tamil,300 BCE - present
பெருந்துத்தி,துத்தி,Tamil,300 BCE - present
பேய்மருட்டி,பேய்,Tamil,300 BCE - present
பேய்மருட்டி,மருட்டி,Tamil,300 BCE - present
பிரகாசிதம்,प्रकाशित,Sanskrit,1500 BCE - present (liturgical/classical)
பிருத்தியன்,भृत्य,Sanskrit,1500 BCE - present (liturgical/classical)
பத்தா,भर्ता,Sanskrit,1500 BCE - present (liturgical/classical)
வதம்,वत्त,Sauraseni Prakrit,1 CE - 700 CE
வதம்,व्रत,Sanskrit,1500 BCE - present (liturgical/classical)
விரதம்,व्रत,Sanskrit,1500 BCE - present (liturgical/classical)
புண்ணியம்,पुण्य,Sanskrit,1500 BCE - present (liturgical/classical)
விச்சை,विज्जा,Sauraseni Prakrit,1 CE - 700 CE
விச்சை,विद्या,Sanskrit,1500 BCE - present (liturgical/classical)
அபாரம்,अपार,Sanskrit,1500 BCE - present (liturgical/classical)
நியாசம்,न्यास,Sanskrit,1500 BCE - present (liturgical/classical)
சானம்,जरण,Sanskrit,1500 BCE - present (liturgical/classical)
சானம்,झान,Maharastri Prakrit,1 CE - 700 CE
சானம்,ध्यान,Sanskrit,1500 BCE - present (liturgical/classical)
பிரசேசுவரன்,प्रजेश्वर,Sanskrit,1500 BCE - present (liturgical/classical)
பிரசாதம்,प्रसाद,Sanskrit,1500 BCE - present (liturgical/classical)
சரணியன்,शरण्य,Sanskrit,1500 BCE - present (liturgical/classical)
பிராசாதம்,प्रासाद,Sanskrit,1500 BCE - present (liturgical/classical)
ஈனம்,हीन,Sanskrit,1500 BCE - present (liturgical/classical)
சத்துரு,शत्रु,Sanskrit,1500 BCE - present (liturgical/classical)
தாரித்திரம்,दारिद्र्य,Sanskrit,1500 BCE - present (liturgical/classical)
சதா,सदा,Sanskrit,1500 BCE - present (liturgical/classical)
க்ஷீணம்,क्षीण,Sanskrit,1500 BCE - present (liturgical/classical)
விபத்தி,विभक्ति,Sanskrit,1500 BCE - present (liturgical/classical)
விபத்தி,विपत्ति,Sanskrit,1500 BCE - present (liturgical/classical)
வக்திரம்,वक्तृ,Sanskrit,1500 BCE - present (liturgical/classical)
உத்தரம்,उत्तर,Sanskrit,1500 BCE - present (liturgical/classical)
நாயகன்,नायक,Sanskrit,1500 BCE - present (liturgical/classical)
வளவன்,वल्लभ,Sanskrit,1500 BCE - present (liturgical/classical)
நாயகம்,नायक,Sanskrit,1500 BCE - present (liturgical/classical)
அர்ச்சிதன்,अर्च्य,Sanskrit,1500 BCE - present (liturgical/classical)
வமிசம்,वंश,Sanskrit,1500 BCE - present (liturgical/classical)
ரக்ஷகன்,रक्षक,Sanskrit,1500 BCE - present (liturgical/classical)
ஊதா,اودا,Urdu,not available
தவளம்,धवल,Sanskrit,1500 BCE - present (liturgical/classical)
தூசரம்,धूसर,Sanskrit,1500 BCE - present (liturgical/classical)
அபாமார்க்கம்,अपमार्ग,Sanskrit,1500 BCE - present (liturgical/classical)
வசம்பு,वचा,Sanskrit,1500 BCE - present (liturgical/classical)
அதிவிடை,अति,Sanskrit,1500 BCE - present (liturgical/classical)
சிற்றரத்தை,சிறு,Tamil,300 BCE - present
சிற்றரத்தை,அரத்தை,Tamil,300 BCE - present
அகரு,*agil,Proto-Dravidian,3000 BCE - 1500 BCE (disputed)
பலாசம்,पलाश,Sanskrit,1500 BCE - present (liturgical/classical)
சப்பங்கி,sepang,Malay,not available
காசினிவிரை,காசினி,Tamil,300 BCE - present
காசினிவிரை,விரை,Tamil,300 BCE - present
சிறுகுறிஞ்சா,சிறு,Tamil,300 BCE - present
சிறுகுறிஞ்சா,குறிஞ்சா,Tamil,300 BCE - present
குடசப்பாலை,कुटज,Sanskrit,1500 BCE - present (liturgical/classical)
காட்டாமணக்கு,காடு,Tamil,300 BCE - present
காட்டாமணக்கு,மணக்கு,Tamil,300 BCE - present
சொரிகொன்றை,சொரி,Tamil,300 BCE - present
சொரிகொன்றை,கொன்றை,Tamil,300 BCE - present
சீமையழவனம்,சீமை,Tamil,300 BCE - present
சீமையழவனம்,அழவனம்,Tamil,300 BCE - present
திப்பலி,पिप्पली,Sanskrit,1500 BCE - present (liturgical/classical)
கொடுவேலி,கொடு,Tamil,300 BCE - present
கொடுவேலி,வேலி,Tamil,300 BCE - present
நீர்ப்புன்கு,நீர்,Tamil,300 BCE - present
நீர்ப்புன்கு,புன்கு,Tamil,300 BCE - present
பசுமுன்னை,பசு,Tamil,300 BCE - present
பசுமுன்னை,முன்னை,Tamil,300 BCE - present
உதிரவேங்கை,உதிர,Tamil,300 BCE - present
உதிரவேங்கை,வேங்கை,Tamil,300 BCE - present
செஞ்சந்தனம்,செஞ்,Tamil,300 BCE - present
செஞ்சந்தனம்,சந்தனம்,Tamil,300 BCE - present
இரேவற்சின்னி,"
",Urdu,not available
பொத்தாறுக்கட்டை,பொத்தாறு,Tamil,300 BCE - present
பொத்தாறுக்கட்டை,கட்டை,Tamil,300 BCE - present
கட்டை,कट्ठ,Ardhamagadhi Prakrit,not available
கட்டை,काष्ठ,Sanskrit,1500 BCE - present (liturgical/classical)
பெருமை,𑀧𑁂𑀭𑀼𑀫𑁃,Old Tamil,300 BCE - 700 CE
கணி,गण्,Sanskrit,1500 BCE - present (liturgical/classical)
கணிகன்,गणि,Sanskrit,1500 BCE - present (liturgical/classical)
கொண்டுகூற்று,கொண்டு,Tamil,300 BCE - present
கொண்டுகூற்று,கூற்று,Tamil,300 BCE - present
கொடுமுடி,கொடு,Tamil,300 BCE - present
கொடுமுடி,முடி,Tamil,300 BCE - present
கொடும்புலி,கொடு,Tamil,300 BCE - present
கொடும்புலி,புலி,Tamil,300 BCE - present
கொடும்பாடு,கொடு,Tamil,300 BCE - present
கொடும்பாடு,பாடு,Tamil,300 BCE - present
கொடுமரம்,கொடுமை,Tamil,300 BCE - present
கொடுமரம்,மரம்,Tamil,300 BCE - present
கொடும்பகல்,கொடுமை,Tamil,300 BCE - present
கொடும்பகல்,பகல்,Tamil,300 BCE - present
கொடுப்புப்பல்,கொடுப்பு,Tamil,300 BCE - present
கொடுப்புப்பல்,பல்,Tamil,300 BCE - present
கொடிச்சீலை,கொடி,Tamil,300 BCE - present
கொடிச்சீலை,சீலை,Tamil,300 BCE - present
அணிந்துரை,அணி,Tamil,300 BCE - present
அணிந்துரை,உரை,Tamil,300 BCE - present
தடுத்துவை,தடு,Tamil,300 BCE - present
தடுத்துவை,வை,Tamil,300 BCE - present
அணி,𑀅𑀡𑀺,Old Tamil,300 BCE - 700 CE
புகலிடம்,புகல்,Tamil,300 BCE - present
புகலிடம்,இடம்,Tamil,300 BCE - present
இருப்பிடம்,இருப்பு,Tamil,300 BCE - present
இருப்பிடம்,இடம்,Tamil,300 BCE - present
கட்டைவிரல்,கட்டை,Tamil,300 BCE - present
கட்டைவிரல்,விரல்,Tamil,300 BCE - present
பலி,𑀧𑀮𑀺,Old Tamil,300 BCE - 700 CE
பலி,बलि,Sanskrit,1500 BCE - present (liturgical/classical)
உண்ணாட்டம்,உள்,Tamil,300 BCE - present
உண்ணாட்டம்,நாட்டம்,Tamil,300 BCE - present
உண்ணோக்கல்,உள்,Tamil,300 BCE - present
உண்ணோக்கல்,நோக்கு,Tamil,300 BCE - present
உண்ணீர்,உண்,Tamil,300 BCE - present
உண்ணீர்,நீர்,Tamil,300 BCE - present
புனிதன்,पुनीत,Sanskrit,1500 BCE - present (liturgical/classical)
புனிதம்,पुनीत,Sanskrit,1500 BCE - present (liturgical/classical)
அணைக்கட்டு,அணை,Tamil,300 BCE - present
அணைக்கட்டு,கட்டு,Tamil,300 BCE - present
கோதுமை,गोधूम,Sanskrit,1500 BCE - present (liturgical/classical)
அத்தியாயம்,अध्याय,Sanskrit,1500 BCE - present (liturgical/classical)
சசம்,शश,Sanskrit,1500 BCE - present (liturgical/classical)
பத்தினி,पत्नी,Sanskrit,1500 BCE - present (liturgical/classical)
நீர்க்கால்,நீர்,Tamil,300 BCE - present
நீர்க்கால்,கல்,Tamil,300 BCE - present
கரிச்சலாசத்து,கரி,Tamil,300 BCE - present
கரிச்சலாசத்து,சலாசத்து,Tamil,300 BCE - present
மின்சாரவண்டி,மின்சார,Tamil,300 BCE - present
மின்சாரவண்டி,வண்டி,Tamil,300 BCE - present
மீச்செலவு,மீ,Tamil,300 BCE - present
மீச்செலவு,செலவு,Tamil,300 BCE - present
மீக்கூர்,மீ,Tamil,300 BCE - present
மீக்கூர்,க்கூர்,Tamil,300 BCE - present
ஆகாசம்,आकाश,Sanskrit,1500 BCE - present (liturgical/classical)
ஆகைச்சுட்டி,ஆகை,Tamil,300 BCE - present
ஆகைச்சுட்டி,சுட்டி,Tamil,300 BCE - present
ஆங்க,*a-,Proto-Dravidian,3000 BCE - 1500 BCE (disputed)
ஆங்கனம்,*a-,Proto-Dravidian,3000 BCE - 1500 BCE (disputed)
ஆங்கண்,*a-,Proto-Dravidian,3000 BCE - 1500 BCE (disputed)
ஆங்கு,*a-,Proto-Dravidian,3000 BCE - 1500 BCE (disputed)
ஆங்ஙனம்,அ,Tamil,300 BCE - present
ஆங்ஙனம்,ஙனம்,Tamil,300 BCE - present
ஆங்ஙனம்,*a-,Proto-Dravidian,3000 BCE - 1500 BCE (disputed)
ஆசயம்,आशय,Sanskrit,1500 BCE - present (liturgical/classical)
கிட்டப்பார்வை,கிட்ட,Tamil,300 BCE - present
கிட்டப்பார்வை,பார்வை,Tamil,300 BCE - present
எட்டப்பார்வை,எட்ட,Tamil,300 BCE - present
எட்டப்பார்வை,பார்வை,Tamil,300 BCE - present
நாற்றுப்பாத்தி,நாற்று,Tamil,300 BCE - present
நாற்றுப்பாத்தி,பாத்தி,Tamil,300 BCE - present
நாற்றுநடவு,நாற்று,Tamil,300 BCE - present
நாற்றுநடவு,நடவு,Tamil,300 BCE - present
நாறுகட்டி,நாறு,Tamil,300 BCE - present
நாறுகட்டி,கட்டி,Tamil,300 BCE - present
நாறுநறுவிலி,நாறு,Tamil,300 BCE - present
நாறுநறுவிலி,நறுவிலி,Tamil,300 BCE - present
நாறுகரந்தை,நாறு,Tamil,300 BCE - present
நாறுகரந்தை,கரந்தை,Tamil,300 BCE - present
கூழ்முன்னை,கூழ்,Tamil,300 BCE - present
கூழ்முன்னை,முன்னை,Tamil,300 BCE - present
சம்பகம்,चम्पक,Sanskrit,1500 BCE - present (liturgical/classical)
கடற்பாசி,கடல்,Tamil,300 BCE - present
கடற்பாசி,பாசி,Tamil,300 BCE - present
கொடிப்பாசி,கொடி,Tamil,300 BCE - present
கொடிப்பாசி,பாசி,Tamil,300 BCE - present
மலைகலக்கி,மலை,Tamil,300 BCE - present
மலைகலக்கி,கலக்கி,Tamil,300 BCE - present
வெள்ளைமூங்கில்,வெள்ளை,Tamil,300 BCE - present
வெள்ளைமூங்கில்,மூங்கில்,Tamil,300 BCE - present
நீர்வாழை,நீர்,Tamil,300 BCE - present
நீர்வாழை,வாழை,Tamil,300 BCE - present
தாளிப்பனை,தாளி,Tamil,300 BCE - present
தாளிப்பனை,பனை,Tamil,300 BCE - present
செம்முள்ளி,செம்,Tamil,300 BCE - present
செம்முள்ளி, முள்ளி,Tamil,300 BCE - present
கொட்டையிலந்தை,கொட்டை,Tamil,300 BCE - present
கொட்டையிலந்தை,இலந்தை,Tamil,300 BCE - present
கருக்குவாய்ச்சி,கருக்கு,Tamil,300 BCE - present
கருக்குவாய்ச்சி,வாய்ச்சி,Tamil,300 BCE - present
வாய்ச்சி,वाशी,Sanskrit,1500 BCE - present (liturgical/classical)
வாய்குமட்டல்,வாய்,Tamil,300 BCE - present
வாய்குமட்டல்,குமட்டல்,Tamil,300 BCE - present
வாய்ச்சொல்,வாய்,Tamil,300 BCE - present
வாய்ச்சொல்,சொல்,Tamil,300 BCE - present
வாய்ச்சுத்தம்,வாய்,Tamil,300 BCE - present
வாய்ச்சுத்தம்,சுத்தம்,Tamil,300 BCE - present
வாய்ச்சொலவு,வாய்,Tamil,300 BCE - present
வாய்ச்சொலவு,சொலவு,Tamil,300 BCE - present
வாய்ப்பாட்டு,வாய்,Tamil,300 BCE - present
வாய்ப்பாட்டு,பாட்டு,Tamil,300 BCE - present
வாய்நீர்,வாய்,Tamil,300 BCE - present
வாய்நீர்,நீர்,Tamil,300 BCE - present
பாடம்போற்று,பாடம்,Tamil,300 BCE - present
பாடம்போற்று, போற்று,Tamil,300 BCE - present
பாடணம்,भाषण,Sanskrit,1500 BCE - present (liturgical/classical)
மெத்தம்பாரை,மெத்தம்,Tamil,300 BCE - present
மெத்தம்பாரை,பாரை,Tamil,300 BCE - present
முட்கொன்றை,முட்,Tamil,300 BCE - present
முட்கொன்றை,கொன்றை,Tamil,300 BCE - present
மயிற்கொன்றை,மயிற்,Tamil,300 BCE - present
மயிற்கொன்றை,கொன்றை,Tamil,300 BCE - present
மேன்மூடி,மேல்,Tamil,300 BCE - present
மேன்மூடி,மூடி,Tamil,300 BCE - present
மேன்றலை,மேல்,Tamil,300 BCE - present
மேன்றலை,தலை,Tamil,300 BCE - present
மேனாடு,மேல்,Tamil,300 BCE - present
மேனாடு,நாடு,Tamil,300 BCE - present
வெள்ளைப்பட்டாணி,வெள்ளை,Tamil,300 BCE - present
வெள்ளைப்பட்டாணி,பட்டாணி,Tamil,300 BCE - present
வெள்ளைப்பூலாஞ்சி,வெள்ளை,Tamil,300 BCE - present
வெள்ளைப்பூலாஞ்சி,பூலாஞ்சி,Tamil,300 BCE - present
வறுநிலம்,வறுமை,Tamil,300 BCE - present
வறுநிலம்,நிலம்,Tamil,300 BCE - present
முள்ளம்பன்றி,முள்ளம்,Tamil,300 BCE - present
முள்ளம்பன்றி,பன்றி,Tamil,300 BCE - present
முள்வாளை,முள்,Tamil,300 BCE - present
முள்வாளை,வாலை,Tamil,300 BCE - present
முள்ளம்பலாச்சை,முள்ளம்,Tamil,300 BCE - present
முள்ளம்பலாச்சை,பலாச்சை,Tamil,300 BCE - present
முள்ளுமுருக்கு,முள்ளு,Tamil,300 BCE - present
முள்ளுமுருக்கு,முருக்கு,Tamil,300 BCE - present
முள்மகிழ்,முள்,Tamil,300 BCE - present
முள்மகிழ்,மகிழ்,Tamil,300 BCE - present
முற்படு,முன்,Tamil,300 BCE - present
முற்படு,படு,Tamil,300 BCE - present
போர்க்களம்,போர்,Tamil,300 BCE - present
போர்க்களம்,களம்,Tamil,300 BCE - present
பாரம்பரியம்,पारंपर्य,Sanskrit,1500 BCE - present (liturgical/classical)
எக்கச்சக்கம்,எக்க,Tamil,300 BCE - present
எக்கச்சக்கம்,சக்கம்,Tamil,300 BCE - present
நாதசுவரம்,नाद,Sanskrit,1500 BCE - present (liturgical/classical)
கேழ்வரகு,கேழ்,Tamil,300 BCE - present
கேழ்வரகு,வரகு,Tamil,300 BCE - present
மத்தளம்,मर्दल,Sanskrit,1500 BCE - present (liturgical/classical)
சூரியகாந்தி,சூரிய,Tamil,300 BCE - present
சூரியகாந்தி,காந்தி,Tamil,300 BCE - present
காட்டுப்புகையிலை,காட்டு,Tamil,300 BCE - present
காட்டுப்புகையிலை,புகையிலை,Tamil,300 BCE - present
ஓமம்,होम,Sanskrit,1500 BCE - present (liturgical/classical)
சல்லரி,celery,English,1550 CE - present
கொத்தமல்லி,कुस्तुम्बरी,Sanskrit,1500 BCE - present (liturgical/classical)
கின்னிக்கோழி,கின்னி,Tamil,300 BCE - present
கின்னிக்கோழி,கோழி,Tamil,300 BCE - present
செங்காடை,செங்,Tamil,300 BCE - present
செங்காடை,காடை,Tamil,300 BCE - present
நீர்க்காக்கை,நீர்,Tamil,300 BCE - present
நீர்க்காக்கை,காக்கை,Tamil,300 BCE - present
நாராயணன்,नारायण,Sanskrit,1500 BCE - present (liturgical/classical)
உபாயம்,उपाय,Sanskrit,1500 BCE - present (liturgical/classical)
குருத்துவம்,गुरु,Sanskrit,1500 BCE - present (liturgical/classical)
குருத்தோலைஞாயிறு,குருத்தோலை,Tamil,300 BCE - present
குருத்தோலைஞாயிறு,ஞாயிறு,Tamil,300 BCE - present
குருத்தோலை,குருத்து,Tamil,300 BCE - present
குருத்தோலை,ஓலை,Tamil,300 BCE - present
பிரார்த்தனை,प्रार्थन,Sanskrit,1500 BCE - present (liturgical/classical)
குருத்தெலும்பு,குருத்து,Tamil,300 BCE - present
குருத்தெலும்பு,எலும்பு,Tamil,300 BCE - present
வாழ்,*wāẓ,Proto-Dravidian,3000 BCE - 1500 BCE (disputed)
வாழ்த்துரை,வாழ்த்து,Tamil,300 BCE - present
வாழ்த்துரை,உரை,Tamil,300 BCE - present
பெருநெஞ்சு,பெருமை,Tamil,300 BCE - present
பெருநெஞ்சு,நெஞ்சு,Tamil,300 BCE - present
அச்சன்,𑀅𑀚𑁆𑀚,Prakrit,500 BCE - 1000 CE
அச்சன்,आर्य,Sanskrit,1500 BCE - present (liturgical/classical)
ஆளாபம்,आलाप,Sanskrit,1500 BCE - present (liturgical/classical)
சித்தார்,ستار,Urdu,not available
வீணை,वीणा,Sanskrit,1500 BCE - present (liturgical/classical)
ஆலாபனம்,आलपन,Sanskrit,1500 BCE - present (liturgical/classical)
சரபத்து,سرود,Urdu,not available
சரபத்து,شَرَاب,Arabic,600 CE - present
சங்கீதம்,संगीत,Sanskrit,1500 BCE - present (liturgical/classical)
கிரமேண,क्रमेण,Sanskrit,1500 BCE - present (liturgical/classical)
தேவஸ்தானம்,देव,Sanskrit,1500 BCE - present (liturgical/classical)
நாளுக்குநாள்,நாளுக்கு,Tamil,300 BCE - present
நாளுக்குநாள்,நாள்,Tamil,300 BCE - present
நாளெல்லை,நாள்,Tamil,300 BCE - present
நாளெல்லை,எல்லை,Tamil,300 BCE - present
நிவாசம்,नि-,Sanskrit,1500 BCE - present (liturgical/classical)
நிவசதி,नि,Sanskrit,1500 BCE - present (liturgical/classical)
தரிசனம்,दर्शन,Sanskrit,1500 BCE - present (liturgical/classical)
குறைநாள்,குறை,Tamil,300 BCE - present
குறைநாள்,நாள்,Tamil,300 BCE - present
தொற்றுநோய்,தொற்று,Tamil,300 BCE - present
தொற்றுநோய்,நோய்,Tamil,300 BCE - present
கொரோனா,corona,English,1550 CE - present
அறிகுறி,அறி,Tamil,300 BCE - present
அறிகுறி,குறி,Tamil,300 BCE - present
நவீனம்,नवीन,Sanskrit,1500 BCE - present (liturgical/classical)
உயர்திணை,உயர்,Tamil,300 BCE - present
உயர்திணை,திணை,Tamil,300 BCE - present
கழனி,*keẓ-d,Proto-Dravidian,3000 BCE - 1500 BCE (disputed)
சபை,सभा,Sanskrit,1500 BCE - present (liturgical/classical)
ஜமாத்து,جماعت,Persian,1000 CE - present
ஜமாத்து,جَمَاعَة,Arabic,600 CE - present
காந்தாரம்,गान्धार,Sanskrit,1500 BCE - present (liturgical/classical)
தக்கணநாடு,தக்கண,Tamil,300 BCE - present
தக்கணநாடு,நாடு,Tamil,300 BCE - present
மலாக்கா,Melaka,Malay,not available
பூமிசாஸ்திரம்,भूमि,Sanskrit,1500 BCE - present (liturgical/classical)
ஸ்தாயி,स्थायिन्,Sanskrit,1500 BCE - present (liturgical/classical)
இலயை,लय,Sanskrit,1500 BCE - present (liturgical/classical)
இலயம்,लय,Sanskrit,1500 BCE - present (liturgical/classical)
இலம்பகம்,लम्बक,Sanskrit,1500 BCE - present (liturgical/classical)
உழவுகாடு,உழவு,Tamil,300 BCE - present
உழவுகாடு,காடு,Tamil,300 BCE - present
உழவுசால்,உழவு,Tamil,300 BCE - present
உழவுசால்,சால்,Tamil,300 BCE - present
சிமிட்டி,cement,English,1550 CE - present
சுண்ணாம்பு,cuṇṇa,Maharastri Prakrit,1 CE - 700 CE
வரும்படி,வரும்,Tamil,300 BCE - present
வரும்படி,படி,Tamil,300 BCE - present
வருபொருள்,வரு,Tamil,300 BCE - present
வருபொருள்,பொருள்,Tamil,300 BCE - present
வருபோகம்,வரு,Tamil,300 BCE - present
வருபோகம்,போகம்,Tamil,300 BCE - present
களிமண்,களி,Tamil,300 BCE - present
களிமண்,மண்,Tamil,300 BCE - present
தயார்,तैयार,Hindi,not available
தயார்,تیار,Persian,1000 CE - present
தயார்,طَيَار,Arabic,600 CE - present
கப்பற்சேதம்,கப்பற்,Tamil,300 BCE - present
கப்பற்சேதம்,சேதம்,Tamil,300 BCE - present
கப்பற்சண்டை,கப்பற்,Tamil,300 BCE - present
கப்பற்சண்டை, சண்டை,Tamil,300 BCE - present
பயிர்வழி,பயிர்,Tamil,300 BCE - present
பயிர்வழி,வழி,Tamil,300 BCE - present
பயிருழவு,பயிர்,Tamil,300 BCE - present
பயிருழவு,உழவு,Tamil,300 BCE - present
ஊடுதாக்கு,ஊடு,Tamil,300 BCE - present
ஊடுதாக்கு,தாக்கு,Tamil,300 BCE - present
பண்டபதார்த்தம்,பண்ட,Tamil,300 BCE - present
பண்டபதார்த்தம்,பதார்த்தம்,Tamil,300 BCE - present
ஏமுறு,ஏமம்,Tamil,300 BCE - present
ஏமுறு,உறு,Tamil,300 BCE - present
கால்நடை,கால்,Tamil,300 BCE - present
கால்நடை,நடை,Tamil,300 BCE - present
சிறுநீர்,சிறு,Tamil,300 BCE - present
சிறுநீர்,நீர்,Tamil,300 BCE - present
இன்னணம்,இன்ன,Tamil,300 BCE - present
இன்னணம்,வண்ணம்,Tamil,300 BCE - present
கார்த்திகைவாளை,கார்த்திகை,Tamil,300 BCE - present
கார்த்திகைவாளை,வாளை,Tamil,300 BCE - present
சாளை,साल,Sanskrit,1500 BCE - present (liturgical/classical)
வாணியன்பொருவா,வாணியன்,Tamil,300 BCE - present
வாணியன்பொருவா,பொருவா,Tamil,300 BCE - present
பீசுகோலா,பீசு,Tamil,300 BCE - present
பீசுகோலா,கோலா,Tamil,300 BCE - present
கரிவாளன்கோலா,கரிவாளன்,Tamil,300 BCE - present
கரிவாளன்கோலா,கோலா,Tamil,300 BCE - present
கொழுத்தமுரல்,கொழுத்த,Tamil,300 BCE - present
கொழுத்தமுரல்,முரல்,Tamil,300 BCE - present
அந்தரீயம்,अन्तरीय,Sanskrit,1500 BCE - present (liturgical/classical)
உத்தரீயம்,उत्तरीय,Sanskrit,1500 BCE - present (liturgical/classical)
பூஜை,पूजा,Sanskrit,1500 BCE - present (liturgical/classical)
காஞ்சிபுரம்,காஞ்சி,Tamil,300 BCE - present
காஞ்சிபுரம்,புரம்,Tamil,300 BCE - present
இராமமுழியன்,இராம,Tamil,300 BCE - present
இராமமுழியன்,முழியன்,Tamil,300 BCE - present
உந்திபூத்தோன்,உந்தி,Tamil,300 BCE - present
உந்திபூத்தோன்,பூத்தோன்,Tamil,300 BCE - present
க்ஷிரஸமுத்ரம்,क्षीर,Sanskrit,1500 BCE - present (liturgical/classical)
க்ஷிரஸமுத்ரம்,समुद्र,Sanskrit,1500 BCE - present (liturgical/classical)
பாற்கடல்,பால்,Tamil,300 BCE - present
பாற்கடல்,கடல்,Tamil,300 BCE - present
என்கை,என்,Tamil,300 BCE - present
என்கை,கை,Tamil,300 BCE - present
என்னுங்காட்டில்,என்னுங்,Tamil,300 BCE - present
என்னுங்காட்டில்,காட்டில்,Tamil,300 BCE - present
சாரம்,सार,Sanskrit,1500 BCE - present (liturgical/classical)
ஆளுங்கணம்,ஆளுங்,Tamil,300 BCE - present
ஆளுங்கணம்,கணம்,Tamil,300 BCE - present
அதிகரி,अधिक,Sanskrit,1500 BCE - present (liturgical/classical)
அதிகரி,अधिकार,Sanskrit,1500 BCE - present (liturgical/classical)
அதிகரி,आधीकृ,Sanskrit,1500 BCE - present (liturgical/classical)
ஆலோசனை,आलोचन,Sanskrit,1500 BCE - present (liturgical/classical)
கஷ்டம்,कष्ट,Sanskrit,1500 BCE - present (liturgical/classical)
கொய்யா,guayaba,Spanish,1600 CE - present
கொய்யா,goiaba,Portuguese,1516 CE - present
உக்கம்பருத்தி,உக்கம்,Tamil,300 BCE - present
உக்கம்பருத்தி,பருத்தி,Tamil,300 BCE - present
ஆவணப்படம்,ஆவணம்,Tamil,300 BCE - present
ஆவணப்படம்,படம்,Tamil,300 BCE - present
சாதி,साधति,Sanskrit,1500 BCE - present (liturgical/classical)
தண்டி,दण्ड,Sanskrit,1500 BCE - present (liturgical/classical)
தாச்சா,द्राक्षा,Sanskrit,1500 BCE - present (liturgical/classical)
மீன்வேட்டை,மீன்,Tamil,300 BCE - present
மீன்வேட்டை,வேட்டை,Tamil,300 BCE - present
விவரணம்,विवरण,Sanskrit,1500 BCE - present (liturgical/classical)
வாகியம்,बाह्य,Sanskrit,1500 BCE - present (liturgical/classical)
சோக்கரா,छोकरा,Hindi,not available
திரிபுண்டரம்,त्रिपुण्ड्र,Sanskrit,1500 BCE - present (liturgical/classical)
புண்டரம்,पुण्ड्र,Sanskrit,1500 BCE - present (liturgical/classical)
பீடி,बीड़ी,Hindi,not available
பீடி,پیڙهی,Urdu,not available
தக்கணை,दक्षिण,Sanskrit,1500 BCE - present (liturgical/classical)
சாதனம்,साधन,Sanskrit,1500 BCE - present (liturgical/classical)
சடங்கு,साङ्ग,Sanskrit,1500 BCE - present (liturgical/classical)
பணியாரம்,पण्य,Sanskrit,1500 BCE - present (liturgical/classical)
இயாத்திரை,यात्रा,Sanskrit,1500 BCE - present (liturgical/classical)
சுகவழி,சுகம்,Tamil,300 BCE - present
சுகவழி,வழி,Tamil,300 BCE - present
அபாயம்,अपाय,Sanskrit,1500 BCE - present (liturgical/classical)
சனிக்கிழமை,சனி,Tamil,300 BCE - present
சனிக்கிழமை,கிழமை,Tamil,300 BCE - present
மனனம்,मनन,Sanskrit,1500 BCE - present (liturgical/classical)
பல்லக்கு,पल्लङ्क,Maharastri Prakrit,1 CE - 700 CE
யானம்,यान,Sanskrit,1500 BCE - present (liturgical/classical)
சிவிகை,शिबिका,Sanskrit,1500 BCE - present (liturgical/classical)
குதிரைவாலி,குதிரை,Tamil,300 BCE - present
குதிரைவாலி,வாலி,Tamil,300 BCE - present
பிலிம்பி,blimbing,Malay,not available
குடம்புளி,குடம்,Tamil,300 BCE - present
குடம்புளி,புளி,Tamil,300 BCE - present
பச்சிலை,பச்சை,Tamil,300 BCE - present
பச்சிலை,இலை,Tamil,300 BCE - present
கானங்கோழி,கானம்,Tamil,300 BCE - present
கானங்கோழி,கோழி,Tamil,300 BCE - present
ஹம்ஸம்,हंस,Sanskrit,1500 BCE - present (liturgical/classical)
ஹ்ரஸ்வம்,ह्रस्व,Sanskrit,1500 BCE - present (liturgical/classical)
ஹயக்ரீவன்,हयग्रीव,Sanskrit,1500 BCE - present (liturgical/classical)
கொள்வனை,கொள்,Tamil,300 BCE - present
கொள்வனை, வனை,Tamil,300 BCE - present
மறுசொல்,மறு,Tamil,300 BCE - present
மறுசொல்,சொல்,Tamil,300 BCE - present
மருநிலம்,மரு,Tamil,300 BCE - present
மருநிலம்,நிலம்,Tamil,300 BCE - present
மறுரூபம்,மறு,Tamil,300 BCE - present
மறுரூபம்,ரூபம்,Tamil,300 BCE - present
மறுநாள்,மறு,Tamil,300 BCE - present
மறுநாள்,நாள்,Tamil,300 BCE - present
மாருதி,मारुति,Sanskrit,1500 BCE - present (liturgical/classical)
இலக்குமி,लक्ष्मी,Sanskrit,1500 BCE - present (liturgical/classical)
செட்டிநாகம்,செட்டி,Tamil,300 BCE - present
செட்டிநாகம்,நாகம்,Tamil,300 BCE - present
சிராத்தம்,श्राद्ध,Sanskrit,1500 BCE - present (liturgical/classical)
சதுர்முகன்,चतुर्मुख,Sanskrit,1500 BCE - present (liturgical/classical)
விளைபொருள்,விளை,Tamil,300 BCE - present
விளைபொருள்,பொருள்,Tamil,300 BCE - present
விளைநிலம்,விளை,Tamil,300 BCE - present
விளைநிலம்,நிலம்,Tamil,300 BCE - present
குபேரன்,कुबेर,Sanskrit,1500 BCE - present (liturgical/classical)
விசுவகருமா,विश्वकर्मन्,Sanskrit,1500 BCE - present (liturgical/classical)
துர்க்கை,दुर्ग,Sanskrit,1500 BCE - present (liturgical/classical)
தீபாராதனை,दीप,Sanskrit,1500 BCE - present (liturgical/classical)
சிரேட்டி,श्रेष्ठिन्,Sanskrit,1500 BCE - present (liturgical/classical)
பிரபலம்,प्रबल,Sanskrit,1500 BCE - present (liturgical/classical)
அரைகல்,அரை,Tamil,300 BCE - present
அரைகல்,கல்,Tamil,300 BCE - present
பயன்படு,பயன்,Tamil,300 BCE - present
பயன்படு,படு,Tamil,300 BCE - present
அதிகம்,अधिक,Sanskrit,1500 BCE - present (liturgical/classical)
இரண்டை,रण्ड,Sanskrit,1500 BCE - present (liturgical/classical)
பண்டிதம்,पण्डित,Sanskrit,1500 BCE - present (liturgical/classical)
தலைமாடு,தலை,Tamil,300 BCE - present
தலைமாடு,மாடு,Tamil,300 BCE - present
சுவாமி,स्वामिन्,Sanskrit,1500 BCE - present (liturgical/classical)
தெரிபடு,தெரி,Tamil,300 BCE - present
தெரிபடு,படு,Tamil,300 BCE - present
போலீசு,police,English,1550 CE - present
கல்லேறு,கல்,Tamil,300 BCE - present
கல்லேறு,எறி,Tamil,300 BCE - present
கற்குளி,கல்,Tamil,300 BCE - present
கற்குளி,குளி,Tamil,300 BCE - present
முத்து,मुक्ता,Sanskrit,1500 BCE - present (liturgical/classical)
கருப்பட்டி,கரும்பு,Tamil,300 BCE - present
கருப்பட்டி,அட்டு,Tamil,300 BCE - present
வெண்ணெய்தல்,வெண்மை,Tamil,300 BCE - present
வெண்ணெய்தல்,நெய்தல்,Tamil,300 BCE - present
கருப்பநீர்,கரும்பு,Tamil,300 BCE - present
கருப்பநீர்,நீர்,Tamil,300 BCE - present
சிவப்புமரம்,சிவப்பு,Tamil,300 BCE - present
சிவப்புமரம்,மரம்,Tamil,300 BCE - present
கத்திரியன்,क्षत्रिय,Sanskrit,1500 BCE - present (liturgical/classical)
வைசிகன்,वैश्य,Sanskrit,1500 BCE - present (liturgical/classical)
கீலாரி,खिलारी,Marathi,not available
கொல்லன்பட்டடை,கொல்லன்,Tamil,300 BCE - present
கொல்லன்பட்டடை,பட்டடை,Tamil,300 BCE - present
கொல்லன்பட்டரை,கொல்லன்,Tamil,300 BCE - present
கொல்லன்பட்டரை,பட்டரை,Tamil,300 BCE - present
பஞ்சாயத்து,पंचायत,Hindi,not available
பிரபோதிகை,प्रबोधिक,Sanskrit,1500 BCE - present (liturgical/classical)
போதி,बोधि,Sanskrit,1500 BCE - present (liturgical/classical)
செத்தவீடு,செத்த,Tamil,300 BCE - present
செத்தவீடு,வீடு,Tamil,300 BCE - present
துக்கி,दुःख,Sanskrit,1500 BCE - present (liturgical/classical)
மயிரிழவு,மயிர்,Tamil,300 BCE - present
மயிரிழவு,இழவு,Tamil,300 BCE - present
இழவுகொண்டாடு,இழவு,Tamil,300 BCE - present
இழவுகொண்டாடு,கொண்டாடு,Tamil,300 BCE - present
சிதை,चिता,Sanskrit,1500 BCE - present (liturgical/classical)
துக்கம்,दुःख,Sanskrit,1500 BCE - present (liturgical/classical)
விசாரணை,विचार,Sanskrit,1500 BCE - present (liturgical/classical)
தகவல்,دَخْل,Arabic,600 CE - present
பரிசுத்தாவி,பரிசுத்த,Tamil,300 BCE - present
பரிசுத்தாவி,ஆவி,Tamil,300 BCE - present
பிரதமம்,प्रथम,Sanskrit,1500 BCE - present (liturgical/classical)
செம்மறி,செம்-,Tamil,300 BCE - present
செம்மறி,மறி,Tamil,300 BCE - present
உத்தரவு,उत्तर,Sanskrit,1500 BCE - present (liturgical/classical)
நெய்த்தோர்,*neyttVr,Proto-Dravidian,3000 BCE - 1500 BCE (disputed)
ஆபீசு,office,English,1550 CE - present
உலுவம்,حلبه,Urdu,not available
உலுவம்,حلبه‎,Persian,1000 CE - present
உலுவம்,حُلْبَة,Arabic,600 CE - present
முஸ்தாஜிரி,مستاجری,Urdu,not available
அலங்காரம்,अलंकार,Sanskrit,1500 BCE - present (liturgical/classical)
மன்வந்தரம்,मन्वन्तर,Sanskrit,1500 BCE - present (liturgical/classical)
ரோகிணி,रोहिणी,Sanskrit,1500 BCE - present (liturgical/classical)
கிணற்றாமை,கிணறு,Tamil,300 BCE - present
கிணற்றாமை,ஆமை,Tamil,300 BCE - present
தூர்வாரு,தூர்,Tamil,300 BCE - present
தூர்வாரு,வாரு,Tamil,300 BCE - present
நடைகிணறு,நடை,Tamil,300 BCE - present
நடைகிணறு,கிணறு,Tamil,300 BCE - present
வல்லூற்று,வல்,Tamil,300 BCE - present
வல்லூற்று,ஊற்று,Tamil,300 BCE - present
ஏற்றக்கால்,ஏற்றம்,Tamil,300 BCE - present
ஏற்றக்கால்,கால்,Tamil,300 BCE - present
ஐரோப்பியன்,Europa,German,750 CE - present
ஐரோப்பியன்,European,English,1550 CE - present
பொது முடக்கம்,பொது,Tamil,300 BCE - present
பொது முடக்கம்,முடக்கம்,Tamil,300 BCE - present
ஓய்வுநாள்,ஓய்வு,Tamil,300 BCE - present
ஓய்வுநாள்,நாள்,Tamil,300 BCE - present
தீர்ப்பு,தீர்,Tamil,300 BCE - present
தீர்ப்பு,-ப்பு,Tamil,300 BCE - present
பரிசுத்தம்,परिशुद्ध,Sanskrit,1500 BCE - present (liturgical/classical)
பரிசுத்தம்,परि-,Sanskrit,1500 BCE - present (liturgical/classical)
பரிசுத்தம்,शुद्ध,Sanskrit,1500 BCE - present (liturgical/classical)
ஆசீர்வசனம்,आशीर्वचन,Sanskrit,1500 BCE - present (liturgical/classical)
வியாபி,व्यापन,Sanskrit,1500 BCE - present (liturgical/classical)
நாசி,नासिका,Sanskrit,1500 BCE - present (liturgical/classical)
நித்திரை,निद्रा,Sanskrit,1500 BCE - present (liturgical/classical)
ஸ்த்ரீ,स्त्री,Sanskrit,1500 BCE - present (liturgical/classical)
உண்டுபண்ணு,உண்டு,Tamil,300 BCE - present
உண்டுபண்ணு,பண்ணு,Tamil,300 BCE - present
சீதை,सीता,Sanskrit,1500 BCE - present (liturgical/classical)
இராமர்,राम,Sanskrit,1500 BCE - present (liturgical/classical)
மாதவன்,माधव,Sanskrit,1500 BCE - present (liturgical/classical)
மகாதேவன்,महादेव,Sanskrit,1500 BCE - present (liturgical/classical)
கணேசன்,गणेश,Sanskrit,1500 BCE - present (liturgical/classical)
சங்கரன்,शंकर,Sanskrit,1500 BCE - present (liturgical/classical)
சதாசிவன்,सदाशिव,Sanskrit,1500 BCE - present (liturgical/classical)
பகன்,भग,Sanskrit,1500 BCE - present (liturgical/classical)
சீனிவாசன்,श्रीनिवास,Sanskrit,1500 BCE - present (liturgical/classical)
தனஞ்சயன்,धनंजय,Sanskrit,1500 BCE - present (liturgical/classical)
முரளீதரன்,मुरलीधर,Classical Sanskrit,500 BCE - 1000 CE
இராமானுசன்,रामानुज,Sanskrit,1500 BCE - present (liturgical/classical)
ஆட்காட்டி,ஆட்,Tamil,300 BCE - present
ஆட்காட்டி,காட்டி,Tamil,300 BCE - present
பன்றிக்குருவி,பன்றி,Tamil,300 BCE - present
பன்றிக்குருவி,குருவி,Tamil,300 BCE - present
மஞ்சட்கொழுப்பன்,மஞ்சட்,Tamil,300 BCE - present
மஞ்சட்கொழுப்பன்,கொழுப்பன்,Tamil,300 BCE - present
தூக்கணாங்குருவி,தூக்கணம்,Tamil,300 BCE - present
தூக்கணாங்குருவி,குருவி,Tamil,300 BCE - present
கொண்டலாத்தி,கொண்டை,Tamil,300 BCE - present
கொண்டலாத்தி,உலாத்து,Tamil,300 BCE - present
இராசபுத்திரன்,राजपुत्र,Sanskrit,1500 BCE - present (liturgical/classical)
மெது,मृदु,Sanskrit,1500 BCE - present (liturgical/classical)
படிமம்,प्रतिमा,Sanskrit,1500 BCE - present (liturgical/classical)
பிரதிமை,प्रतिमा,Sanskrit,1500 BCE - present (liturgical/classical)
புல்,*pul,Proto-Dravidian,3000 BCE - 1500 BCE (disputed)
சோதனை,शोधन,Sanskrit,1500 BCE - present (liturgical/classical)
சித்தம்,सिद्ध,Sanskrit,1500 BCE - present (liturgical/classical)
பரலோகம்,पारलौकं,Sanskrit,1500 BCE - present (liturgical/classical)
தெரிந்துணர்ச்சி,தெரிந்து,Tamil,300 BCE - present
தெரிந்துணர்ச்சி,உணர்ச்சி,Tamil,300 BCE - present
அக்கிரமம்,आक्रम,Sanskrit,1500 BCE - present (liturgical/classical)
பிரியன்,प्रिय,Sanskrit,1500 BCE - present (liturgical/classical)
பெருமூச்சு,பெரு,Tamil,300 BCE - present
பெருமூச்சு,மூச்சு,Tamil,300 BCE - present
தவறணை,tavern,English,1550 CE - present
கந்தோர்,kantoor,Dutch,1500 CE - present
கலாநிதி,கலை,Tamil,300 BCE - present
கலாநிதி,நிதி,Tamil,300 BCE - present
மன்னன்,மன்,Tamil,300 BCE - present
மன்னன்,-அன்,Tamil,300 BCE - present
திருநங்கை,திரு,Tamil,300 BCE - present
திருநங்கை,நங்கை,Tamil,300 BCE - present
திருனர்,திரு,Tamil,300 BCE - present
திருனர்,னர்,Tamil,300 BCE - present
திருநம்பி,திரு,Tamil,300 BCE - present
திருநம்பி,நம்பி,Tamil,300 BCE - present
நிகண்டு,निघण्टु,Sanskrit,1500 BCE - present (liturgical/classical)
விவகாரம்,व्यवहार,Sanskrit,1500 BCE - present (liturgical/classical)
தோணிதள்ளு,தோணி,Tamil,300 BCE - present
தோணிதள்ளு,தள்ளு,Tamil,300 BCE - present
யுகம்,युग,Sanskrit,1500 BCE - present (liturgical/classical)
விமான நிலையம்,விமானம்,Tamil,300 BCE - present
விமான நிலையம்,நிலையம்,Tamil,300 BCE - present
புத்தி,बुद्धि,Sanskrit,1500 BCE - present (liturgical/classical)
ஞாலம்,*ñālam,Proto-Dravidian,3000 BCE - 1500 BCE (disputed)
புஷ்பம்,पुष्प,Sanskrit,1500 BCE - present (liturgical/classical)
அட்டு,అట్టు,Telugu,not available
அட்டு,အတု,Burmese,not available
கோபாலன்,गोपाल,Sanskrit,1500 BCE - present (liturgical/classical)
தாகம்,*dʰegʷʰ-,Proto-Indo-European,4500 BCE - 2500 BCE
ஜுரம்,ज्वर,Sanskrit,1500 BCE - present (liturgical/classical)
பத்ததி,पद्धति,Sanskrit,1500 BCE - present (liturgical/classical)
பத்தர்,भक्त,Sanskrit,1500 BCE - present (liturgical/classical)
பத்தி,𑀧𑀢𑁆𑀢𑀺,Old Tamil,300 BCE - 700 CE
பத்தி,𑀪𑀢𑁆𑀢𑀺,Maharastri Prakrit,1 CE - 700 CE
பத்தி,भक्ति,Sanskrit,1500 BCE - present (liturgical/classical)
பத்தி,पङ्क्ति,Sanskrit,1500 BCE - present (liturgical/classical)
பத்தியம்,पाठ्य,Sanskrit,1500 BCE - present (liturgical/classical)
கட்டிப்பிடி,கட்டு,Tamil,300 BCE - present
கட்டிப்பிடி,பிடி,Tamil,300 BCE - present
நெடுஞ்சாலை,நெடு,Tamil,300 BCE - present
நெடுஞ்சாலை,ஞ்,Tamil,300 BCE - present
நெடுஞ்சாலை,சாலை,Tamil,300 BCE - present
ஆரம்பி,आरम्भ,Sanskrit,1500 BCE - present (liturgical/classical)
நுகம்,युग,Sanskrit,1500 BCE - present (liturgical/classical)
ரஜா,رَجَاء,Arabic,600 CE - present
மசூதி,مَسْجِد,Urdu,not available
மசூதி,مَسْجِد,Arabic,600 CE - present
ரந்திரம்,रन्ध्र,Sanskrit,1500 BCE - present (liturgical/classical)
ரயத்,رَعِیَّتْ‎,Urdu,not available
ரயத்,رعیت,Persian,1000 CE - present
திருப்பலி,திரு,Tamil,300 BCE - present
திருப்பலி,பலி,Tamil,300 BCE - present
இராமச்சந்திரன்,रामचन्द्र,Sanskrit,1500 BCE - present (liturgical/classical)
மணமகன்,மணம்,Tamil,300 BCE - present
மணமகன்,மகன்,Tamil,300 BCE - present
திருமுழுக்கு,திரு,Tamil,300 BCE - present
திருமுழுக்கு,மூழ்கு,Tamil,300 BCE - present
வான்படை,வானம்,Tamil,300 BCE - present
வான்படை,படை,Tamil,300 BCE - present
சக்கரம்,𑀘𑀓𑁆𑀓𑀭𑀫𑁆,Old Tamil,300 BCE - 700 CE
சக்கரம்,चक्र,Sanskrit,1500 BCE - present (liturgical/classical)
சக்கரம்,*kʷékʷlos,Proto-Indo-European,4500 BCE - 2500 BCE
ரூபம்,रूप,Sanskrit,1500 BCE - present (liturgical/classical)
விருக்ஷம்,वृक्ष,Sanskrit,1500 BCE - present (liturgical/classical)
விருக்ஷம்,*wr̥ṭṣás,Proto-Indo-Aryan,2000 BCE - 1500 BCE
விருக்ஷம்,*wr̥ćšás,Proto-Indo-Iranian,2200 BCE - 1800 BCE
வானூர்தி,வானம்,Tamil,300 BCE - present
வானூர்தி,ஊர்தி,Tamil,300 BCE - present
அன்னவூர்தி,அன்னம்,Tamil,300 BCE - present
அன்னவூர்தி,ஊர்தி,Tamil,300 BCE - present
புதுமர்,புதிர்,Tamil,300 BCE - present
புதுமர்,-அர்,Tamil,300 BCE - present
ஈரர்,இரு,Tamil,300 BCE - present
ஈரர்,-அர்,Tamil,300 BCE - present
மிடையீரர்,மிடை,Tamil,300 BCE - present
மிடையீரர்,ஈரர்,Tamil,300 BCE - present
ரோஜா,rosa,Portuguese,1516 CE - present
ரோஜா,rosa,Latin,700 BCE - 500 CE
விஷயம்,विषय,Sanskrit,1500 BCE - present (liturgical/classical)
சதுரம்,चतुरस्र,Sanskrit,1500 BCE - present (liturgical/classical)
சாட்சி,साक्षी,Sanskrit,1500 BCE - present (liturgical/classical)
வைகாசி,वैशाख,Sanskrit,1500 BCE - present (liturgical/classical)
புரட்டாசி,प्रौष्ठपद,Sanskrit,1500 BCE - present (liturgical/classical)
ஐப்பசி,आश्वयुज,Sanskrit,1500 BCE - present (liturgical/classical)
மார்கழி,मार्गशीर्ष,Sanskrit,1500 BCE - present (liturgical/classical)
தை,तैष्य,Sanskrit,1500 BCE - present (liturgical/classical)
பங்குனி,फाल्गुन,Sanskrit,1500 BCE - present (liturgical/classical)
மாசி,माघ,Sanskrit,1500 BCE - present (liturgical/classical)
பள்ளிவாசல்,பள்ளி,Tamil,300 BCE - present
பள்ளிவாசல்,வாசல்,Tamil,300 BCE - present
அரசியல்,அரசு,Tamil,300 BCE - present
அரசியல்,இயல்,Tamil,300 BCE - present
உருவம்,रूप,Sanskrit,1500 BCE - present (liturgical/classical)
இவன்,*ī,Proto-Dravidian,3000 BCE - 1500 BCE (disputed)
ராணி,𑀭𑀸𑀡𑀻,Prakrit,500 BCE - 1000 CE
ராணி,राज्ञी,Sanskrit,1500 BCE - present (liturgical/classical)
கழுகு,*kaḻuk,Proto-Dravidian,3000 BCE - 1500 BCE (disputed)
பிணந்தின்னி,பிணம்,Tamil,300 BCE - present
பிணந்தின்னி,தின்னி,Tamil,300 BCE - present
நீர்க்காகம்,நீர்,Tamil,300 BCE - present
நீர்க்காகம்,காகம்,Tamil,300 BCE - present
தர்பூசணி,तरबूज़,Hindi,not available
தர்பூசணி,تربوز,Urdu,not available
தர்பூசணி,تربز,Persian,1000 CE - present
மூடி,मूढी,Sanskrit,1500 BCE - present (liturgical/classical)
பிழி,*piẓi-,Proto-Dravidian,3000 BCE - 1500 BCE (disputed)
ஆரம்பம்,आरम्भ,Sanskrit,1500 BCE - present (liturgical/classical)
தரை,धरा,Sanskrit,1500 BCE - present (liturgical/classical)
அலமாரி,armário,Portuguese,1516 CE - present
பேராசைக்காரன்,பேராசை,Tamil,300 BCE - present
பேராசைக்காரன்,-காரன்,Tamil,300 BCE - present
பேராசை,பெரும்,Tamil,300 BCE - present
பேராசை,ஆசை,Tamil,300 BCE - present
செந்நீர்,செம்,Tamil,300 BCE - present
செந்நீர்,நீர்,Tamil,300 BCE - present
இவர்,*ī,Proto-Dravidian,3000 BCE - 1500 BCE (disputed)
இறைவாக்கு,இறை,Tamil,300 BCE - present
இறைவாக்கு,வாக்கு,Tamil,300 BCE - present
இறைவாக்கினர்,இறை,Tamil,300 BCE - present
இறைவாக்கினர்,வாக்கு,Tamil,300 BCE - present
இறைவாக்கினர்,-இனர்,Tamil,300 BCE - present
தீர்க்கதரிசனம்,தீர்க்கம்,Tamil,300 BCE - present
தீர்க்கதரிசனம்,தரிசனம்,Tamil,300 BCE - present
தோழன்,𑀢𑁄𑀵𑀺,Old Tamil,300 BCE - 700 CE
அச்சம்,अच्छ,Sanskrit,1500 BCE - present (liturgical/classical)
அச்சம்,accha,Pali,500 BCE - 1 CE
தந்தம்,*h₃dónts,Proto-Indo-European,4500 BCE - 2500 BCE
உறவினர்,உறவு,Tamil,300 BCE - present
உறவினர்,-இனர்,Tamil,300 BCE - present
தத்தை,तोता,Hindi,not available
தத்தை,توته,Classical Persian,800 CE - 1900 CE
பாத்திரம்,पात्र,Sanskrit,1500 BCE - present (liturgical/classical)
பாத்திரம்,*peh₃-,Proto-Indo-European,4500 BCE - 2500 BCE
பாத்திரம்,पत्त्र,Sanskrit,1500 BCE - present (liturgical/classical)
எது,*yĀ,Proto-Dravidian,3000 BCE - 1500 BCE (disputed)
ஒலிபெயர்ப்பு,ஒலி,Tamil,300 BCE - present
ஒலிபெயர்ப்பு,பெயர்ப்பு,Tamil,300 BCE - present
அண்டசராசரம்,அண்டம்,Tamil,300 BCE - present
அண்டசராசரம்,சரம்,Tamil,300 BCE - present
அண்டசராசரம்,அசரம்,Tamil,300 BCE - present
ஜகம்,जगत्,Sanskrit,1500 BCE - present (liturgical/classical)
மறுமொழி,மறு,Tamil,300 BCE - present
மறுமொழி,மொழி,Tamil,300 BCE - present
நால்கு,*nāl,Proto-Dravidian,3000 BCE - 1500 BCE (disputed)
நால்,*nāl,Proto-Dravidian,3000 BCE - 1500 BCE (disputed)
ஆயுட்காலம்,ஆயுள்,Tamil,300 BCE - present
ஆயுட்காலம்,காலம்,Tamil,300 BCE - present
வாணாள்,வாழ்,Tamil,300 BCE - present
வாணாள்,நாள்,Tamil,300 BCE - present
வாழ்நாள்,வாழ்,Tamil,300 BCE - present
வாழ்நாள்,நாள்,Tamil,300 BCE - present
ஜெயி,जयति,Sanskrit,1500 BCE - present (liturgical/classical)
எப்பொழுது,எ,Tamil,300 BCE - present
எப்பொழுது,பொழுது,Tamil,300 BCE - present
அஞ்சலகம்,அஞ்சல்,Tamil,300 BCE - present
அஞ்சலகம்,அகம்,Tamil,300 BCE - present
மின்னஞ்சல்,மின்,Tamil,300 BCE - present
மின்னஞ்சல்,அஞ்சல்,Tamil,300 BCE - present
பிராணவாயு,பிராணம்,Tamil,300 BCE - present
பிராணவாயு,வாயு,Tamil,300 BCE - present
நீரியம்,நீர்,Tamil,300 BCE - present
நீரியம்,இயம்,Tamil,300 BCE - present
பகதத்தன்,भगदत्त,Sanskrit,1500 BCE - present (liturgical/classical)
சாமி,sāmin,Pali,500 BCE - 1 CE
சாமி,sāminī,Pali,500 BCE - 1 CE
சாமி,स्वामिनी,Sanskrit,1500 BCE - present (liturgical/classical)
மணித்துளி,மணி,Tamil,300 BCE - present
மணித்துளி,துளி,Tamil,300 BCE - present
கதிரவன்,கதிர்,Tamil,300 BCE - present
கதிரவன்,அவன்,Tamil,300 BCE - present
யான்,𑀬𑀸𑀷𑁆,Old Tamil,300 BCE - 700 CE
யான்,*yāṉ,Proto-Dravidian,3000 BCE - 1500 BCE (disputed)
செவ்வாய்க்கிழமை,செவ்வாய்,Tamil,300 BCE - present
செவ்வாய்க்கிழமை,கிழமை,Tamil,300 BCE - present
திங்கட்கிழமை,திங்கள்,Tamil,300 BCE - present
திங்கட்கிழமை,கிழமை,Tamil,300 BCE - present
ஞாயிற்றுக்கிழமை,ஞாயிறு,Tamil,300 BCE - present
ஞாயிற்றுக்கிழமை,கிழமை,Tamil,300 BCE - present
புதன்கிழமை,புதன்,Tamil,300 BCE - present
புதன்கிழமை,கிழமை,Tamil,300 BCE - present
வியாழக்கிழமை,வியாழன்,Tamil,300 BCE - present
வியாழக்கிழமை,கிழமை,Tamil,300 BCE - present
தற்புகழ்ச்சி,தன்,Tamil,300 BCE - present
தற்புகழ்ச்சி,புகழ்ச்சி,Tamil,300 BCE - present
கலங்கரைவிளக்கம்,கலம்,Tamil,300 BCE - present
கலங்கரைவிளக்கம்,கரை,Tamil,300 BCE - present
கலங்கரைவிளக்கம்,விளக்கம்,Tamil,300 BCE - present
ஞானஸ்நானம்,ஞானம்,Tamil,300 BCE - present
ஞானஸ்நானம்,ஸ்நானம்,Tamil,300 BCE - present
திருவிருந்து,திரு,Tamil,300 BCE - present
திருவிருந்து,விருந்து,Tamil,300 BCE - present
தீபஸ்தம்பம்,தீபம்,Tamil,300 BCE - present
தீபஸ்தம்பம்,ஸ்தம்பம்,Tamil,300 BCE - present
தீபஸ்தம்பம்,दीपस्तंभ,Sanskrit,1500 BCE - present (liturgical/classical)
ராப்போஜனம்,ரா,Tamil,300 BCE - present
ராப்போஜனம்,போஜனம்,Tamil,300 BCE - present
சா,*caH-,Proto-Dravidian,3000 BCE - 1500 BCE (disputed)
மிட்டாய்,मिठाई,Hindi,not available
பட்டாம்பூச்சி,பட்டு,Tamil,300 BCE - present
பட்டாம்பூச்சி,பூச்சி,Tamil,300 BCE - present
பட்டுப்பூச்சி,பட்டு,Tamil,300 BCE - present
பட்டுப்பூச்சி,பூச்சி,Tamil,300 BCE - present
நெகிழிக்குப்பை,நெகிழி,Tamil,300 BCE - present
நெகிழிக்குப்பை,குப்பை,Tamil,300 BCE - present
புகைப்படம்,புகை,Tamil,300 BCE - present
புகைப்படம்,படம்,Tamil,300 BCE - present
இரட்டைக்கிளவி,இரட்டை,Tamil,300 BCE - present
இரட்டைக்கிளவி,கிளவி,Tamil,300 BCE - present
ஓரினச்சேர்க்கை,ஒரு,Tamil,300 BCE - present
ஓரினச்சேர்க்கை,இனம்,Tamil,300 BCE - present
ஓரினச்சேர்க்கை,சேர்க்கை,Tamil,300 BCE - present
மீனம்,*mīn,Proto-Dravidian,3000 BCE - 1500 BCE (disputed)
ஆயிழை,ஆய்,Tamil,300 BCE - present
ஆயிழை,இழை,Tamil,300 BCE - present
சுறவம்,சுறா,Tamil,300 BCE - present
சுறவம்,அரவம்,Tamil,300 BCE - present
அமைச்சர்,அமை,Tamil,300 BCE - present
அமைச்சர்,அர்,Tamil,300 BCE - present
காலாள்,கால்,Tamil,300 BCE - present
காலாள்,ஆள்,Tamil,300 BCE - present
முதுவேனில்,முது-,Tamil,300 BCE - present
முதுவேனில்,வேனில்,Tamil,300 BCE - present
இளவேனில்,இளம்,Tamil,300 BCE - present
இளவேனில்,வேனில்,Tamil,300 BCE - present
பின்பனி,பின்,Tamil,300 BCE - present
பின்பனி,பனி,Tamil,300 BCE - present
இலையுதிர்,இலை,Tamil,300 BCE - present
இலையுதிர்,உதிர்,Tamil,300 BCE - present
முன்பனி,முன்,Tamil,300 BCE - present
முன்பனி,பனி,Tamil,300 BCE - present
பிப்ரவரி,February,English,1550 CE - present
மார்ச்,March,English,1550 CE - present
மே,May,English,1550 CE - present
ஆகஸ்டு,August,English,1550 CE - present
செப்டம்பர்,September,English,1550 CE - present
அக்டோபர்,October,English,1550 CE - present
ஜூலை,July,English,1550 CE - present
ஜூன்,June,English,1550 CE - present
டிசம்பர்,December,English,1550 CE - present
நவம்பர்,November,English,1550 CE - present
கட்டுமரம்,கட்டு,Tamil,300 BCE - present
கட்டுமரம்,மரம்,Tamil,300 BCE - present
நாவாய்,नौ,Sanskrit,1500 BCE - present (liturgical/classical)
ஆர்ட்டின்,heart,English,1550 CE - present
டைமண்ட்,diamond,English,1550 CE - present
இசுபேடு,spade,English,1550 CE - present
கலாவர்,clover,English,1550 CE - present
கிளப்,club,English,1550 CE - present
கோணு,*kōṇ,Proto-Dravidian,3000 BCE - 1500 BCE (disputed)
வெள்ளந்தி,வெள்ளை,Tamil,300 BCE - present
வெள்ளந்தி,அந்தி,Tamil,300 BCE - present
எவர்,*yĀ,Proto-Dravidian,3000 BCE - 1500 BCE (disputed)
யாவர்,*yĀ,Proto-Dravidian,3000 BCE - 1500 BCE (disputed)
மகாபாரதம்,महाभारत,Sanskrit,1500 BCE - present (liturgical/classical)
கடவுச்சொல்,கடவு,Tamil,300 BCE - present
கடவுச்சொல்,சொல்,Tamil,300 BCE - present
சமர்ப்பணம்,समर्पण,Sanskrit,1500 BCE - present (liturgical/classical)
அர்ப்பணம்,अर्पण,Sanskrit,1500 BCE - present (liturgical/classical)
லக்ஷணம்,लक्षण,Sanskrit,1500 BCE - present (liturgical/classical)
உபயோகம்,उपयोग,Sanskrit,1500 BCE - present (liturgical/classical)
சாணி,𑀙𑀕𑀡,Prakrit,500 BCE - 1000 CE
கருப்பிணி,गर्भिणी,Sanskrit,1500 BCE - present (liturgical/classical)
சோகம்,शोक,Sanskrit,1500 BCE - present (liturgical/classical)
சிலப்பதிகாரம்,சிலம்பு,Tamil,300 BCE - present
சிலப்பதிகாரம்,அதிகாரம்,Tamil,300 BCE - present
மணிமேகலை,மணி,Tamil,300 BCE - present
மணிமேகலை,மேகலை,Tamil,300 BCE - present
வியாகுல வியாழன்,வியாகுலம்,Tamil,300 BCE - present
வியாகுல வியாழன்,வியாழன்,Tamil,300 BCE - present
அஞ்சு,*añc-,Proto-Dravidian,3000 BCE - 1500 BCE (disputed)
ௐ,ॐ,Sanskrit,1500 BCE - present (liturgical/classical)
பனியன்,banyan,English,1550 CE - present
பனியன்,வணிகன்,Tamil,300 BCE - present
பனியன்,વાણિયો,Gujarati,not available
பனியன்,baniano,Portuguese,1516 CE - present
பனியன்,بَنِيَان,Arabic,600 CE - present
பனியன்,वणिज्,Sanskrit,1500 BCE - present (liturgical/classical)
ஜட்டி,चड्डी,Hindi,not available
உள்ளாடை,உள்,Tamil,300 BCE - present
உள்ளாடை,ஆடை,Tamil,300 BCE - present
சாக்கு,zak,Dutch,1500 CE - present
சந்தோஷம்,संतोष,Sanskrit,1500 BCE - present (liturgical/classical)
இரட்சி,रक्षति,Sanskrit,1500 BCE - present (liturgical/classical)
நடைமேடை,நடை,Tamil,300 BCE - present
நடைமேடை,மேடை,Tamil,300 BCE - present
வலையமைப்பு,வலை,Tamil,300 BCE - present
வலையமைப்பு,அமைப்பு,Tamil,300 BCE - present
ஒலிவாங்கி,ஒலி,Tamil,300 BCE - present
ஒலிவாங்கி,வாங்கு,Tamil,300 BCE - present
ஒலிவாங்கி,-இ,Tamil,300 BCE - present
வலைத்தளம்,வலை,Tamil,300 BCE - present
வலைத்தளம்,தளம்,Tamil,300 BCE - present
வலைப்பின்னல்,வலை,Tamil,300 BCE - present
வலைப்பின்னல்,பின்னல்,Tamil,300 BCE - present
ஒலிபெருக்கி,ஒலி,Tamil,300 BCE - present
ஒலிபெருக்கி,பெருக்கு,Tamil,300 BCE - present
ஒலிபெருக்கி,-இ,Tamil,300 BCE - present
வலைப்பக்கம்,வலை,Tamil,300 BCE - present
வலைப்பக்கம்,பக்கம்,Tamil,300 BCE - present
அல்லேலூயா,הַלְלוּיָהּ,Hebrew,900 BCE - 500 CE
தடங்காட்டி,தடம்,Tamil,300 BCE - present
தடங்காட்டி,காட்டு,Tamil,300 BCE - present
தடங்காட்டி,-இ,Tamil,300 BCE - present
புவியிடங்காட்டி,புவி,Tamil,300 BCE - present
புவியிடங்காட்டி,இடம்,Tamil,300 BCE - present
புவியிடங்காட்டி,காட்டு,Tamil,300 BCE - present
புவியிடங்காட்டி,-இ,Tamil,300 BCE - present
சகி,सहते,Sanskrit,1500 BCE - present (liturgical/classical)
சபி,शपति,Sanskrit,1500 BCE - present (liturgical/classical)
வண்ணம்,𑀯𑀡𑁆𑀡,Prakrit,500 BCE - 1000 CE
வண்ணம்,vaṇṇa,Pali,500 BCE - 1 CE
வண்ணம்,वर्ण,Sanskrit,1500 BCE - present (liturgical/classical)
தீமொழி,தீ,Tamil,300 BCE - present
தீமொழி,மொழி,Tamil,300 BCE - present
அருள்மிகு,அருள்,Tamil,300 BCE - present
அருள்மிகு,மிகு,Tamil,300 BCE - present
இடையூறு,இடை,Tamil,300 BCE - present
இடையூறு,உறு,Tamil,300 BCE - present
சுடர்,𑀘𑀼𑀝𑀭𑁆,Old Tamil,300 BCE - 700 CE
பேதுரு,πέτρος,Ancient Greek,1500 BCE - 300 BCE
வெள்ளைப்போளம்,வெள்ளை,Tamil,300 BCE - present
வெள்ளைப்போளம்,போளம்,Tamil,300 BCE - present
ஒளிநகல்,ஒளி,Tamil,300 BCE - present
ஒளிநகல்,நகல்,Tamil,300 BCE - present
சம்பாதி,सम्पादयति,Sanskrit,1500 BCE - present (liturgical/classical)
துறவறம்,துறவு,Tamil,300 BCE - present
துறவறம்,அறம்,Tamil,300 BCE - present
ரமலான்,رَمَضَان,Arabic,600 CE - present
திருமுகம்,திரு,Tamil,300 BCE - present
திருமுகம்,முகம்,Tamil,300 BCE - present
பச்சோந்தி,பச்ச,Tamil,300 BCE - present
பச்சோந்தி,ஓந்தி,Tamil,300 BCE - present
வர்ணம்,वर्ण,Sanskrit,1500 BCE - present (liturgical/classical)
பாதை,पथ,Sanskrit,1500 BCE - present (liturgical/classical)
ஆழ்கடல்,ஆழ்,Tamil,300 BCE - present
ஆழ்கடல்,கடல்,Tamil,300 BCE - present
பெருங்கடல்,பெரும்,Tamil,300 BCE - present
பெருங்கடல்,கடல்,Tamil,300 BCE - present
பவளம்,प्रवाल,Sanskrit,1500 BCE - present (liturgical/classical)
கைவேலை,கை,Tamil,300 BCE - present
கைவேலை,வேலை,Tamil,300 BCE - present
அருளுரை,அருள்,Tamil,300 BCE - present
அருளுரை,உரை,Tamil,300 BCE - present
வால்மீன்,வால்,Tamil,300 BCE - present
வால்மீன்,மீன்,Tamil,300 BCE - present
வால்நட்சத்திரம்,வால்,Tamil,300 BCE - present
வால்நட்சத்திரம்,நட்சத்திரம்,Tamil,300 BCE - present
விண்வீழ்கொள்ளி,விண்,Tamil,300 BCE - present
விண்வீழ்கொள்ளி,வீழ்,Tamil,300 BCE - present
விண்வீழ்கொள்ளி,கொள்ளி,Tamil,300 BCE - present
ஈயம்,सीस,Sanskrit,1500 BCE - present (liturgical/classical)
கூடைப்பந்து,கூடை,Tamil,300 BCE - present
கூடைப்பந்து,பந்து,Tamil,300 BCE - present
அடிபந்தாட்டம்,அடி,Tamil,300 BCE - present
அடிபந்தாட்டம்,பந்து,Tamil,300 BCE - present
அடிபந்தாட்டம்,ஆட்டம்,Tamil,300 BCE - present
மாரி,*māri,Proto-Dravidian,3000 BCE - 1500 BCE (disputed)
பாதி,बाध्,Sanskrit,1500 BCE - present (liturgical/classical)
அரிச்சுவடி,அரி,Tamil,300 BCE - present
அரிச்சுவடி,சுவடி,Tamil,300 BCE - present
அந்நியபாஷை,அந்நிய,Tamil,300 BCE - present
அந்நியபாஷை,பாஷை,Tamil,300 BCE - present
மலக்கு,מלאך,Hebrew,900 BCE - 500 CE
பரம்பொருள்,பரம்,Tamil,300 BCE - present
பரம்பொருள்,பொருள்,Tamil,300 BCE - present
ஆசான்,आचार्य,Sanskrit,1500 BCE - present (liturgical/classical)
சுவாலை,ज्वाला,Sanskrit,1500 BCE - present (liturgical/classical)
சமஸ்கிருதம்,संस्कृत,Sanskrit,1500 BCE - present (liturgical/classical)
பனிக்காற்று,பனி,Tamil,300 BCE - present
பனிக்காற்று,காற்று,Tamil,300 BCE - present
கீழ்காற்று,கீழ்,Tamil,300 BCE - present
கீழ்காற்று,காற்று,Tamil,300 BCE - present
புயற்காற்று,புயற்,Tamil,300 BCE - present
புயற்காற்று,காற்று,Tamil,300 BCE - present
பூங்காற்று,பூ,Tamil,300 BCE - present
பூங்காற்று,காற்று,Tamil,300 BCE - present
ஆடிக்காற்று,ஆடி,Tamil,300 BCE - present
ஆடிக்காற்று,காற்று,Tamil,300 BCE - present
ஊதற்காற்று,ஊத,Tamil,300 BCE - present
ஊதற்காற்று,காற்று,Tamil,300 BCE - present
காற்றாடி,காற்று,Tamil,300 BCE - present
காற்றாடி,ஆடி,Tamil,300 BCE - present
காற்றாலை,காற்று,Tamil,300 BCE - present
காற்றாலை,ஆலை,Tamil,300 BCE - present
ஆட்டுக்கல்,ஆட்டு,Tamil,300 BCE - present
ஆட்டுக்கல்,கல்,Tamil,300 BCE - present
நாடாளுமன்றம்,நாடு,Tamil,300 BCE - present
நாடாளுமன்றம்,ஆளும்,Tamil,300 BCE - present
நாடாளுமன்றம்,மன்றம்,Tamil,300 BCE - present
பாராளுமன்றம்,பார்,Tamil,300 BCE - present
பாராளுமன்றம்,ஆளும்,Tamil,300 BCE - present
பாராளுமன்றம்,மன்றம்,Tamil,300 BCE - present
ஈசல்கொட்டு,ஈசல்,Tamil,300 BCE - present
ஈசல்கொட்டு,கொட்டு,Tamil,300 BCE - present
இந்தோனேசியா,Ινδονησία,Greek,1453 CE - present
தென்கிழக்காசியா,தென்,Tamil,300 BCE - present
தென்கிழக்காசியா,கிழக்கு,Tamil,300 BCE - present
தென்கிழக்காசியா,ஆசியா,Tamil,300 BCE - present
பேதை,भेद,Sanskrit,1500 BCE - present (liturgical/classical)
எவர்கள்,*yĀ,Proto-Dravidian,3000 BCE - 1500 BCE (disputed)
மாமன்,*māma,Proto-Dravidian,3000 BCE - 1500 BCE (disputed)
நூதனசாலை,நூதன,Tamil,300 BCE - present
நூதனசாலை,சாலை,Tamil,300 BCE - present
அருங்காட்சியகம்,அரும்,Tamil,300 BCE - present
அருங்காட்சியகம்,காட்சி,Tamil,300 BCE - present
அருங்காட்சியகம்,அகம்,Tamil,300 BCE - present
புகைவண்டி,புகை,Tamil,300 BCE - present
புகைவண்டி,வண்டி,Tamil,300 BCE - present
உடலிலான்,உடல்,Tamil,300 BCE - present
உடலிலான்,இலான்,Tamil,300 BCE - present
லடாக்,لداخ,Persian,1000 CE - present
இலட்சத்தீவுகள்,இலட்சம்,Tamil,300 BCE - present
இலட்சத்தீவுகள்,தீவு,Tamil,300 BCE - present
பாண்டிச்சேரி,பாண்டி,Tamil,300 BCE - present
பாண்டிச்சேரி,சேரி,Tamil,300 BCE - present
அமானுஷ்யம்,अ-,Tamil,300 BCE - present
அமானுஷ்யம்,मानुष्य,Tamil,300 BCE - present
மாவட்டம்,மா,Tamil,300 BCE - present
மாவட்டம்,வட்டம்,Tamil,300 BCE - present
வட்டம்,वृत्त,Sanskrit,1500 BCE - present (liturgical/classical)
சுத்தம்,शुद्ध,Sanskrit,1500 BCE - present (liturgical/classical)
மூத்திரம்,मूत्र,Sanskrit,1500 BCE - present (liturgical/classical)
தாய்மாமன்,தாய்,Tamil,300 BCE - present
தாய்மாமன்,மாமன்,Tamil,300 BCE - present
கள்ளிச்செடி,கள்ளி,Tamil,300 BCE - present
கள்ளிச்செடி,செடி,Tamil,300 BCE - present
நஞ்சுக்கொடி,நஞ்சு,Tamil,300 BCE - present
நஞ்சுக்கொடி,கொடி,Tamil,300 BCE - present
கயல்விழி,கயல்,Tamil,300 BCE - present
கயல்விழி,விழி,Tamil,300 BCE - present
மீனாட்சி,மீன்,Tamil,300 BCE - present
மீனாட்சி,ஆட்சி,Tamil,300 BCE - present
நங்கூரம்,لنگر,Persian,1000 CE - present
நங்கூரம்,ἄγκυρα,Ancient Greek,1500 BCE - 300 BCE
பாய்மரம்,பாய்,Tamil,300 BCE - present
பாய்மரம்,மரம்,Tamil,300 BCE - present
சீயநெய்,சீய,Tamil,300 BCE - present
சீயநெய்,நெய்,Tamil,300 BCE - present
சிகைக்காய்,சிகை,Tamil,300 BCE - present
சிகைக்காய்,காய்,Tamil,300 BCE - present
கேந்திரம்,केन्द्र,Sanskrit,1500 BCE - present (liturgical/classical)
சாவு,*caH-,Proto-Dravidian,3000 BCE - 1500 BCE (disputed)
தீக்கடல்,தீ,Tamil,300 BCE - present
தீக்கடல்,கடல்,Tamil,300 BCE - present
ஆரிருள்,ஆர்,Tamil,300 BCE - present
ஆரிருள்,இருள்,Tamil,300 BCE - present
கோணங்கி,கோண்,Tamil,300 BCE - present
கோணங்கி,அங்கி,Tamil,300 BCE - present
புலனாய்வு,புலன்,Tamil,300 BCE - present
புலனாய்வு,ஆய்வு,Tamil,300 BCE - present
வெம்மணல்,வெம்,Tamil,300 BCE - present
வெம்மணல்,மணல்,Tamil,300 BCE - present
அஜினோமோட்டோ,味の素,Japanese,not available
சர்ப்பம்,सर्प,Sanskrit,1500 BCE - present (liturgical/classical)
மதுசூதன்,मधुसूदन,Sanskrit,1500 BCE - present (liturgical/classical)
அங்கயற்கண்ணி,அம்,Tamil,300 BCE - present
அங்கயற்கண்ணி,கயற்,Tamil,300 BCE - present
அங்கயற்கண்ணி,கண்ணி,Tamil,300 BCE - present
திருநீற்றுப்பச்சை,திருநீறு,Tamil,300 BCE - present
திருநீற்றுப்பச்சை,பச்சை,Tamil,300 BCE - present
செவ்வல்லி,செம்மை,Tamil,300 BCE - present
செவ்வல்லி,வல்லீ,Tamil,300 BCE - present
அடுமனை,அடு,Tamil,300 BCE - present
அடுமனை,மனை,Tamil,300 BCE - present
பால்புதுமை,பால்,Tamil,300 BCE - present
பால்புதுமை,புதுமை,Tamil,300 BCE - present
தென்னாடு,தென்,Tamil,300 BCE - present
தென்னாடு,நாடு,Tamil,300 BCE - present
வெள்ளாடு,வெள்-,Tamil,300 BCE - present
வெள்ளாடு,ஆடு,Tamil,300 BCE - present
மயூரம்,मयूर,Sanskrit,1500 BCE - present (liturgical/classical)
மயூரம்,*mayVr,Proto-Dravidian,3000 BCE - 1500 BCE (disputed)
பெயரடை,பெயர்,Tamil,300 BCE - present
பெயரடை,அடை,Tamil,300 BCE - present
அன்மொழித்தொகை,அன்,Tamil,300 BCE - present
அன்மொழித்தொகை,மொழி,Tamil,300 BCE - present
அன்மொழித்தொகை,தொகை,Tamil,300 BCE - present
ஆக்கவினை,ஆக்க,Tamil,300 BCE - present
ஆக்கவினை,வினை,Tamil,300 BCE - present
ஆகுபெயர்,ஆகு,Tamil,300 BCE - present
ஆகுபெயர்,பெயர்,Tamil,300 BCE - present
இடக்கரடக்கல்,இடக்கர்,Tamil,300 BCE - present
இடக்கரடக்கல்,அடக்கல்,Tamil,300 BCE - present
இடைச்சொல்,இடை,Tamil,300 BCE - present
இடைச்சொல்,சொல்,Tamil,300 BCE - present
ஈற்றயல்,ஈறு,Tamil,300 BCE - present
ஈற்றயல்,அயல்,Tamil,300 BCE - present
வேற்றுகிரகவாசி,வேற்று,Tamil,300 BCE - present
வேற்றுகிரகவாசி,கிரக-,Tamil,300 BCE - present
வேற்றுகிரகவாசி,வாசி,Tamil,300 BCE - present
அருள்வாக்கு,அருள்,Tamil,300 BCE - present
அருள்வாக்கு,வாக்கு,Tamil,300 BCE - present
யாழ்ப்பாணம்,யாழ்,Tamil,300 BCE - present
யாழ்ப்பாணம்,பாணம்,Tamil,300 BCE - present
கைக்கடிகாரம்,கை,Tamil,300 BCE - present
கைக்கடிகாரம்,கடிகாரம்,Tamil,300 BCE - present
தமிழகம்,தமிழ்,Tamil,300 BCE - present
தமிழகம்,அகம்,Tamil,300 BCE - present
பழு,*paẓ-,Proto-Dravidian,3000 BCE - 1500 BCE (disputed)
ஊழிநாள்,ஊழி,Tamil,300 BCE - present
ஊழிநாள்,நாள்,Tamil,300 BCE - present
முன்னோர்,முன்,Tamil,300 BCE - present
முன்னோர்,ஓடினோர்,Tamil,300 BCE - present
றகரம்,ற்,Tamil,300 BCE - present
றகரம்,அகரம்,Tamil,300 BCE - present
பாயா,پایا,Urdu,not available
வடகறி,வட,Tamil,300 BCE - present
வடகறி,கறி,Tamil,300 BCE - present
கழுகரிப்பரி,கழுகு,Tamil,300 BCE - present
கழுகரிப்பரி,அரி,Tamil,300 BCE - present
கழுகரிப்பரி,பரி,Tamil,300 BCE - present
பெறு,𑀧𑁂𑀶𑀼,Old Tamil,300 BCE - 700 CE
வளர்பிறை,வளர்,Tamil,300 BCE - present
வளர்பிறை,பிறை,Tamil,300 BCE - present
தேய்பிறை,தேய்,Tamil,300 BCE - present
தேய்பிறை,பிறை,Tamil,300 BCE - present
பக்ரித்,بقرعید,Urdu,not available
வானவர்,வான்,Tamil,300 BCE - present
வானவர்,அவர்,Tamil,300 BCE - present
தூசி,धूलि,Sanskrit,1500 BCE - present (liturgical/classical)
ஈத் அல்-அழ்ஹா,عِيد اَلْأَضْحَى,Arabic,600 CE - present
மீலாதுன் நபி,مَوْلِد النَّبَوِيّ,Arabic,600 CE - present
வெண்டைக்காய்,வெண்டை,Tamil,300 BCE - present
வெண்டைக்காய்,காய்,Tamil,300 BCE - present
குழிக்கரண்டி,குழி,Tamil,300 BCE - present
குழிக்கரண்டி,கரண்டி,Tamil,300 BCE - present
வடமொழி,வட-,Tamil,300 BCE - present
வடமொழி,மொழி,Tamil,300 BCE - present
வடசொல்,வட-,Tamil,300 BCE - present
வடசொல்,சொல்,Tamil,300 BCE - present
திருமகள்,திரு,Tamil,300 BCE - present
திருமகள்,மகள்,Tamil,300 BCE - present
பனிக்கூழ்,பனி,Tamil,300 BCE - present
பனிக்கூழ்,கூழ்,Tamil,300 BCE - present
குளிர்களி,குளிர்,Tamil,300 BCE - present
குளிர்களி,களி,Tamil,300 BCE - present
தடுப்பூசி,தடுப்பு,Tamil,300 BCE - present
தடுப்பூசி,ஊசி,Tamil,300 BCE - present
விஞ்ஞானம்,विज्ञान,Sanskrit,1500 BCE - present (liturgical/classical)
கூரல்,gruel,English,1550 CE - present
விக்கல்,*vikki-,Proto-Dravidian,3000 BCE - 1500 BCE (disputed)
வைணவம்,वैष्णव,Sanskrit,1500 BCE - present (liturgical/classical)
சைவம்,शैव,Sanskrit,1500 BCE - present (liturgical/classical)
உயிர்மெய்யெழுத்து,உயிர்,Tamil,300 BCE - present
உயிர்மெய்யெழுத்து,மெய்,Tamil,300 BCE - present
உயிர்மெய்யெழுத்து,எழுத்து,Tamil,300 BCE - present
உவன்,*uH,Proto-Dravidian,3000 BCE - 1500 BCE (disputed)
தன்பாலீர்ப்பு,தன்,Tamil,300 BCE - present
தன்பாலீர்ப்பு,பால்,Tamil,300 BCE - present
தன்பாலீர்ப்பு,ஈர்ப்பு,Tamil,300 BCE - present
எதிர்பாலீர்ப்பு,எதிர்,Tamil,300 BCE - present
எதிர்பாலீர்ப்பு,பால்,Tamil,300 BCE - present
எதிர்பாலீர்ப்பு,ஈர்ப்பு,Tamil,300 BCE - present
ஒருபாலீர்ப்பு,ஒரு,Tamil,300 BCE - present
ஒருபாலீர்ப்பு,பால்,Tamil,300 BCE - present
ஒருபாலீர்ப்பு,ஈர்ப்பு,Tamil,300 BCE - present
இருபாலீர்ப்பு,இரு,Tamil,300 BCE - present
இருபாலீர்ப்பு,பால்,Tamil,300 BCE - present
இருபாலீர்ப்பு,ஈர்ப்பு,Tamil,300 BCE - present
ஸ்பஷ்டம்,स्पष्ट,Sanskrit,1500 BCE - present (liturgical/classical)
பகுப்பாய்வு,பகுப்பு,Tamil,300 BCE - present
பகுப்பாய்வு,ஆய்வு,Tamil,300 BCE - present
அபாலீர்ப்பு,அ-,Tamil,300 BCE - present
அபாலீர்ப்பு,பால்,Tamil,300 BCE - present
அபாலீர்ப்பு,ஈர்ப்பு,Tamil,300 BCE - present
பெங்களூர்,Bangalore,English,1550 CE - present
பெங்களூர்,ಬೆಂಗಳೂರು,Kannada,not available
ஜாஃப்னா,யாழ்ப்பாணம்,Tamil,300 BCE - present
பிரயோஜனம்,प्रयोजन,Sanskrit,1500 BCE - present (liturgical/classical)
தீர்த்தம்,तीर्थ,Sanskrit,1500 BCE - present (liturgical/classical)
ஞாபகம்,ज्ञापक,Sanskrit,1500 BCE - present (liturgical/classical)
தமிழ்செல்வன்,தமிழ்,Tamil,300 BCE - present
தமிழ்செல்வன்,செல்வன்,Tamil,300 BCE - present
தமிழ்செல்வி,தமிழ்,Tamil,300 BCE - present
தமிழ்செல்வி,செல்வி,Tamil,300 BCE - present
வானகம்,வான்,Tamil,300 BCE - present
வானகம்,அகம்,Tamil,300 BCE - present
ரோமாபுரி,Rōma,Latin,700 BCE - 500 CE
வலைஒளி,வலை,Tamil,300 BCE - present
வலைஒளி,ஒளி,Tamil,300 BCE - present
திறன்பேசி,திறன்,Tamil,300 BCE - present
திறன்பேசி,பேசு,Tamil,300 BCE - present
திறன்பேசி,-இ,Tamil,300 BCE - present
முகநூல்,முக,Tamil,300 BCE - present
முகநூல்,நூல்,Tamil,300 BCE - present
தொலையியக்கி,தொலை,Tamil,300 BCE - present
தொலையியக்கி,இயக்கு,Tamil,300 BCE - present
தொலையியக்கி,-இ,Tamil,300 BCE - present
செயலி,செயல்,Tamil,300 BCE - present
செயலி,-இ,Tamil,300 BCE - present
பதிவிறக்கம்,பதிவு,Tamil,300 BCE - present
பதிவிறக்கம்,இறக்கம்,Tamil,300 BCE - present
பதிவேற்றம்,பதிவு,Tamil,300 BCE - present
பதிவேற்றம்,ஏற்றம்,Tamil,300 BCE - present
தரவு,dare,Latin,700 BCE - 500 CE
தங்கமீன்,தங்க,Tamil,300 BCE - present
தங்கமீன்,மீன்,Tamil,300 BCE - present
ஸ்வர்ணம்,स्वर्ण,Sanskrit,1500 BCE - present (liturgical/classical)
தீவினை,தீய,Tamil,300 BCE - present
தீவினை,வினை,Tamil,300 BCE - present
தீவினை,தீ,Tamil,300 BCE - present
காலுறை,கால்,Tamil,300 BCE - present
காலுறை,உறை,Tamil,300 BCE - present
ஆர்கனோ,orégano,Spanish,1600 CE - present
ஆர்கனோ,origanum,Latin,700 BCE - 500 CE
ஆர்கனோ,ὀρίγανον,Ancient Greek,1500 BCE - 300 BCE
பற்தூரிகை,பல்,Tamil,300 BCE - present
பற்தூரிகை,தூரிகை,Tamil,300 BCE - present
பற்பசை,பல்,Tamil,300 BCE - present
பற்பசை,பசை,Tamil,300 BCE - present
தலையணை,தலை,Tamil,300 BCE - present
தலையணை,அணை,Tamil,300 BCE - present
அமுதம்,अमृत,Sanskrit,1500 BCE - present (liturgical/classical)
பால் வழி,Milky Way,English,1550 CE - present
பால் வட்டம்,Γαλακτικός κύκλος,Greek,1453 CE - present
நடராஜர்,நட,Tamil,300 BCE - present
நடராஜர்,ராஜர்,Tamil,300 BCE - present
கடவுச்சீட்டு,கடவு,Tamil,300 BCE - present
கடவுச்சீட்டு,சீட்டு,Tamil,300 BCE - present
நற்றிணை,நல்,Tamil,300 BCE - present
நற்றிணை,திணை,Tamil,300 BCE - present
நெடுநல்வாடை,நெடு,Tamil,300 BCE - present
நெடுநல்வாடை,நல்,Tamil,300 BCE - present
நெடுநல்வாடை,வாடை,Tamil,300 BCE - present
குறுந்தொகை,குறும்,Tamil,300 BCE - present
குறுந்தொகை,தொகை,Tamil,300 BCE - present
எட்டுத்தொகை,எட்டு,Tamil,300 BCE - present
எட்டுத்தொகை,தொகை,Tamil,300 BCE - present
பத்துப்பாட்டு,பத்து,Tamil,300 BCE - present
பத்துப்பாட்டு,பாட்டு,Tamil,300 BCE - present
விசைப்பலகை,விசை,Tamil,300 BCE - present
விசைப்பலகை,பலகை,Tamil,300 BCE - present
பரதநாட்டியம்,பரத,Tamil,300 BCE - present
பரதநாட்டியம்,நாட்டியம்,Tamil,300 BCE - present
தருவாய்,தரு,Tamil,300 BCE - present
தருவாய்,வாய்,Tamil,300 BCE - present
மோகினியாட்டம்,மோகினி,Tamil,300 BCE - present
மோகினியாட்டம்,ஆட்டம்,Tamil,300 BCE - present
ரத்தபூமி,ரத்த,Tamil,300 BCE - present
ரத்தபூமி,பூமி,Tamil,300 BCE - present
முள்நாறி,முள்,Tamil,300 BCE - present
முள்நாறி,நாறி,Tamil,300 BCE - present
இளங்கோ,இளம்,Tamil,300 BCE - present
இளங்கோ,கோ,Tamil,300 BCE - present
மனுஷன்,मनुष्य,Sanskrit,1500 BCE - present (liturgical/classical)
ஒட்டகச்சிவிங்கி,ஒட்டகம்,Tamil,300 BCE - present
ஒட்டகச்சிவிங்கி,சிவிங்கி,Tamil,300 BCE - present
மாட்டுவண்டி,மாட்டு-,Tamil,300 BCE - present
மாட்டுவண்டி,வண்டி,Tamil,300 BCE - present
விவாஹம்,विवाह,Sanskrit,1500 BCE - present (liturgical/classical)
மென்னடை,மென்,Tamil,300 BCE - present
மென்னடை,நடை,Tamil,300 BCE - present
தொல்காப்பியம்,தொல்,Tamil,300 BCE - present
தொல்காப்பியம்,காப்பியம்,Tamil,300 BCE - present
தொல்காப்பியம்,காப்பு,Tamil,300 BCE - present
தொல்காப்பியம்,இயன்றது,Tamil,300 BCE - present
கன்னியாகுமரி,कन्या,Sanskrit,1500 BCE - present (liturgical/classical)
கன்னியாகுமரி,कुमारी,Sanskrit,1500 BCE - present (liturgical/classical)
மருமகள்,மரு,Tamil,300 BCE - present
மருமகள்,மகள்,Tamil,300 BCE - present
கைப்பிடி,கை,Tamil,300 BCE - present
கைப்பிடி,பிடி,Tamil,300 BCE - present
மருமகன்,மரு,Tamil,300 BCE - present
மருமகன்,மகன்,Tamil,300 BCE - present
ஊறு,*uṯu,Proto-Dravidian,3000 BCE - 1500 BCE (disputed)
தோசை,தோய்,Tamil,300 BCE - present
தோசை,செய்,Tamil,300 BCE - present
கண்டி,खण्ड्,Sanskrit,1500 BCE - present (liturgical/classical)
சிவரிக்கீரை,சிவரி,Tamil,300 BCE - present
சிவரிக்கீரை,கீரை,Tamil,300 BCE - present
காவேரி,कावेरी,Sanskrit,1500 BCE - present (liturgical/classical)
கடற்குதிரை,கடல்,Tamil,300 BCE - present
கடற்குதிரை,குதிரை,Tamil,300 BCE - present
கடற்குதிரை,seahorse,English,1550 CE - present
ஆவுளியா,ஆ,Tamil,300 BCE - present
ஆவுளியா,உளியா,Tamil,300 BCE - present
முதுகுநாணி,முதுகு,Tamil,300 BCE - present
முதுகுநாணி,நாணி,Tamil,300 BCE - present
துடுப்புக்காலி,துடுப்பு,Tamil,300 BCE - present
துடுப்புக்காலி,காலி,Tamil,300 BCE - present
நீர்நாய்,நீர்,Tamil,300 BCE - present
நீர்நாய்,நாய்,Tamil,300 BCE - present
ஏவுகணை,ஏவு,Tamil,300 BCE - present
ஏவுகணை,கணை,Tamil,300 BCE - present
கார்முகில்,கார்,Tamil,300 BCE - present
கார்முகில்,முகில்,Tamil,300 BCE - present
ஒலிநூல்,ஒலி,Tamil,300 BCE - present
ஒலிநூல்,நூல்,Tamil,300 BCE - present
இணையதளம்,இணையம்,Tamil,300 BCE - present
இணையதளம்,தளம்,Tamil,300 BCE - present
நச்சுயிரி,நச்சு,Tamil,300 BCE - present
நச்சுயிரி,உயிரி,Tamil,300 BCE - present
கிருமி,कृमि,Sanskrit,1500 BCE - present (liturgical/classical)
நிலப்படவரைவியல்,நிலப்படம்,Tamil,300 BCE - present
நிலப்படவரைவியல்,வரை,Tamil,300 BCE - present
நிலப்படவரைவியல்,-இயல்,Tamil,300 BCE - present
வரைபடம்,வரை,Tamil,300 BCE - present
வரைபடம்,படம்,Tamil,300 BCE - present
திருச்சபை,திரு,Tamil,300 BCE - present
திருச்சபை,சபை,Tamil,300 BCE - present
கனி,*kaṉi,Proto-Dravidian,3000 BCE - 1500 BCE (disputed)
வரதட்சணை,वर,Sanskrit,1500 BCE - present (liturgical/classical)
வரதட்சணை,दक्षिण,Sanskrit,1500 BCE - present (liturgical/classical)
சீதனம்,ஸ்திரீ,Tamil,300 BCE - present
சீதனம்,தனம்,Tamil,300 BCE - present
பலிபீடம்,பலி,Tamil,300 BCE - present
பலிபீடம்,பீடம்,Tamil,300 BCE - present
கொட்டாவி,கொட்டு,Tamil,300 BCE - present
கொட்டாவி,ஆவி,Tamil,300 BCE - present
மணவாளன்,மணம்,Tamil,300 BCE - present
மணவாளன்,ஆள்,Tamil,300 BCE - present
மணவாளன்,-அன்,Tamil,300 BCE - present
முத்தமிடு,முத்தம்,Tamil,300 BCE - present
முத்தமிடு,இடு,Tamil,300 BCE - present
பைத்தியம்,पैत्तिक,Sanskrit,1500 BCE - present (liturgical/classical)
பாரசீகம்,पारसीक,Sanskrit,1500 BCE - present (liturgical/classical)
பாரசீகம்,𐎱𐎠𐎼𐎿,Old Persian,600 BCE - 300 BCE
சூறாவளி,சூறு,Tamil,300 BCE - present
சூறாவளி,ஆம்,Tamil,300 BCE - present
சூறாவளி,வளி,Tamil,300 BCE - present
மால்,*mā,Proto-Dravidian,3000 BCE - 1500 BCE (disputed)
படுகுழி,படு,Tamil,300 BCE - present
படுகுழி,குழி,Tamil,300 BCE - present
நண்பகல்,நள்,Tamil,300 BCE - present
நண்பகல்,பகல்,Tamil,300 BCE - present
முற்பகல்,முன்,Tamil,300 BCE - present
முற்பகல்,பகல்,Tamil,300 BCE - present
நள்ளிரவு,நள்,Tamil,300 BCE - present
நள்ளிரவு,இரவு,Tamil,300 BCE - present
கஜானா,خزانه,Persian,1000 CE - present
பொருளாதாரம்,பொருள்,Tamil,300 BCE - present
பொருளாதாரம்,ஆதாரம்,Tamil,300 BCE - present
வையகம்,வை,Tamil,300 BCE - present
வையகம்,அகம்,Tamil,300 BCE - present
துருவவொளி,துருவம்,Tamil,300 BCE - present
துருவவொளி,ஒளி,Tamil,300 BCE - present
உதாரத்துவம்,उदार,Sanskrit,1500 BCE - present (liturgical/classical)
உதாரத்துவம்,त्व,Sanskrit,1500 BCE - present (liturgical/classical)
अङ्ग,*Hángas,Proto-Indo-Aryan,2000 BCE - 1500 BCE
अङ्ग,*Hángas,Proto-Indo-Iranian,2200 BCE - 1800 BCE
अङ्ग,*h₂eng-,Proto-Indo-European,4500 BCE - 2500 BCE
𑀧𑀼𑀮𑀺,*puli,Proto-Dravidian,3000 BCE - 1500 BCE (disputed)
देश,*dayśás,Proto-Indo-Aryan,2000 BCE - 1500 BCE
देश,*dayćás,Proto-Indo-Iranian,2200 BCE - 1800 BCE
देश,*deyḱ-,Proto-Indo-European,4500 BCE - 2500 BCE
गुरु,*gr̥Húṣ,Proto-Indo-Aryan,2000 BCE - 1500 BCE
गुरु,*gr̥Húš,Proto-Indo-Iranian,2200 BCE - 1800 BCE
गुरु,*gʷréh₂us,Proto-Indo-European,4500 BCE - 2500 BCE
kahve,قَهْوَة,Arabic,600 CE - present
India,India,Old English,450 CE - 1150 CE
India,India,Latin,700 BCE - 500 CE
India,Ἰνδία,Ancient Greek,1500 BCE - 300 BCE
India,Ἰνδός,Ancient Greek,1500 BCE - 300 BCE
India,𐏃𐎡𐎯𐎢𐏁,Old Persian,600 BCE - 300 BCE
India,सिन्धु,Sanskrit,1500 BCE - present (liturgical/classical)
India,*síndʰuš,Proto-Indo-Iranian,2200 BCE - 1800 BCE
نان,LHMA,Middle Persian,300 BCE - 651 CE
نان,*nagna-,Proto-Iranian,not available
लोक,*lawkás,Proto-Indo-Aryan,2000 BCE - 1500 BCE
𑀦𑀻𑀭𑁆,*nīr,Proto-Dravidian,3000 BCE - 1500 BCE (disputed)
𑀓𑀺𑀴𑀺,*kiḷi,Proto-Dravidian,3000 BCE - 1500 BCE (disputed)
मेघ,*Hmaygʰás,Proto-Indo-Iranian,2200 BCE - 1800 BCE
द्वीप,*dwiHpás,Proto-Indo-Iranian,2200 BCE - 1800 BCE
रामायण,राम,Sanskrit,1500 BCE - present (liturgical/classical)
रामायण,अयन,Sanskrit,1500 BCE - present (liturgical/classical)
सहस्र,*saźʰásram,Proto-Indo-Aryan,2000 BCE - 1500 BCE
सहस्र,*saȷ́ʰásram,Proto-Indo-Iranian,2200 BCE - 1800 BCE
राशि,*rāśíṣ,Proto-Indo-Aryan,2000 BCE - 1500 BCE
राशि,*rāćíš,Proto-Indo-Iranian,2200 BCE - 1800 BCE
नभस्,*nábʰas,Proto-Indo-Iranian,2200 BCE - 1800 BCE
नभस्,*nébʰos,Proto-Indo-European,4500 BCE - 2500 BCE
मणि,*maníṣ,Proto-Indo-Aryan,2000 BCE - 1500 BCE
मणि,*maníš,Proto-Indo-Iranian,2200 BCE - 1800 BCE
𑀇𑀮𑀓𑁆𑀓𑀡𑀫𑁆,लक्षण,Sanskrit,1500 BCE - present (liturgical/classical)
अणु,*Harnuṣ,Proto-Indo-Aryan,2000 BCE - 1500 BCE
श्वास,*ćwāsás,Proto-Indo-Iranian,2200 BCE - 1800 BCE
अहंकार,अहं,Sanskrit,1500 BCE - present (liturgical/classical)
अहंकार,-कार,Sanskrit,1500 BCE - present (liturgical/classical)
मनस्,*mánas,Proto-Indo-Iranian,2200 BCE - 1800 BCE
मनस्,*ménos,Proto-Indo-European,4500 BCE - 2500 BCE
सुन्दर,*(H)su-Hnar-a-,Proto-Indo-Iranian,2200 BCE - 1800 BCE
फल,*paẓam,Proto-Dravidian,3000 BCE - 1500 BCE (disputed)
फल,*bʰel-,Proto-Indo-European,4500 BCE - 2500 BCE
बल,*bálas,Proto-Indo-Aryan,2000 BCE - 1500 BCE
बल,*bálas,Proto-Indo-Iranian,2200 BCE - 1800 BCE
बल,*bel-,Proto-Indo-European,4500 BCE - 2500 BCE
राजन्,*h₃rḗǵs,Proto-Indo-European,4500 BCE - 2500 BCE
धर्म,*dʰármas,Proto-Indo-Aryan,2000 BCE - 1500 BCE
कर्मन्,*kárma,Proto-Indo-Aryan,2000 BCE - 1500 BCE
कर्मन्,*kárma,Proto-Indo-Iranian,2200 BCE - 1800 BCE
कर्मन्,*kʷer-,Proto-Indo-European,4500 BCE - 2500 BCE
इष्ट,*Hiṣṭás,Proto-Indo-Aryan,2000 BCE - 1500 BCE
इष्ट,*Hištás,Proto-Indo-Iranian,2200 BCE - 1800 BCE
सिंह,*sinźʰás,Proto-Indo-Aryan,2000 BCE - 1500 BCE
सिंह,*sinȷ́ʰás,Proto-Indo-Iranian,2200 BCE - 1800 BCE
सिंह,*sinǵʰo-,Proto-Indo-European,4500 BCE - 2500 BCE
अवतार,*h₂ew,Proto-Indo-European,4500 BCE - 2500 BCE
भाषा,*bʰáHṣaH,Proto-Indo-Aryan,2000 BCE - 1500 BCE
भाषा,*bʰáHšaH,Proto-Indo-Iranian,2200 BCE - 1800 BCE
भाषा,*bʰeh₂-,Proto-Indo-European,4500 BCE - 2500 BCE
सूर्य,*súHar,Proto-Indo-Iranian,2200 BCE - 1800 BCE
सूर्य,*sóh₂wl̥,Proto-Indo-European,4500 BCE - 2500 BCE
योनि,*yawni,Proto-Indo-Iranian,2200 BCE - 1800 BCE
Angle,Anglus,Latin,700 BCE - 500 CE
Angle,*anguz,Proto-Germanic,500 BCE - 500 CE
cigarette,cigarette,French,1600 CE - present
cigarette,cigarro,Spanish,1600 CE - present
television,télévision,French,1600 CE - present
नील,*neyH-,Proto-Indo-European,4500 BCE - 2500 BCE
hydrogen,hydrogène,French,1600 CE - present
hydrogen,ὕδωρ,Ancient Greek,1500 BCE - 300 BCE
कोप,*káwpas,Proto-Indo-Aryan,2000 BCE - 1500 BCE
कोप,*káwpas,Proto-Indo-Iranian,2200 BCE - 1800 BCE
कोप,*kwep-,Proto-Indo-European,4500 BCE - 2500 BCE
शर्करा,*śárkaraH,Proto-Indo-Aryan,2000 BCE - 1500 BCE
शर्करा,*ćárkaraH,Proto-Indo-Iranian,2200 BCE - 1800 BCE
शर्करा,*ḱorkeh₂,Proto-Indo-European,4500 BCE - 2500 BCE
ध्यान,*dʰayHanā-,Proto-Indo-Iranian,2200 BCE - 1800 BCE
नगर,नृ,Sanskrit,1500 BCE - present (liturgical/classical)
नगर,*गर,Sanskrit,1500 BCE - present (liturgical/classical)
भक्ति,*bʰaktíṣ,Proto-Indo-Aryan,2000 BCE - 1500 BCE
भक्ति,*bʰaktíš,Proto-Indo-Iranian,2200 BCE - 1800 BCE
भक्ति,*bʰeh₂g-,Proto-Indo-European,4500 BCE - 2500 BCE
durian,*duri-an,Proto-Malayic,not available
durian,*duʀi-an,Proto-Malayo-Polynesian,not available
Conley,Connlaodh,Irish,not available
Conley,Conláed,Old Irish,not available
Conley,Ó Conghalaigh,Irish,not available
स्व,*swá,Proto-Indo-Aryan,2000 BCE - 1500 BCE
स्व,*swá,Proto-Indo-Iranian,2200 BCE - 1800 BCE
स्व,*swé,Proto-Indo-European,4500 BCE - 2500 BCE
पशु,*páću,Proto-Indo-Iranian,2200 BCE - 1800 BCE
पशु,*péḱu,Proto-Indo-European,4500 BCE - 2500 BCE
लोह,*Hrawdʰás,Proto-Indo-Iranian,2200 BCE - 1800 BCE
लोह,*h₁rowdʰós,Proto-Indo-European,4500 BCE - 2500 BCE
janela,janella,Old Portuguese,870 CE - 1400 CE
janela,*ianuella,Vulgar Latin,100 BCE - 600 CE
janela,iānua,Latin,700 BCE - 500 CE
janela,*h₁ey-,Proto-Indo-European,4500 BCE - 2500 BCE
janella,*ianuella,Vulgar Latin,100 BCE - 600 CE
janella,iānua,Latin,700 BCE - 500 CE
janella,*h₁ey-,Proto-Indo-European,4500 BCE - 2500 BCE
रोटी,रोटी,Hindi,not available
hotel,hôtel,French,1600 CE - present
hotel,hostel,Middle French,1340 CE - 1610 CE
hotel,ostel,Old French,800 CE - 1400 CE
hotel,hospitālis,Late Latin,200 CE - 600 CE
hotel,hospitalis,Latin,700 BCE - 500 CE
रहस्य,*raȷ́ʰ-,Proto-Indo-Iranian,2200 BCE - 1800 BCE
𑀫𑀻𑀷𑁆,*mīn,Proto-Dravidian,3000 BCE - 1500 BCE (disputed)
April,apprile,Middle English,1150 CE - 1500 CE
April,avrill,Old French,800 CE - 1400 CE
April,Aprīlis,Latin,700 BCE - 500 CE
April,𐌀𐌐𐌓𐌖,Etruscan,not available
April,Ἀφροδίτη,Ancient Greek,1500 BCE - 300 BCE
सहोदर,सह,Sanskrit,1500 BCE - present (liturgical/classical)
सहोदर,उदर,Sanskrit,1500 BCE - present (liturgical/classical)
chave,chave,Old Portuguese,870 CE - 1400 CE
chave,clāvis,Latin,700 BCE - 500 CE
chave,*klāwis,Proto-Italic,1000 BCE - 700 BCE (disputed)
chave,*(s)kleh₂w-,Proto-Indo-European,4500 BCE - 2500 BCE
काल,*kār,Proto-Dravidian,3000 BCE - 1500 BCE (disputed)
जल,*ȷ́alám,Proto-Indo-Aryan,2000 BCE - 1500 BCE
January,Januarie,Middle English,1150 CE - 1500 CE
January,genever,Anglo-Norman,not available
January,iānuārius,Latin,700 BCE - 500 CE
January,*h₁ey-,Proto-Indo-European,4500 BCE - 2500 BCE
पुस्तक,*pōstaka,Proto-Indo-Aryan,2000 BCE - 1500 BCE
Japan,Japão,Portuguese,1516 CE - present
Japan,Japan,Dutch,1500 CE - present
Japan,Jepang,Malay,not available
Christmas,Cristemasse,Middle English,1150 CE - 1500 CE
Christmas,Cristes mæsse,Old English,450 CE - 1150 CE
French,Frenċisċ,Old English,450 CE - 1150 CE
वर्ण,*wárnas,Proto-Indo-Iranian,2200 BCE - 1800 BCE
वर्ण,*welh₁-,Proto-Indo-European,4500 BCE - 2500 BCE
वंश,*wanśás,Proto-Indo-Aryan,2000 BCE - 1500 BCE
वंश,*wanćás,Proto-Indo-Iranian,2200 BCE - 1800 BCE
Jerusalem,Ierusalem,Late Latin,200 CE - 600 CE
Jerusalem,Ἰερουσαλήμ,Ancient Greek,1500 BCE - 300 BCE
Jerusalem,יְרוּשָׁלַיִם,Biblical Hebrew,1000 BCE - 500 BCE
आरती,आरात्रिक,Sanskrit,1500 BCE - present (liturgical/classical)
दोष,*dáwṣas,Proto-Indo-Aryan,2000 BCE - 1500 BCE
दोष,*dáwšas,Proto-Indo-Iranian,2200 BCE - 1800 BCE
दोष,*dew-,Proto-Indo-European,4500 BCE - 2500 BCE
Rome,Rome,Middle English,1150 CE - 1500 CE
Rome,Rōm,Old English,450 CE - 1150 CE
Rome,*Rūmō,Proto-Germanic,500 BCE - 500 CE
Rome,Rōma,Late Latin,200 CE - 600 CE
Rome,Rōma,Latin,700 BCE - 500 CE
Rome,Rome,Old French,800 CE - 1400 CE
भ्रू,*HbʰrúHs,Proto-Indo-Iranian,2200 BCE - 1800 BCE
भ्रू,*h₃bʰrúHs,Proto-Indo-European,4500 BCE - 2500 BCE
𑀤𑀸𑀠𑀺𑀆,दाढिका,Sanskrit,1500 BCE - present (liturgical/classical)
दाढिका,*denḱ-,Proto-Indo-European,4500 BCE - 2500 BCE
बुद्ध,*buddʰás,Proto-Indo-Aryan,2000 BCE - 1500 BCE
बुद्ध,*bʰudᶻdʰás,Proto-Indo-Iranian,2200 BCE - 1800 BCE
बुद्ध,*bʰudʰtós,Proto-Indo-European,4500 BCE - 2500 BCE
पठति,*pártʰati,Proto-Indo-Aryan,2000 BCE - 1500 BCE
पक्ष,*pakšás,Proto-Indo-Iranian,2200 BCE - 1800 BCE
पक्ष,*peg-,Proto-Indo-European,4500 BCE - 2500 BCE
वाल,*wālás,Proto-Indo-Aryan,2000 BCE - 1500 BCE
वाल,*wālás,Proto-Indo-Iranian,2200 BCE - 1800 BCE
वाल,*welH-,Proto-Indo-European,4500 BCE - 2500 BCE
मनुष्य,*manuṣyás,Proto-Indo-Aryan,2000 BCE - 1500 BCE
मनुष्य,*manušyás,Proto-Indo-Iranian,2200 BCE - 1800 BCE
मनुष्य,*mon-,Proto-Indo-European,4500 BCE - 2500 BCE
mile,myle,Middle English,1150 CE - 1500 CE
mile,mīl,Old English,450 CE - 1150 CE
mile,*mīliju,Proto-West Germanic,before 500 CE (unconfirmed)
mile,mīlia,Latin,700 BCE - 500 CE
office,office,Middle English,1150 CE - 1500 CE
office,office,Old French,800 CE - 1400 CE
office,officium,Latin,700 BCE - 500 CE
beetroot,beet,English,1550 CE - present
beetroot,root,English,1550 CE - present
𑀫𑀸𑀮𑁃,माला,Sanskrit,1500 BCE - present (liturgical/classical)
mobile phone,mobile,English,1550 CE - present
mobile phone,phone,English,1550 CE - present
नाग,𒀭𒈾,Sumerian,not available
नाग,*negʷ-,Proto-Indo-European,4500 BCE - 2500 BCE
नाक,न,Sanskrit,1500 BCE - present (liturgical/classical)
नाक,अक,Sanskrit,1500 BCE - present (liturgical/classical)
पर्वत,*párwatas,Proto-Indo-Iranian,2200 BCE - 1800 BCE
भूमि,*bʰúHmiš,Proto-Indo-Iranian,2200 BCE - 1800 BCE
भूमि,*bʰuH-,Proto-Indo-European,4500 BCE - 2500 BCE
दूर,*duHrás,Proto-Indo-Iranian,2200 BCE - 1800 BCE
रस,*Hrásas,Proto-Indo-Aryan,2000 BCE - 1500 BCE
रस,*Hrásas,Proto-Indo-Iranian,2200 BCE - 1800 BCE
रस,*Hros-,Proto-Indo-European,4500 BCE - 2500 BCE
barley,barly,Middle English,1150 CE - 1500 CE
barley,bærlīċ,Old English,450 CE - 1150 CE
barley,*baraz,Proto-Germanic,500 BCE - 500 CE
barley,*bʰars-,Proto-Indo-European,4500 BCE - 2500 BCE
वन,*wán-,Proto-Indo-Iranian,2200 BCE - 1800 BCE
धान्य,*dʰeh₁(y)-,Proto-Indo-European,4500 BCE - 2500 BCE
यम,*yámHas,Proto-Indo-Aryan,2000 BCE - 1500 BCE
यम,*yámHas,Proto-Indo-Iranian,2200 BCE - 1800 BCE
यम,*yémHos,Proto-Indo-European,4500 BCE - 2500 BCE
यम,*Yámas,Proto-Indo-Aryan,2000 BCE - 1500 BCE
यम,*Yámas,Proto-Indo-Iranian,2200 BCE - 1800 BCE
वरुण,*Hwárunas,Proto-Indo-Aryan,2000 BCE - 1500 BCE
वरुण,*Hwárunas,Proto-Indo-Iranian,2200 BCE - 1800 BCE
युद्ध,*Hyawdʰ-,Proto-Indo-Iranian,2200 BCE - 1800 BCE
युद्ध,*Hyewdʰ-,Proto-Indo-European,4500 BCE - 2500 BCE
कृष्ण,*kr̥šnás,Proto-Indo-Iranian,2200 BCE - 1800 BCE
कृष्ण,*kr̥snós,Proto-Indo-European,4500 BCE - 2500 BCE
सत्य,*Hsatyás,Proto-Indo-Iranian,2200 BCE - 1800 BCE
मांस,*māmsám,Proto-Indo-Iranian,2200 BCE - 1800 BCE
𑀘𑀗𑁆𑀓𑀫𑁆,सङ्घ,Sanskrit,1500 BCE - present (liturgical/classical)
𑀘𑀗𑁆𑀓𑀫𑁆,शङ्ख,Sanskrit,1500 BCE - present (liturgical/classical)
𑀘𑀗𑁆𑀓𑀫𑁆,*śankʰás,Proto-Indo-Aryan,2000 BCE - 1500 BCE
𑀘𑀗𑁆𑀓𑀫𑁆,*ćankʰás,Proto-Indo-Iranian,2200 BCE - 1800 BCE
काम,*káHmas,Proto-Indo-Iranian,2200 BCE - 1800 BCE
मृग,*mr̥gás,Proto-Indo-Iranian,2200 BCE - 1800 BCE
मध्य,*mádʰyas,Proto-Indo-Iranian,2200 BCE - 1800 BCE
मध्य,*médʰyos,Proto-Indo-European,4500 BCE - 2500 BCE
प्रयाण,*pro-,Proto-Indo-European,4500 BCE - 2500 BCE
भय,*bʰeyh₂-,Proto-Indo-European,4500 BCE - 2500 BCE
पयस्,*páyHas,Proto-Indo-Iranian,2200 BCE - 1800 BCE
पयस्,*peyH-,Proto-Indo-European,4500 BCE - 2500 BCE
मण्डल,*melnd-,Proto-Indo-European,4500 BCE - 2500 BCE
द्राक्षा,*dráHgẓʰaH,Proto-Indo-Aryan,2000 BCE - 1500 BCE
द्राक्षा,*dʰráHȷ́žʰaH,Proto-Indo-Iranian,2200 BCE - 1800 BCE
वेद,*weyd-,Proto-Indo-European,4500 BCE - 2500 BCE
𑀜𑀸𑀷𑀫𑁆,ज्ञान,Sanskrit,1500 BCE - present (liturgical/classical)
कक्ष,*káćšas,Proto-Indo-Iranian,2200 BCE - 1800 BCE
कक्ष,*kagʰ-,Proto-Indo-European,4500 BCE - 2500 BCE
गर्भ,*gárbʰas,Proto-Indo-Iranian,2200 BCE - 1800 BCE
मल,*málas,Proto-Indo-Aryan,2000 BCE - 1500 BCE
मल,*málas,Proto-Indo-Iranian,2200 BCE - 1800 BCE
गल,*gʷel-,Proto-Indo-European,4500 BCE - 2500 BCE
जात,*ȷ́aHtás,Proto-Indo-Iranian,2200 BCE - 1800 BCE
जात,*ǵn̥h₁tós,Proto-Indo-European,4500 BCE - 2500 BCE
हंस,*ȷ́ʰansás,Proto-Indo-Iranian,2200 BCE - 1800 BCE
हंस,*ǵʰh₂éns,Proto-Indo-European,4500 BCE - 2500 BCE
द्वार,*dwā́ram,Proto-Indo-Aryan,2000 BCE - 1500 BCE
द्वार,*dʰwā́ram,Proto-Indo-Iranian,2200 BCE - 1800 BCE
द्वार,*dʰworom,Proto-Indo-European,4500 BCE - 2500 BCE
अमृत,*amŕ̥tas,Proto-Indo-Iranian,2200 BCE - 1800 BCE
अमृत,*n̥mr̥tós,Proto-Indo-European,4500 BCE - 2500 BCE
गण,*h₂ger-,Proto-Indo-European,4500 BCE - 2500 BCE
अग्नि,*Hagníṣ,Proto-Indo-Aryan,2000 BCE - 1500 BCE
अग्नि,*Hagnís,Proto-Indo-Iranian,2200 BCE - 1800 BCE
अग्नि,*h₁n̥gʷnís,Proto-Indo-European,4500 BCE - 2500 BCE
कुण्ड,*kuṇṭ-a-m,Proto-Dravidian,3000 BCE - 1500 BCE (disputed)
होत्र,*źʰawtrám,Proto-Indo-Aryan,2000 BCE - 1500 BCE
होत्र,*ȷ́ʰáwtram,Proto-Indo-Iranian,2200 BCE - 1800 BCE
होत्र,*ǵʰew-,Proto-Indo-European,4500 BCE - 2500 BCE
तानपूरा,تنبور,Persian,1000 CE - present
तानपूरा,तान,Hindi,not available
तानपूरा,पूरा,Hindi,not available
تنبور,"tmbwl, tnbwl",Middle Persian,300 BCE - 651 CE
تنبور,πανδοῦρα,Ancient Greek,1500 BCE - 300 BCE
श्रुति,*śrútiṣ,Proto-Indo-Aryan,2000 BCE - 1500 BCE
श्रुति,*ćrútiš,Proto-Indo-Iranian,2200 BCE - 1800 BCE
श्री,*ćriHrás,Proto-Indo-Iranian,2200 BCE - 1800 BCE
रोग,*lewg-,Proto-Indo-European,4500 BCE - 2500 BCE
कवि,*káwHiš,Proto-Indo-Iranian,2200 BCE - 1800 BCE
अक्ष,*Háṭṣas,Proto-Indo-Aryan,2000 BCE - 1500 BCE
अक्ष,*Háćšas,Proto-Indo-Iranian,2200 BCE - 1800 BCE
अक्ष,*h₂eḱs-,Proto-Indo-European,4500 BCE - 2500 BCE
अक्षि,*Hákṣi,Proto-Indo-Aryan,2000 BCE - 1500 BCE
अक्षि,*Hákši,Proto-Indo-Iranian,2200 BCE - 1800 BCE
अक्षि,*h₃ókʷs,Proto-Indo-European,4500 BCE - 2500 BCE
حق,حَقّ,Arabic,600 CE - present
حق,حَقّ,Arabic,600 CE - present
Finland,Finnland,Old Norse,700 CE - 1350 CE
पाप,*pāpás,Proto-Indo-Iranian,2200 BCE - 1800 BCE
अर्थ,*Hártʰam,Proto-Indo-Iranian,2200 BCE - 1800 BCE
अर्थ,*h₁ert-,Proto-Indo-European,4500 BCE - 2500 BCE
अर्ध,*Hárdʰas,Proto-Indo-Iranian,2200 BCE - 1800 BCE
bank,banke,Middle English,1150 CE - 1500 CE
bank,banque,Middle French,1340 CE - 1610 CE
bank,banca,Italian,1400 CE - present
bank,bank,Lombardic,not available
bank,*banki,Proto-West Germanic,before 500 CE (unconfirmed)
bank,*bankiz,Proto-Germanic,500 BCE - 500 CE
bank,*bʰeg-,Proto-Indo-European,4500 BCE - 2500 BCE
bank,bank,Middle English,1150 CE - 1500 CE
bank,hōbanca,Old English,450 CE - 1150 CE
bank,banc,Old English,450 CE - 1150 CE
bank,*bankô,Proto-Germanic,500 BCE - 500 CE
bank,banc,Old French,800 CE - 1400 CE
bank,*bank,Frankish,not available
bank,banc,French,1600 CE - present
kakhuis,kakken,Dutch,1500 CE - present
kakhuis,huis,Dutch,1500 CE - present
petrol,(essence de) ,French,1600 CE - present
petrol,petroleum,Medieval Latin,600 CE - 1400 CE
petrol,πετρέλαιον,Ancient Greek,1500 BCE - 300 BCE
ऋषि,*ŕ̥ṣiṣ,Proto-Indo-Aryan,2000 BCE - 1500 BCE
ऋषि,*r̥šíš,Proto-Indo-Iranian,2200 BCE - 1800 BCE
ऋषभ,*(w)r̥šabʰás,Proto-Indo-Iranian,2200 BCE - 1800 BCE
भोजन,*bʰewg-,Proto-Indo-European,4500 BCE - 2500 BCE
भाग,*bʰāgás,Proto-Indo-Aryan,2000 BCE - 1500 BCE
भाग,*bʰāgás,Proto-Indo-Iranian,2200 BCE - 1800 BCE
भाग,*bʰeh₂g-,Proto-Indo-European,4500 BCE - 2500 BCE
भग,*bʰagás,Proto-Indo-Aryan,2000 BCE - 1500 BCE
भग,*bʰagás,Proto-Indo-Iranian,2200 BCE - 1800 BCE
क्षय,*gẓʰayás,Proto-Indo-Aryan,2000 BCE - 1500 BCE
क्षय,*gžʰayás,Proto-Indo-Iranian,2200 BCE - 1800 BCE
क्षय,*dʰgʷʰey-,Proto-Indo-European,4500 BCE - 2500 BCE
ترجمہ,تَرْجُمَة,Arabic,600 CE - present
ترجمه,تَرْجَمَة,Arabic,600 CE - present
सिन्धु,*síndʰuṣ,Proto-Indo-Aryan,2000 BCE - 1500 BCE
सिन्धु,*síndʰuš,Proto-Indo-Iranian,2200 BCE - 1800 BCE
पूर्णिमा,पूर्ण,Sanskrit,1500 BCE - present (liturgical/classical)
पूर्णिमा,मा,Sanskrit,1500 BCE - present (liturgical/classical)
स्नेह,*snáyźʰas,Proto-Indo-Aryan,2000 BCE - 1500 BCE
स्नेह,*snáyǰʰas,Proto-Indo-Iranian,2200 BCE - 1800 BCE
स्नेह,*snóygʷʰos,Proto-Indo-European,4500 BCE - 2500 BCE
शिष्ट,*śiṣṭás,Proto-Indo-Aryan,2000 BCE - 1500 BCE
नदी,*nadíH,Proto-Indo-Iranian,2200 BCE - 1800 BCE
नति,*natiš,Proto-Indo-Iranian,2200 BCE - 1800 BCE
नति,*nem-,Proto-Indo-European,4500 BCE - 2500 BCE
नक्त,*nókʷts,Proto-Indo-European,4500 BCE - 2500 BCE
गिरि,*gr̥Híš,Proto-Indo-Iranian,2200 BCE - 1800 BCE
गिरि,*gl̥h₁éys,Proto-Indo-European,4500 BCE - 2500 BCE
कपोत,*kapáwtas,Proto-Indo-Iranian,2200 BCE - 1800 BCE
सत्,*Hsánt,Proto-Indo-Iranian,2200 BCE - 1800 BCE
सत्,*h₁sónts,Proto-Indo-European,4500 BCE - 2500 BCE
गाथा,*gaHtʰáH,Proto-Indo-Aryan,2000 BCE - 1500 BCE
गाथा,*gaHtʰáH,Proto-Indo-Iranian,2200 BCE - 1800 BCE
वायु,*HwaHyúš,Proto-Indo-Iranian,2200 BCE - 1800 BCE
मति,*matíš,Proto-Indo-Iranian,2200 BCE - 1800 BCE
मति,*méntis,Proto-Indo-European,4500 BCE - 2500 BCE
चन्द्र,*(s)ćandrás,Proto-Indo-Aryan,2000 BCE - 1500 BCE
चन्द्र,*(s)čandrás,Proto-Indo-Iranian,2200 BCE - 1800 BCE
चन्द्र,*(s)kand-,Proto-Indo-European,4500 BCE - 2500 BCE
प्रभा,*pro-,Proto-Indo-European,4500 BCE - 2500 BCE
वार्,*ur,Proto-Indo-European,4500 BCE - 2500 BCE
لنگر,ἄγκῡρα,Ancient Greek,1500 BCE - 300 BCE
पर्ण,*parnám,Proto-Indo-Iranian,2200 BCE - 1800 BCE
पर्ण,*pornóm,Proto-Indo-European,4500 BCE - 2500 BCE
गुहा,*gʰawȷ́ʰ-,Proto-Indo-Iranian,2200 BCE - 1800 BCE
चर्मन्,*čárma,Proto-Indo-Iranian,2200 BCE - 1800 BCE
चर्मन्,*(s)ker-,Proto-Indo-European,4500 BCE - 2500 BCE
سؤال,سُؤَال,Arabic,600 CE - present
سوال,سُؤَال,Arabic,600 CE - present
𑀉𑀭𑁄𑀫𑀫𑁆,रोमन्,Sanskrit,1500 BCE - present (liturgical/classical)
रोमन्,*Hráwma,Proto-Indo-Aryan,2000 BCE - 1500 BCE
रोमन्,*Hráwma,Proto-Indo-Iranian,2200 BCE - 1800 BCE
𑀦𑀓𑀭𑁆,नगर,Sanskrit,1500 BCE - present (liturgical/classical)
स्थिति,*stéh₂tis,Proto-Indo-European,4500 BCE - 2500 BCE
धनिया,धानेय,Sanskrit,1500 BCE - present (liturgical/classical)
कुठार,*kuṭāri,Proto-Dravidian,3000 BCE - 1500 BCE (disputed)
मधु,*mádʰu,Proto-Indo-Iranian,2200 BCE - 1800 BCE
मधु,*médʰu,Proto-Indo-European,4500 BCE - 2500 BCE
तोक,*tawkás,Proto-Indo-Aryan,2000 BCE - 1500 BCE
तोक,*tawkás,Proto-Indo-Iranian,2200 BCE - 1800 BCE
रोध,*(H)rawdʰ-,Proto-Indo-Iranian,2200 BCE - 1800 BCE
روز,𐭩𐭥𐭬,Middle Persian,300 BCE - 651 CE
अहम्,*aźʰám,Proto-Indo-Aryan,2000 BCE - 1500 BCE
अहम्,*aȷ́ʰám,Proto-Indo-Iranian,2200 BCE - 1800 BCE
अहम्,*éǵh₂,Proto-Indo-European,4500 BCE - 2500 BCE
जनक,*ǵenh₁-,Proto-Indo-European,4500 BCE - 2500 BCE
जानु,*ȷ́ā́nu,Proto-Indo-Iranian,2200 BCE - 1800 BCE
जानु,*ǵónu,Proto-Indo-European,4500 BCE - 2500 BCE
जन्तु,*ĵantúṣ,Proto-Indo-Aryan,2000 BCE - 1500 BCE
जन्तु,*ȷ́antúš,Proto-Indo-Iranian,2200 BCE - 1800 BCE
जन्तु,*ǵenh₁-,Proto-Indo-European,4500 BCE - 2500 BCE
सस्य,*sasás,Proto-Indo-Iranian,2200 BCE - 1800 BCE
सस्य,*(s)h₁es-,Proto-Indo-European,4500 BCE - 2500 BCE
पङ्क,*pen-,Proto-Indo-European,4500 BCE - 2500 BCE
पर्वन्,*párwr̥,Proto-Indo-Aryan,2000 BCE - 1500 BCE
पर्वन्,*párwr̥,Proto-Indo-Iranian,2200 BCE - 1800 BCE
पर्वन्,*pérwr̥,Proto-Indo-European,4500 BCE - 2500 BCE
جھنڈا,*ध्वजदण्ड,Sanskrit,1500 BCE - present (liturgical/classical)
جھنڈا,ध्वज,Sanskrit,1500 BCE - present (liturgical/classical)
جھنڈا,दण्ड,Sanskrit,1500 BCE - present (liturgical/classical)
स्वर,*swer-,Proto-Indo-European,4500 BCE - 2500 BCE
रजत,*h₂r̥ǵn̥tóm,Proto-Indo-European,4500 BCE - 2500 BCE
हिरण्य,*ȷ́ʰr̥Hanyam,Proto-Indo-Iranian,2200 BCE - 1800 BCE
हिम,*źʰimás,Proto-Indo-Aryan,2000 BCE - 1500 BCE
हिम,*ȷ́ʰimás,Proto-Indo-Iranian,2200 BCE - 1800 BCE
हिम,*ǵʰéyōm,Proto-Indo-European,4500 BCE - 2500 BCE
पृथिवी,*pr̥tHwíH,Proto-Indo-Iranian,2200 BCE - 1800 BCE
पृथिवी,*pl̥th₂éwih₂,Proto-Indo-European,4500 BCE - 2500 BCE
𑀣𑀽𑀡𑀸,स्थूणा,Sanskrit,1500 BCE - present (liturgical/classical)
स्थूणा,*stʰuHnáH,Proto-Indo-Iranian,2200 BCE - 1800 BCE
martelo,martelo,Old Portuguese,870 CE - 1400 CE
martelo,martellus,Late Latin,200 CE - 600 CE
martelo,marculus,Latin,700 BCE - 500 CE
Χριστός,ܡܫܺܝܚܳܐ,Aramaic,not available
आलय,*sley-,Proto-Indo-European,4500 BCE - 2500 BCE
कपाल,*kapā́las,Proto-Indo-Aryan,2000 BCE - 1500 BCE
कपाल,*kapā́las,Proto-Indo-Iranian,2200 BCE - 1800 BCE
कपाल,*káp-ōl,Proto-Indo-European,4500 BCE - 2500 BCE
शल्य,*ḱel(h₃)-,Proto-Indo-European,4500 BCE - 2500 BCE
गोष्ठ,गो,Sanskrit,1500 BCE - present (liturgical/classical)
गोष्ठ,स्थ,Sanskrit,1500 BCE - present (liturgical/classical)
नास्तिक,न,Sanskrit,1500 BCE - present (liturgical/classical)
नास्तिक,आस्तिक,Sanskrit,1500 BCE - present (liturgical/classical)
कपट,*kh₂emp-,Proto-Indo-European,4500 BCE - 2500 BCE
वर,*wáras,Proto-Indo-Aryan,2000 BCE - 1500 BCE
वर,*wáras,Proto-Indo-Iranian,2200 BCE - 1800 BCE
वर,*wer-,Proto-Indo-European,4500 BCE - 2500 BCE
वर,*welh₁-,Proto-Indo-European,4500 BCE - 2500 BCE
विधवा,*HwidʰáwaH,Proto-Indo-Iranian,2200 BCE - 1800 BCE
विधवा,*h₁widʰéwh₂,Proto-Indo-European,4500 BCE - 2500 BCE
गृध्र,*gr̥dʰrás,Proto-Indo-Iranian,2200 BCE - 1800 BCE
द्रोण,*dráwnam,Proto-Indo-Iranian,2200 BCE - 1800 BCE
वसति,*Hwásati,Proto-Indo-Aryan,2000 BCE - 1500 BCE
वसति,*Hwásati,Proto-Indo-Iranian,2200 BCE - 1800 BCE
वसति,*h₂wéseti,Proto-Indo-European,4500 BCE - 2500 BCE
मास,*mā́Has,Proto-Indo-Iranian,2200 BCE - 1800 BCE
मास,*mḗh₁n̥s,Proto-Indo-European,4500 BCE - 2500 BCE
मातृ,*máHtā,Proto-Indo-Iranian,2200 BCE - 1800 BCE
मातृ,*méh₂tēr,Proto-Indo-European,4500 BCE - 2500 BCE
मन्दुरा,*mendreh₂,Proto-Indo-European,4500 BCE - 2500 BCE
कृपा,*krep-,Proto-Indo-European,4500 BCE - 2500 BCE
दिन,*dinám,Proto-Indo-Aryan,2000 BCE - 1500 BCE
दिन,*dinám,Proto-Indo-Iranian,2200 BCE - 1800 BCE
दिन,*dyew-,Proto-Indo-European,4500 BCE - 2500 BCE
वृक्ष,*wr̥ćšás,Proto-Indo-Iranian,2200 BCE - 1800 BCE
𑀦𑀸𑀫𑀫𑁆,नामन्,Sanskrit,1500 BCE - present (liturgical/classical)
नामन्,*Hnā́ma,Proto-Indo-Iranian,2200 BCE - 1800 BCE
नामन्,*h₁nómn̥,Proto-Indo-European,4500 BCE - 2500 BCE
Βενιαμίν,בִּנְיָמִין,Hebrew,900 BCE - 500 CE
आत्मन्,*HáHtmā,Proto-Indo-Aryan,2000 BCE - 1500 BCE
आत्मन्,*HáHtmā,Proto-Indo-Iranian,2200 BCE - 1800 BCE
तृप्ति,*terp-,Proto-Indo-European,4500 BCE - 2500 BCE
गति,*gátiš,Proto-Indo-Iranian,2200 BCE - 1800 BCE
गति,*gʷémtis,Proto-Indo-European,4500 BCE - 2500 BCE
गन्ध,*g(ʰ)andʰ-,Proto-Indo-Iranian,2200 BCE - 1800 BCE
स्कन्ध,*skandʰás,Proto-Indo-Aryan,2000 BCE - 1500 BCE
स्कन्ध,*skandʰás,Proto-Indo-Iranian,2200 BCE - 1800 BCE
स्कन्ध,*skendʰ-,Proto-Indo-European,4500 BCE - 2500 BCE
𑀇𑀘𑁆𑀘𑁃,इच्छा,Sanskrit,1500 BCE - present (liturgical/classical)
इच्छा,*h₂eys-,Proto-Indo-European,4500 BCE - 2500 BCE
मर्यादा,*maryáHdaH,Proto-Indo-Aryan,2000 BCE - 1500 BCE
मर्यादा,*maryáHdaH,Proto-Indo-Iranian,2200 BCE - 1800 BCE
मर्यादा,*móri,Proto-Indo-European,4500 BCE - 2500 BCE
जय,*gʷey-,Proto-Indo-European,4500 BCE - 2500 BCE
डर,दर,Sanskrit,1500 BCE - present (liturgical/classical)
دربار,دربار,Persian,1000 CE - present
दर्शन,*derḱ-,Proto-Indo-European,4500 BCE - 2500 BCE
طلاق,طَلَاق,Arabic,600 CE - present
اختیار,اِخْتِيَار,Arabic,600 CE - present
امام,إِمَام,Arabic,600 CE - present
قسمت,قِسْمَة,Arabic,600 CE - present
قسمت,قِسْمَة,Arabic,600 CE - present
अधिकारिन्,अधिकार,Sanskrit,1500 BCE - present (liturgical/classical)
अधिकारिन्,-इन्,Sanskrit,1500 BCE - present (liturgical/classical)
वीर,*wiHrás,Proto-Indo-Iranian,2200 BCE - 1800 BCE
वीर,*wiHrós,Proto-Indo-European,4500 BCE - 2500 BCE
क्रम,*krā́mHti,Proto-Indo-Iranian,2200 BCE - 1800 BCE
ग्रह्,*grabʰ-,Proto-Indo-Iranian,2200 BCE - 1800 BCE
ग्रह्,*gʰrebʰ-,Proto-Indo-European,4500 BCE - 2500 BCE
प्रश्न,*praśnás,Proto-Indo-Aryan,2000 BCE - 1500 BCE
प्रश्न,*praćnás,Proto-Indo-Iranian,2200 BCE - 1800 BCE
व्रत,*wratám,Proto-Indo-Aryan,2000 BCE - 1500 BCE
व्रत,*wratám,Proto-Indo-Iranian,2200 BCE - 1800 BCE
व्रत,*werh₁-,Proto-Indo-European,4500 BCE - 2500 BCE
हीन,*ȷ́ʰHnás,Proto-Indo-Iranian,2200 BCE - 1800 BCE
हीन,*ǵʰh₁-nós,Proto-Indo-European,4500 BCE - 2500 BCE
शत्रु,*śátruṣ,Proto-Indo-Aryan,2000 BCE - 1500 BCE
शत्रु,*ćátruš,Proto-Indo-Iranian,2200 BCE - 1800 BCE
सदा,*sádaH,Proto-Indo-Iranian,2200 BCE - 1800 BCE
उत्तर,*útˢtaras,Proto-Indo-Iranian,2200 BCE - 1800 BCE
उत्तर,*údteros,Proto-Indo-European,4500 BCE - 2500 BCE
अति,*áti,Proto-Indo-Aryan,2000 BCE - 1500 BCE
अति,*áti,Proto-Indo-Iranian,2200 BCE - 1800 BCE
अति,*éti,Proto-Indo-European,4500 BCE - 2500 BCE
sepang,*səpaŋ,Proto-Malayic,not available
sepang,*səpaŋ,Proto-Malayo-Polynesian,not available
𑀧𑀮𑀺,बलि,Sanskrit,1500 BCE - present (liturgical/classical)
गोधूम,गो,Sanskrit,1500 BCE - present (liturgical/classical)
गोधूम,धूम,Sanskrit,1500 BCE - present (liturgical/classical)
शश,*ćasás,Proto-Indo-Iranian,2200 BCE - 1800 BCE
शश,*ḱeh₂s-,Proto-Indo-European,4500 BCE - 2500 BCE
पत्नी,*pátniH,Proto-Indo-Iranian,2200 BCE - 1800 BCE
पत्नी,*pótnih₂,Proto-Indo-European,4500 BCE - 2500 BCE
होम,*źʰáwmas,Proto-Indo-Aryan,2000 BCE - 1500 BCE
होम,*ȷ́ʰáwmas,Proto-Indo-Iranian,2200 BCE - 1800 BCE
celery,céleri,French,1600 CE - present
celery,sèller,Lombard,not available
celery,selīnum,Latin,700 BCE - 500 CE
celery,σέλῑνον,Ancient Greek,1500 BCE - 300 BCE
𑀅𑀚𑁆𑀚,अद्य,Sanskrit,1500 BCE - present (liturgical/classical)
𑀅𑀚𑁆𑀚,*Hadyás,Proto-Indo-Aryan,2000 BCE - 1500 BCE
𑀅𑀚𑁆𑀚,*Hadyás,Proto-Indo-Iranian,2200 BCE - 1800 BCE
आर्य,*Áryas,Proto-Indo-Aryan,2000 BCE - 1500 BCE
आर्य,*Áryas,Proto-Indo-Iranian,2200 BCE - 1800 BCE
वीणा,*wī́nā,Proto-Indo-Aryan,2000 BCE - 1500 BCE
वीणा,*wī́nā,Proto-Indo-Iranian,2200 BCE - 1800 BCE
देव,*daywás,Proto-Indo-Aryan,2000 BCE - 1500 BCE
देव,*daywás,Proto-Indo-Iranian,2200 BCE - 1800 BCE
देव,*deywós,Proto-Indo-European,4500 BCE - 2500 BCE
नि,*ní,Proto-Indo-Aryan,2000 BCE - 1500 BCE
नि,*ní,Proto-Indo-Iranian,2200 BCE - 1800 BCE
नि,*(h₁)ni,Proto-Indo-European,4500 BCE - 2500 BCE
नि,*h₁én,Proto-Indo-European,4500 BCE - 2500 BCE
corona,corōna,Latin,700 BCE - 500 CE
corona,κορώνη,Ancient Greek,1500 BCE - 300 BCE
corona,*(s)ker-,Proto-Indo-European,4500 BCE - 2500 BCE
corona,corōnae,Latin,700 BCE - 500 CE
corona,coronavirus,English,1550 CE - present
corona,corona,Italian,1400 CE - present
corona,La Corona,Spanish,1600 CE - present
جماعت,جَمَاعَة,Arabic,600 CE - present
cement,syment,Middle English,1150 CE - 1500 CE
cement,ciment,Old French,800 CE - 1400 CE
cement,caementum,Latin,700 BCE - 500 CE
तैयार,طَيَار,Arabic,600 CE - present
تیار,طيار,Arabic,600 CE - present
क्षीर,*kšiHrám,Proto-Indo-Iranian,2200 BCE - 1800 BCE
समुद्र,*wódr̥,Proto-Indo-European,4500 BCE - 2500 BCE
goiaba,guayaba,Spanish,1600 CE - present
दण्ड,*taṇṭa,Proto-Dravidian,3000 BCE - 1500 BCE (disputed)
बीड़ी,वीटिका,Sanskrit,1500 BCE - present (liturgical/classical)
दक्षिण,*dáćšinas,Proto-Indo-Iranian,2200 BCE - 1800 BCE
यान,*yáHnam,Proto-Indo-Aryan,2000 BCE - 1500 BCE
यान,*yáHnam,Proto-Indo-Iranian,2200 BCE - 1800 BCE
ह्रस्व,*ȷ́ʰraswás,Proto-Indo-Iranian,2200 BCE - 1800 BCE
ह्रस्व,*ǵʰer-,Proto-Indo-European,4500 BCE - 2500 BCE
विश्वकर्मन्,विश्व,Sanskrit,1500 BCE - present (liturgical/classical)
विश्वकर्मन्,कर्मन्,Sanskrit,1500 BCE - present (liturgical/classical)
दुर्ग,*duẓgás,Proto-Indo-Aryan,2000 BCE - 1500 BCE
स्वामिन्,*s(u)w-o-,Proto-Indo-European,4500 BCE - 2500 BCE
police,police,Middle French,1340 CE - 1610 CE
police,polītīa,Latin,700 BCE - 500 CE
police,πολιτεία,Ancient Greek,1500 BCE - 300 BCE
क्षत्रिय,*kšatríyas,Proto-Indo-Iranian,2200 BCE - 1800 BCE
क्षत्रिय,*tek-,Proto-Indo-European,4500 BCE - 2500 BCE
बोधि,*bawdʰíṣ,Proto-Indo-Aryan,2000 BCE - 1500 BCE
बोधि,*bʰawdʰíš,Proto-Indo-Iranian,2200 BCE - 1800 BCE
बोधि,*bʰewdʰ-,Proto-Indo-European,4500 BCE - 2500 BCE
चिता,*kʷey-,Proto-Indo-European,4500 BCE - 2500 BCE
प्रथम,*pratʰamás,Proto-Indo-Iranian,2200 BCE - 1800 BCE
प्रथम,*pro-,Proto-Indo-European,4500 BCE - 2500 BCE
European,Européen,French,1600 CE - present
European,europaeus,Latin,700 BCE - 500 CE
European,Εὐρωπαῖος,Ancient Greek,1500 BCE - 300 BCE
निद्रा,*HnidráH,Proto-Indo-Iranian,2200 BCE - 1800 BCE
स्त्री,*stríH,Proto-Indo-Iranian,2200 BCE - 1800 BCE
राम,*raHmás,Proto-Indo-Iranian,2200 BCE - 1800 BCE
राम,*reh₁mós,Proto-Indo-European,4500 BCE - 2500 BCE
महादेव,महा,Sanskrit,1500 BCE - present (liturgical/classical)
महादेव,देव,Sanskrit,1500 BCE - present (liturgical/classical)
शंकर,शम्,Sanskrit,1500 BCE - present (liturgical/classical)
शंकर,कर,Sanskrit,1500 BCE - present (liturgical/classical)
सदाशिव,सदा,Sanskrit,1500 BCE - present (liturgical/classical)
सदाशिव,शिव,Sanskrit,1500 BCE - present (liturgical/classical)
श्रीनिवास,श्री,Sanskrit,1500 BCE - present (liturgical/classical)
श्रीनिवास,निवास,Sanskrit,1500 BCE - present (liturgical/classical)
धनंजय,धन,Sanskrit,1500 BCE - present (liturgical/classical)
धनंजय,जय,Sanskrit,1500 BCE - present (liturgical/classical)
रामानुज,राम,Sanskrit,1500 BCE - present (liturgical/classical)
रामानुज,अनुज,Sanskrit,1500 BCE - present (liturgical/classical)
राजपुत्र,राजन्,Sanskrit,1500 BCE - present (liturgical/classical)
राजपुत्र,पुत्र,Sanskrit,1500 BCE - present (liturgical/classical)
मृदु,*mr̥dúṣ,Proto-Indo-Aryan,2000 BCE - 1500 BCE
मृदु,*mr̥dúš,Proto-Indo-Iranian,2200 BCE - 1800 BCE
मृदु,*ml̥dus,Proto-Indo-European,4500 BCE - 2500 BCE
प्रतिमा,प्रति,Sanskrit,1500 BCE - present (liturgical/classical)
प्रतिमा,मा,Sanskrit,1500 BCE - present (liturgical/classical)
प्रिय,*priHás,Proto-Indo-Iranian,2200 BCE - 1800 BCE
प्रिय,*priHós,Proto-Indo-European,4500 BCE - 2500 BCE
tavern,taverne,Middle English,1150 CE - 1500 CE
tavern,taverne,Old French,800 CE - 1400 CE
tavern,taberna,Latin,700 BCE - 500 CE
kantoor,cantoor,Middle Dutch,1150 CE - 1500 CE
kantoor,comtoir,Old French,800 CE - 1400 CE
युग,*yugám,Proto-Indo-Iranian,2200 BCE - 1800 BCE
युग,*yugóm,Proto-Indo-European,4500 BCE - 2500 BCE
बुद्धि,*bʰúddʰiṣ,Proto-Indo-Aryan,2000 BCE - 1500 BCE
बुद्धि,*bʰúdᶻdʰiš,Proto-Indo-Iranian,2200 BCE - 1800 BCE
गोपाल,*gʷṓws,Proto-Indo-European,4500 BCE - 2500 BCE
भक्त,*bʰaktás,Proto-Indo-Iranian,2200 BCE - 1800 BCE
𑀧𑀢𑁆𑀢𑀺,𑀪𑀢𑁆𑀢𑀺,Maharastri Prakrit,1 CE - 700 CE
𑀧𑀢𑁆𑀢𑀺,भक्ति,Sanskrit,1500 BCE - present (liturgical/classical)
रन्ध्र,*rándʰram,Proto-Indo-Aryan,2000 BCE - 1500 BCE
रन्ध्र,*rándʰram,Proto-Indo-Iranian,2200 BCE - 1800 BCE
रामचन्द्र,राम,Sanskrit,1500 BCE - present (liturgical/classical)
रामचन्द्र,चन्द्र,Sanskrit,1500 BCE - present (liturgical/classical)
𑀘𑀓𑁆𑀓𑀭𑀫𑁆,चक्र,Sanskrit,1500 BCE - present (liturgical/classical)
𑀘𑀓𑁆𑀓𑀭𑀫𑁆,*ćakrám,Proto-Indo-Aryan,2000 BCE - 1500 BCE
𑀘𑀓𑁆𑀓𑀭𑀫𑁆,*čakrám,Proto-Indo-Iranian,2200 BCE - 1800 BCE
𑀘𑀓𑁆𑀓𑀭𑀫𑁆,*kʷékʷlos,Proto-Indo-European,4500 BCE - 2500 BCE
चक्र,*ćakrám,Proto-Indo-Aryan,2000 BCE - 1500 BCE
चक्र,*čakrám,Proto-Indo-Iranian,2200 BCE - 1800 BCE
चक्र,*kʷékʷlos,Proto-Indo-European,4500 BCE - 2500 BCE
rosa,rosa,Old Portuguese,870 CE - 1400 CE
rosa,rosa,Latin,700 BCE - 500 CE
rosa,ῥόδον,Ancient Greek,1500 BCE - 300 BCE
rosa,*wr̥dʰo,Proto-Indo-European,4500 BCE - 2500 BCE
rosa,ῥόδον,Ancient Greek,1500 BCE - 300 BCE
rosa,*wṛda-,Old Persian,600 BCE - 300 BCE
rosa,*wr̥dʰos,Proto-Indo-European,4500 BCE - 2500 BCE
राज्ञी,*h₃rḗǵnih₂,Proto-Indo-European,4500 BCE - 2500 BCE
تربوز,تربوز,Classical Persian,800 CE - 1900 CE
armário,armārium,Latin,700 BCE - 500 CE
अच्छ,accha,Pali,500 BCE - 1 CE
अच्छ,ऋक्ष,Sanskrit,1500 BCE - present (liturgical/classical)
तोता,توته,Classical Persian,800 CE - 1900 CE
पात्र,*páHtram,Proto-Indo-Aryan,2000 BCE - 1500 BCE
पात्र,*páHtram,Proto-Indo-Iranian,2200 BCE - 1800 BCE
जयति,*ȷ́áyati,Proto-Indo-Aryan,2000 BCE - 1500 BCE
जयति,*ǰáyati,Proto-Indo-Iranian,2200 BCE - 1800 BCE
भगदत्त,भग,Sanskrit,1500 BCE - present (liturgical/classical)
भगदत्त,दत्त,Sanskrit,1500 BCE - present (liturgical/classical)
February,Februarie,Middle English,1150 CE - 1500 CE
February,Februārius,Latin,700 BCE - 500 CE
February,*dʰewh₂-,Proto-Indo-European,4500 BCE - 2500 BCE
February,θεῖον,Ancient Greek,1500 BCE - 300 BCE
February,*dʰegʷʰris,Proto-Indo-European,4500 BCE - 2500 BCE
February,feoverel,Middle English,1150 CE - 1500 CE
February,feverier,Old French,800 CE - 1400 CE
March,March,Middle English,1150 CE - 1500 CE
March,marche,Anglo-Norman,not available
March,marz,Old French,800 CE - 1400 CE
March,mensis Mārtius,Latin,700 BCE - 500 CE
May,May,Middle English,1150 CE - 1500 CE
May,mai,Old French,800 CE - 1400 CE
May,Māius,Latin,700 BCE - 500 CE
August,August,Middle English,1150 CE - 1500 CE
August,Agustus,Old English,450 CE - 1150 CE
August,augustus,Latin,700 BCE - 500 CE
August,Augustus,Latin,700 BCE - 500 CE
September,septembre,Old French,800 CE - 1400 CE
September,september,Latin,700 BCE - 500 CE
September,*septḿ̥,Proto-Indo-European,4500 BCE - 2500 BCE
September,-ber,Latin,700 BCE - 500 CE
October,octobre,Old French,800 CE - 1400 CE
October,octōber,Latin,700 BCE - 500 CE
October,octō,Latin,700 BCE - 500 CE
October,*oḱtṓw,Proto-Indo-European,4500 BCE - 2500 BCE
October,-ber,Latin,700 BCE - 500 CE
July,Julie,Middle English,1150 CE - 1500 CE
July,julie,Anglo-Norman,not available
July,jule,Old French,800 CE - 1400 CE
July,iūlius,Latin,700 BCE - 500 CE
June,June,Middle English,1150 CE - 1500 CE
June,Juyn,Middle English,1150 CE - 1500 CE
June,juing,Old French,800 CE - 1400 CE
June,iūnius,Latin,700 BCE - 500 CE
June,*h₂yéwHō,Proto-Indo-European,4500 BCE - 2500 BCE
June,*h₂óyu,Proto-Indo-European,4500 BCE - 2500 BCE
December,December,Middle English,1150 CE - 1500 CE
December,decembre,Old French,800 CE - 1400 CE
December,december,Latin,700 BCE - 500 CE
December,decem,Latin,700 BCE - 500 CE
December,-ber,Latin,700 BCE - 500 CE
November,Novembre,Middle English,1150 CE - 1500 CE
November,novembre,Old French,800 CE - 1400 CE
November,november,Latin,700 BCE - 500 CE
November,*h₁néwn̥,Proto-Indo-European,4500 BCE - 2500 BCE
November,-ber,Latin,700 BCE - 500 CE
नौ,*náHuṣ,Proto-Indo-Aryan,2000 BCE - 1500 BCE
नौ,*náHuš,Proto-Indo-Iranian,2200 BCE - 1800 BCE
नौ,*néh₂us,Proto-Indo-European,4500 BCE - 2500 BCE
heart,herte,Middle English,1150 CE - 1500 CE
heart,heorte,Old English,450 CE - 1150 CE
heart,*hertā,Proto-West Germanic,before 500 CE (unconfirmed)
heart,*hertô,Proto-Germanic,500 BCE - 500 CE
heart,*ḱḗr,Proto-Indo-European,4500 BCE - 2500 BCE
diamond,dyamaunt,Middle English,1150 CE - 1500 CE
diamond,diamant,Old French,800 CE - 1400 CE
diamond,diamas,Late Latin,200 CE - 600 CE
diamond,adamas,Latin,700 BCE - 500 CE
diamond,ἀδάμας,Ancient Greek,1500 BCE - 300 BCE
diamond,diamant,Dutch,1500 CE - present
spade,spade,Middle English,1150 CE - 1500 CE
spade,spada,Old English,450 CE - 1150 CE
spade,*spadǭ,Proto-Germanic,500 BCE - 500 CE
spade,*sph₂-dʰ-,Proto-Indo-European,4500 BCE - 2500 BCE
spade,spada,Italian,1400 CE - present
clover,clovere,Middle English,1150 CE - 1500 CE
clover,clāfre,Old English,450 CE - 1150 CE
clover,*klaibrā,Proto-West Germanic,before 500 CE (unconfirmed)
club,clubbe,Middle English,1150 CE - 1500 CE
club,klubba,Old Norse,700 CE - 1350 CE
club,*klumpô,Proto-Germanic,500 BCE - 500 CE
club,*glemb-,Proto-Indo-European,4500 BCE - 2500 BCE
महाभारत,महत्,Sanskrit,1500 BCE - present (liturgical/classical)
महाभारत,भारत,Sanskrit,1500 BCE - present (liturgical/classical)
गर्भिणी,गर्भ,Sanskrit,1500 BCE - present (liturgical/classical)
गर्भिणी,-इन्,Sanskrit,1500 BCE - present (liturgical/classical)
शोक,*śṓcati,Proto-Indo-Iranian,2200 BCE - 1800 BCE
शोक,*ḱewk-,Proto-Indo-European,4500 BCE - 2500 BCE
ॐ,*ām,Proto-Dravidian,3000 BCE - 1500 BCE (disputed)
ॐ,*au,Proto-Indo-European,4500 BCE - 2500 BCE
banyan,baniano,Portuguese,1516 CE - present
banyan,بَنِيَان,Arabic,600 CE - present
banyan,વાણિયો,Gujarati,not available
banyan,वाणिज,Sanskrit,1500 BCE - present (liturgical/classical)
baniano,بَنِيَان,Arabic,600 CE - present
baniano,વાણિયો,Gujarati,not available
baniano,वाणिज,Sanskrit,1500 BCE - present (liturgical/classical)
वणिज्,*wen(h₁)-h₂ǵ-,Proto-Indo-European,4500 BCE - 2500 BCE
चड्डी,छद्दी,Sanskrit,1500 BCE - present (liturgical/classical)
zak,sac,Middle Dutch,1150 CE - 1500 CE
zak,sac,Old Dutch,600 CE - 1200 CE
zak,*sakku,Proto-West Germanic,before 500 CE (unconfirmed)
zak,*sakkuz,Proto-Germanic,500 BCE - 500 CE
zak,saccus,Latin,700 BCE - 500 CE
zak,sack,English,1550 CE - present
रक्षति,*Hrákṣati,Proto-Indo-Aryan,2000 BCE - 1500 BCE
रक्षति,*Hrákšati,Proto-Indo-Iranian,2200 BCE - 1800 BCE
रक्षति,*h₂lékseti,Proto-Indo-European,4500 BCE - 2500 BCE
सहते,*sáźʰatay,Proto-Indo-Aryan,2000 BCE - 1500 BCE
सहते,*sáȷ́ʰatay,Proto-Indo-Iranian,2200 BCE - 1800 BCE
सहते,*seǵʰ-,Proto-Indo-European,4500 BCE - 2500 BCE
𑀯𑀡𑁆𑀡,वर्ण,Sanskrit,1500 BCE - present (liturgical/classical)
𑀯𑀡𑁆𑀡,*wárnas,Proto-Indo-Aryan,2000 BCE - 1500 BCE
पथ,*patʰás,Proto-Indo-Aryan,2000 BCE - 1500 BCE
पथ,*patʰás,Proto-Indo-Iranian,2200 BCE - 1800 BCE
पथ,*pent-,Proto-Indo-European,4500 BCE - 2500 BCE
भेद,*bʰeyd-,Proto-Indo-European,4500 BCE - 2500 BCE
वृत्त,*wert-,Proto-Indo-European,4500 BCE - 2500 BCE
मूत्र,*múHtrom,Proto-Indo-European,4500 BCE - 2500 BCE
ἄγκυρα,*h₂enk-,Proto-Indo-European,4500 BCE - 2500 BCE
केन्द्र,κέντρον,Ancient Greek,1500 BCE - 300 BCE
सर्प,*sarpás,Proto-Indo-Aryan,2000 BCE - 1500 BCE
सर्प,*sarpás,Proto-Indo-Iranian,2200 BCE - 1800 BCE
सर्प,*serp-,Proto-Indo-European,4500 BCE - 2500 BCE
मयूर,*mayVr,Proto-Dravidian,3000 BCE - 1500 BCE (disputed)
धूलि,*dʰuHliṣ,Proto-Indo-Aryan,2000 BCE - 1500 BCE
धूलि,*dʰuHliš,Proto-Indo-Iranian,2200 BCE - 1800 BCE
gruel,gruel,Middle English,1150 CE - 1500 CE
gruel,gruel,Old French,800 CE - 1400 CE
gruel,grutellum,Medieval Latin,600 CE - 1400 CE
gruel,grutum,Medieval Latin,600 CE - 1400 CE
gruel,grūt,Old English,450 CE - 1150 CE
gruel,*grūt,Frankish,not available
gruel,*grūtiz,Proto-Germanic,500 BCE - 500 CE
स्पष्ट,*spaṣṭás,Proto-Indo-Aryan,2000 BCE - 1500 BCE
स्पष्ट,*spaštás,Proto-Indo-Iranian,2200 BCE - 1800 BCE
Bangalore,ಬೆಂಗಳೂರು,Kannada,not available
तीर्थ,*tr̥Htʰám,Proto-Indo-Aryan,2000 BCE - 1500 BCE
तीर्थ,*tr̥Htʰám,Proto-Indo-Iranian,2200 BCE - 1800 BCE
orégano,orīganum,Latin,700 BCE - 500 CE
orégano,ὅρῑ́γανον,Ancient Greek,1500 BCE - 300 BCE
origanum, ὀρῑ́γᾰνον,Ancient Greek,1500 BCE - 300 BCE
Milky Way,Milky Wey,Middle English,1150 CE - 1500 CE
Milky Way,Via Lactea,Latin,700 BCE - 500 CE
कन्या,*kanyáH,Proto-Indo-Iranian,2200 BCE - 1800 BCE
कन्या,*ken-,Proto-Indo-European,4500 BCE - 2500 BCE
कृमि,*kŕ̥miṣ,Proto-Indo-Aryan,2000 BCE - 1500 BCE
कृमि,*kŕ̥miš,Proto-Indo-Iranian,2200 BCE - 1800 BCE
कृमि,*kʷŕ̥mis,Proto-Indo-European,4500 BCE - 2500 BCE
𐎱𐎠𐎼𐎿,*párcuš,Proto-Iranian,not available
त्व,*twás,Proto-Indo-Aryan,2000 BCE - 1500 BCE
त्व,*twás,Proto-Indo-Iranian,2200 BCE - 1800 BCE
त्व,*twós,Proto-Indo-European,4500 BCE - 2500 BCE
India,Ἰνδία,Ancient Greek,1500 BCE - 300 BCE
India,Ἰνδός,Ancient Greek,1500 BCE - 300 BCE
India,𐏃𐎡𐎯𐎢𐏁,Old Persian,600 BCE - 300 BCE
India,*hínduš,Proto-Iranian,not available
India,*síndʰuš,Proto-Indo-Iranian,2200 BCE - 1800 BCE
Ἰνδία,𐏃𐎡𐎯𐎢𐏁,Old Persian,600 BCE - 300 BCE
Ἰνδία,*hínduš,Proto-Iranian,not available
Ἰνδία,*síndʰuš,Proto-Indo-Iranian,2200 BCE - 1800 BCE
Ἰνδός,𐏃𐎡𐎯𐎢𐏁,Old Persian,600 BCE - 300 BCE
Ἰνδός,*hínduš,Proto-Iranian,not available
Ἰνδός,*síndʰuš,Proto-Indo-Iranian,2200 BCE - 1800 BCE
LHMA,*nagna-,Proto-Iranian,not available
LHMA,*negʷ-,Proto-Indo-European,4500 BCE - 2500 BCE
ὕδωρ,*údōr,Proto-Hellenic,2200 BCE - 1800 BCE
ὕδωρ,*wódr̥,Proto-Indo-European,4500 BCE - 2500 BCE
नृ,*Hnā́,Proto-Indo-Aryan,2000 BCE - 1500 BCE
नृ,*Hnā́,Proto-Indo-Iranian,2200 BCE - 1800 BCE
नृ,*h₂nḗr,Proto-Indo-European,4500 BCE - 2500 BCE
रोटी,रोटिका,Sanskrit,1500 BCE - present (liturgical/classical)
hôtel,hostel,Middle French,1340 CE - 1610 CE
hôtel,ostel,Old French,800 CE - 1400 CE
hôtel,hospitālis,Late Latin,200 CE - 600 CE
hôtel,hospitālis,Latin,700 BCE - 500 CE
hostel,ostel,Old French,800 CE - 1400 CE
ostel,hospitālis,Late Latin,200 CE - 600 CE
ostel,hospitālis,Latin,700 BCE - 500 CE
hospitalis,*hostipotjālis,Proto-Italic,1000 BCE - 700 BCE (disputed)
Ἀφροδίτη,ἀφρο,Ancient Greek,1500 BCE - 300 BCE
Ἀφροδίτη,δίτη,Ancient Greek,1500 BCE - 300 BCE
Ἀφροδίτη,Ištar,Akkadian,not available
सह,*sm̥-gʰé,Proto-Indo-European,4500 BCE - 2500 BCE
उदर,*udáram,Proto-Indo-Aryan,2000 BCE - 1500 BCE
उदर,*udáras,Proto-Indo-Iranian,2200 BCE - 1800 BCE
उदर,*úderos,Proto-Indo-European,4500 BCE - 2500 BCE
Japan,Jepang,Malay,not available
Japan,日本,Chinese,not available
Jepang,日本,Min Nan,not available
Cristemasse,Cristes mæsse,Old English,450 CE - 1150 CE
Rome,Rōm,Old English,450 CE - 1150 CE
Rome,*Rūmu,Proto-West Germanic,before 500 CE (unconfirmed)
Rome,*Rūmō,Proto-Germanic,500 BCE - 500 CE
Rome,Rōma,Latin,700 BCE - 500 CE
Rome,Rōma,Latin,700 BCE - 500 CE
myle,mīl,Old English,450 CE - 1150 CE
myle,*mīliju,Proto-West Germanic,before 500 CE (unconfirmed)
office,office,Old French,800 CE - 1400 CE
office,officium,Latin,700 BCE - 500 CE
office,officier,Old French,800 CE - 1400 CE
officium,*opifakjom,Proto-Italic,1000 BCE - 700 BCE (disputed)
beet,bete,Middle English,1150 CE - 1500 CE
beet,bēte,Old English,450 CE - 1150 CE
beet,bēta,Latin,700 BCE - 500 CE
beet,bētan,Old English,450 CE - 1150 CE
root,rote,Middle English,1150 CE - 1500 CE
root,rōt,Old English,450 CE - 1150 CE
root,rót,Old Norse,700 CE - 1350 CE
root,*wrōts,Proto-Germanic,500 BCE - 500 CE
root,*wréh₂ds,Proto-Indo-European,4500 BCE - 2500 BCE
root,wroten,Middle English,1150 CE - 1500 CE
root,wrōtan,Old English,450 CE - 1150 CE
root,*wrōtaną,Proto-Germanic,500 BCE - 500 CE
mobile,mōbilis,Latin,700 BCE - 500 CE
phone,telephone,English,1550 CE - present
phone,φωνή,Ancient Greek,1500 BCE - 300 BCE
न,*ná,Proto-Indo-Aryan,2000 BCE - 1500 BCE
न,*ná,Proto-Indo-Iranian,2200 BCE - 1800 BCE
न,*ne,Proto-Indo-European,4500 BCE - 2500 BCE
अक,*ákas,Proto-Indo-Aryan,2000 BCE - 1500 BCE
अक,*ákas,Proto-Indo-Iranian,2200 BCE - 1800 BCE
barly,bærlīċ,Old English,450 CE - 1150 CE
शङ्ख,*śankʰás,Proto-Indo-Aryan,2000 BCE - 1500 BCE
शङ्ख,*ćankʰás,Proto-Indo-Iranian,2200 BCE - 1800 BCE
तान,तान,Sanskrit,1500 BCE - present (liturgical/classical)
पूरा,*pl̥h₁nós,Proto-Indo-European,4500 BCE - 2500 BCE
Finnland,Finnr,Old Norse,700 CE - 1350 CE
Finnland,land,Old Norse,700 CE - 1350 CE
banque,banca,Italian,1400 CE - present
banque,bank,Old High German,750 CE - 1050 CE
banque,*banki,Proto-West Germanic,before 500 CE (unconfirmed)
banque,*bankiz,Proto-Germanic,500 BCE - 500 CE
banca,bank,Lombardic,not available
banca,*banki,Proto-West Germanic,before 500 CE (unconfirmed)
banca,*bankiz,Proto-Germanic,500 BCE - 500 CE
banca,*bʰeg-,Proto-Indo-European,4500 BCE - 2500 BCE
bank,hōbanca,Old English,450 CE - 1150 CE
bank,banc,Old English,450 CE - 1150 CE
bank,*bankô,Proto-Germanic,500 BCE - 500 CE
banc,banc,Old High German,750 CE - 1050 CE
banc,*banki,Proto-West Germanic,before 500 CE (unconfirmed)
banc,*bankiz,Proto-Germanic,500 BCE - 500 CE
kakken,cacken,Middle Dutch,1150 CE - 1500 CE
kakken,cacō,Latin,700 BCE - 500 CE
huis,huus,Middle Dutch,1150 CE - 1500 CE
huis,hūs,Old Dutch,600 CE - 1200 CE
huis,*hūs,Proto-West Germanic,before 500 CE (unconfirmed)
huis,*hūsą,Proto-Germanic,500 BCE - 500 CE
पूर्ण,*pr̥Hnás,Proto-Indo-Iranian,2200 BCE - 1800 BCE
पूर्ण,*pl̥h₁nós,Proto-Indo-European,4500 BCE - 2500 BCE
मा,*maH,Proto-Indo-Aryan,2000 BCE - 1500 BCE
मा,*maH,Proto-Indo-Iranian,2200 BCE - 1800 BCE
मा,*meh₁,Proto-Indo-European,4500 BCE - 2500 BCE
मा,*máHm,Proto-Indo-Aryan,2000 BCE - 1500 BCE
मा,*máHm,Proto-Indo-Iranian,2200 BCE - 1800 BCE
मा,*meh₁-,Proto-Indo-European,4500 BCE - 2500 BCE
𐭩𐭥𐭬,𐎼𐎢𐎨,Old Persian,600 BCE - 300 BCE
𐭩𐭥𐭬,*ráwčah,Proto-Iranian,not available
𐭩𐭥𐭬,*ráwčas,Proto-Indo-Iranian,2200 BCE - 1800 BCE
𐭩𐭥𐭬,*lewk-,Proto-Indo-European,4500 BCE - 2500 BCE
ध्वज,*dʰwōg-,Proto-Indo-European,4500 BCE - 2500 BCE
marculus,*melh₂tlo-,Proto-Indo-European,4500 BCE - 2500 BCE
गो,*gā́wš,Proto-Indo-Iranian,2200 BCE - 1800 BCE
गो,*gʷṓws,Proto-Indo-European,4500 BCE - 2500 BCE
-इन्,*-iHnas,Proto-Indo-Iranian,2200 BCE - 1800 BCE
-इन्,*-iHnos,Proto-Indo-European,4500 BCE - 2500 BCE
धूम,*dʰuHmás,Proto-Indo-Iranian,2200 BCE - 1800 BCE
धूम,*dʰuh₂mós,Proto-Indo-European,4500 BCE - 2500 BCE
céleri,selleri,Lombard,not available
céleri,selīnon,Late Latin,200 CE - 600 CE
céleri,σέλινον,Ancient Greek,1500 BCE - 300 BCE
अद्य,*Hadyás,Proto-Indo-Aryan,2000 BCE - 1500 BCE
अद्य,*Hadyás,Proto-Indo-Iranian,2200 BCE - 1800 BCE
κορώνη,*(s)ker-,Proto-Indo-European,4500 BCE - 2500 BCE
coronavirus,corona,English,1550 CE - present
coronavirus,virus,English,1550 CE - present
coronavirus,corōna,Latin,700 BCE - 500 CE
coronavirus,κορώνη,Ancient Greek,1500 BCE - 300 BCE
coronavirus,*(s)ker-,Proto-Indo-European,4500 BCE - 2500 BCE
corona,corōna,Latin,700 BCE - 500 CE
corona,κορώνη,Ancient Greek,1500 BCE - 300 BCE
syment,caementum,Latin,700 BCE - 500 CE
caementum,*kaidmentom,Proto-Italic,1000 BCE - 700 BCE (disputed)
विश्व,*wíśwas,Proto-Indo-Aryan,2000 BCE - 1500 BCE
विश्व,*wíćwas,Proto-Indo-Iranian,2200 BCE - 1800 BCE
विश्व,*(h₁)wiḱ-wo-s,Proto-Indo-European,4500 BCE - 2500 BCE
europaeus,Εὐρωπαῖος,Ancient Greek,1500 BCE - 300 BCE
शम्,*ḱemh₂-,Proto-Indo-European,4500 BCE - 2500 BCE
शम्,*ćwamH-,Proto-Indo-Iranian,2200 BCE - 1800 BCE
शम्,*ḱewh₁-,Proto-Indo-European,4500 BCE - 2500 BCE
शिव,*ḱey-,Proto-Indo-European,4500 BCE - 2500 BCE
शिव,*ḱewh₁-,Proto-Indo-European,4500 BCE - 2500 BCE
निवास,नि,Sanskrit,1500 BCE - present (liturgical/classical)
निवास,वास,Sanskrit,1500 BCE - present (liturgical/classical)
धन,*dʰanH-,Proto-Indo-Iranian,2200 BCE - 1800 BCE
धन,*dʰenh₂-,Proto-Indo-European,4500 BCE - 2500 BCE
पुत्र,*putrás,Proto-Indo-Iranian,2200 BCE - 1800 BCE
पुत्र,*peh₂w-,Proto-Indo-European,4500 BCE - 2500 BCE
प्रति,*per-,Proto-Indo-European,4500 BCE - 2500 BCE
taverne,taverne,Old French,800 CE - 1400 CE
taverne,taberna,Latin,700 BCE - 500 CE
taverne,taberna,Latin,700 BCE - 500 CE
rosa,rosa,Latin,700 BCE - 500 CE
rosa,ῥόδον,Ancient Greek,1500 BCE - 300 BCE
rosa,*wr̥dʰo,Proto-Indo-European,4500 BCE - 2500 BCE
ῥόδον,*wródon,Proto-Hellenic,2200 BCE - 1800 BCE
ऋक्ष,*Hŕ̥ćšas,Proto-Indo-Iranian,2200 BCE - 1800 BCE
ऋक्ष,*h₂ŕ̥tḱos,Proto-Indo-European,4500 BCE - 2500 BCE
θεῖον,*dʰewh₂-,Proto-Indo-European,4500 BCE - 2500 BCE
March,marche,Anglo-Norman,not available
March,mars,Old French,800 CE - 1400 CE
augustus,*augostos,Proto-Italic,1000 BCE - 700 BCE (disputed)
augustus,*h₂ewgostos,Proto-Indo-European,4500 BCE - 2500 BCE
octobre,october,Latin,700 BCE - 500 CE
decembre,december,Latin,700 BCE - 500 CE
decem,*dekem,Proto-Italic,1000 BCE - 700 BCE (disputed)
decem,*déḱm̥,Proto-Indo-European,4500 BCE - 2500 BCE
novembre,november,Latin,700 BCE - 500 CE
herte,*hertā,Proto-West Germanic,before 500 CE (unconfirmed)
herte,*hertô,Proto-Germanic,500 BCE - 500 CE
herte,*ḱḗr,Proto-Indo-European,4500 BCE - 2500 BCE
heorte,*hertā,Proto-West Germanic,before 500 CE (unconfirmed)
dyamaunt,diamant,Old French,800 CE - 1400 CE
dyamaunt,diamās,Late Latin,200 CE - 600 CE
dyamaunt,adamās,Latin,700 BCE - 500 CE
dyamaunt,ἀδάμας,Ancient Greek,1500 BCE - 300 BCE
diamant,diamas,Late Latin,200 CE - 600 CE
diamant,adamās,Latin,700 BCE - 500 CE
diamant,ἀδάμας,Ancient Greek,1500 BCE - 300 BCE
adamas,ἀδάμας,Ancient Greek,1500 BCE - 300 BCE
diamant,diamant,Middle Dutch,1150 CE - 1500 CE
diamant,diamant,Old French,800 CE - 1400 CE
diamant,diamas,Late Latin,200 CE - 600 CE
diamant,adamas,Latin,700 BCE - 500 CE
spade,spadu,Old English,450 CE - 1150 CE
spada,spatha,Latin,700 BCE - 500 CE
spada,σπάθη,Ancient Greek,1500 BCE - 300 BCE
clovere,clāfre,Old English,450 CE - 1150 CE
clovere,*klaibrā,Proto-West Germanic,before 500 CE (unconfirmed)
clubbe,klubba,Old Norse,700 CE - 1350 CE
clubbe,*klumpô,Proto-Germanic,500 BCE - 500 CE
महत्,*maźʰā́,Proto-Indo-Aryan,2000 BCE - 1500 BCE
महत्,*maȷ́ʰā́,Proto-Indo-Iranian,2200 BCE - 1800 BCE
महत्,*méǵh₂s,Proto-Indo-European,4500 BCE - 2500 BCE
sac,sac,Old Dutch,600 CE - 1200 CE
sac,*sakkuz,Proto-Germanic,500 BCE - 500 CE
sac,saccus,Latin,700 BCE - 500 CE
saccus,σᾰ́κκος,Ancient Greek,1500 BCE - 300 BCE
sack,sak,Middle English,1150 CE - 1500 CE
sack,sacc,Old English,450 CE - 1150 CE
sack,*sakku,Proto-West Germanic,before 500 CE (unconfirmed)
sack,*sakkuz,Proto-Germanic,500 BCE - 500 CE
sack,saccus,Latin,700 BCE - 500 CE
sack,σάκκος,Ancient Greek,1500 BCE - 300 BCE
sack,sac,Middle French,1340 CE - 1610 CE
sack,sacco,Italian,1400 CE - present
sack,siccus,Latin,700 BCE - 500 CE
κέντρον,*ḱentrom,Proto-Indo-European,4500 BCE - 2500 BCE
Via Lactea,via,Latin,700 BCE - 500 CE
Via Lactea,lactea,Latin,700 BCE - 500 CE
Ištar,*ʕaṯtar-,Proto-Semitic,not available
officier,officiārius,Latin,700 BCE - 500 CE
rote,rōt,Old English,450 CE - 1150 CE
rote,rót,Old Norse,700 CE - 1350 CE
rote,*wrōts,Proto-Germanic,500 BCE - 500 CE
rote,*wréh₂ds,Proto-Indo-European,4500 BCE - 2500 BCE
rote,rote,Old French,800 CE - 1400 CE
rote,chrotta,Latin,700 BCE - 500 CE
rote,*kruttos,Proto-Celtic,1000 BCE - 500 BCE (disputed)
rót,*wrōts,Proto-Germanic,500 BCE - 500 CE
wroten,wrōtan,Old English,450 CE - 1150 CE
wroten,*wrōtaną,Proto-Germanic,500 BCE - 500 CE
telephone,téléphone,French,1600 CE - present
telephone,τῆλε,Ancient Greek,1500 BCE - 300 BCE
तान,*tā́nas,Proto-Indo-Aryan,2000 BCE - 1500 BCE
तान,*tā́nas,Proto-Indo-Iranian,2200 BCE - 1800 BCE
तान,*tónos,Proto-Indo-European,4500 BCE - 2500 BCE
Finnr,*finnaz,Proto-Germanic,500 BCE - 500 CE
land,*landą,Proto-Germanic,500 BCE - 500 CE
land,*lendʰ-,Proto-Indo-European,4500 BCE - 2500 BCE
bank,*banki,Proto-West Germanic,before 500 CE (unconfirmed)
huus,hūs,Old Dutch,600 CE - 1200 CE
huus,*hūs,Proto-West Germanic,before 500 CE (unconfirmed)
huus,*hūsą,Proto-Germanic,500 BCE - 500 CE
virus,virus,Middle English,1150 CE - 1500 CE
virus,vīrus,Latin,700 BCE - 500 CE
virus,*weizos,Proto-Italic,1000 BCE - 700 BCE (disputed)
virus,*wisós,Proto-Indo-European,4500 BCE - 2500 BCE
वास,*h₂wes-,Proto-Indo-European,4500 BCE - 2500 BCE
mars,mārtius,Latin,700 BCE - 500 CE
spadu,*spadō,Proto-Germanic,500 BCE - 500 CE
spatha,σπάθη,Ancient Greek,1500 BCE - 300 BCE
σπάθη,*spátʰā,Proto-Hellenic,2200 BCE - 1800 BCE
sak,sacc,Old English,450 CE - 1150 CE
sak,*sakku,Proto-West Germanic,before 500 CE (unconfirmed)
sak,*sakkuz,Proto-Germanic,500 BCE - 500 CE
sak,saccus,Latin,700 BCE - 500 CE
sak,σάκκος,Ancient Greek,1500 BCE - 300 BCE
sacco,saccus,Latin,700 BCE - 500 CE
sacco,σάκκος,Ancient Greek,1500 BCE - 300 BCE
siccus,*seyk-,Proto-Indo-European,4500 BCE - 2500 BCE
via,*wijā,Proto-Italic,1000 BCE - 700 BCE (disputed)
via,*wih₁eh₂-,Proto-Indo-European,4500 BCE - 2500 BCE
via,*weǵʰyeh₂-,Proto-Indo-European,4500 BCE - 2500 BCE
rote,crwth,Welsh,not available
τῆλε,*kʷel-,Proto-Indo-European,4500 BCE - 2500 BCE
crwth,*kruttos,Proto-Celtic,1000 BCE - 500 BCE (disputed)
crwth,*krū̆t,Proto-Indo-European,4500 BCE - 2500 BCE
