Term,Stamm,Sprache,Zeitraum
టాక్సీ,taxi,English,1550 CE - present
తెలుగు,*teṉ,Proto-Dravidian,3000 BCE - 1500 BCE (disputed)
తెలుగు,*ceḷ,Proto-Dravidian,3000 BCE - 1500 BCE (disputed)
పందికొక్కు,పంది,Telugu,600 CE - present
పందికొక్కు,కొక్కు,Telugu,600 CE - present
అమ్మ,*amma,Proto-Dravidian,3000 BCE - 1500 BCE (disputed)
జనవరి,January,English,1550 CE - present
రోజు,روز,Classical Persian,800 CE - 1900 CE
ఫిబ్రవరి,February,English,1550 CE - present
భాష,भाषा,Sanskrit,1500 BCE - present (liturgical/classical)
విమానము,विमान,Sanskrit,1500 BCE - present (liturgical/classical)
అనువాదము,अनुवाद,Sanskrit,1500 BCE - present (liturgical/classical)
నాలుగు,*nāl,Proto-Dravidian,3000 BCE - 1500 BCE (disputed)
పువ్వు,*pū,Proto-Dravidian,3000 BCE - 1500 BCE (disputed)
పుష్పము,पुष्प,Sanskrit,1500 BCE - present (liturgical/classical)
పొద్దుతిరుగుడు,పొద్దు,Telugu,600 CE - present
పొద్దుతిరుగుడు,తిరుగుడు,Telugu,600 CE - present
సీతాకోకచిలుక,సీత,Telugu,600 CE - present
సీతాకోకచిలుక,కోక,Telugu,600 CE - present
సీతాకోకచిలుక,చిలుక,Telugu,600 CE - present
నది,नदी,Sanskrit,1500 BCE - present (liturgical/classical)
గూడు,*kūṭu,Proto-Dravidian,3000 BCE - 1500 BCE (disputed)
పంది,*panṯi,Proto-Dravidian,3000 BCE - 1500 BCE (disputed)
ధనుస్సు,धनुष,Sanskrit,1500 BCE - present (liturgical/classical)
విల్లు,*wil,Proto-Dravidian,3000 BCE - 1500 BCE (disputed)
వరి,*wariñci,Proto-Dravidian,3000 BCE - 1500 BCE (disputed)
చక్రము,चक्र,Sanskrit,1500 BCE - present (liturgical/classical)
ఊపిరితిత్తి,ఊపిరి,Telugu,600 CE - present
ఊపిరితిత్తి,తిత్తి,Telugu,600 CE - present
ఏడు,*ēẓu,Proto-Dravidian,3000 BCE - 1500 BCE (disputed)
ఎనిమిది,*eṇ,Proto-Dravidian,3000 BCE - 1500 BCE (disputed)
పది,*paHtu,Proto-Dravidian,3000 BCE - 1500 BCE (disputed)
తొమ్మిది,*toṇ,Proto-Dravidian,3000 BCE - 1500 BCE (disputed)
ఆరు,*cāṯu,Proto-Dravidian,3000 BCE - 1500 BCE (disputed)
ఐదు,*caymtu,Proto-Dravidian,3000 BCE - 1500 BCE (disputed)
మూడు,*mūnṯu,Proto-Dravidian,3000 BCE - 1500 BCE (disputed)
రెండు,*ir-,Proto-Dravidian,3000 BCE - 1500 BCE (disputed)
గుంటనక్క,గుంట,Telugu,600 CE - present
గుంటనక్క,నక్క,Telugu,600 CE - present
మూషికము,मूषिक,Sanskrit,1500 BCE - present (liturgical/classical)
ముష్టి,मुष्टि,Sanskrit,1500 BCE - present (liturgical/classical)
పొన్ను,*pon,Proto-Dravidian,3000 BCE - 1500 BCE (disputed)
వేరు,*wēr,Proto-Dravidian,3000 BCE - 1500 BCE (disputed)
అపానము,अपान,Sanskrit,1500 BCE - present (liturgical/classical)
ఆశ,आशा,Sanskrit,1500 BCE - present (liturgical/classical)
ఏడాది,ఏడు,Telugu,600 CE - present
ఏడాది,ఆది,Telugu,600 CE - present
నేను,*yāṉ,Proto-Dravidian,3000 BCE - 1500 BCE (disputed)
కాకి,*kākkai,Proto-Dravidian,3000 BCE - 1500 BCE (disputed)
తేనెటీగ,తేనె,Telugu,600 CE - present
తేనెటీగ,ఈగ,Telugu,600 CE - present
తైలము,तैल,Sanskrit,1500 BCE - present (liturgical/classical)
తేలు,*tēḷ,Proto-Dravidian,3000 BCE - 1500 BCE (disputed)
దివసము,दिवस,Sanskrit,1500 BCE - present (liturgical/classical)
చిలుక,*kiḷi,Proto-Dravidian,3000 BCE - 1500 BCE (disputed)
మరమేకు,మర,Telugu,600 CE - present
మరమేకు,మేకు,Telugu,600 CE - present
కస్తూరిపిల్లి,కస్తూరి,Telugu,600 CE - present
కస్తూరిపిల్లి,పిల్లి,Telugu,600 CE - present
కవి,कवि,Sanskrit,1500 BCE - present (liturgical/classical)
ఆలు,*āḷ,Proto-Dravidian,3000 BCE - 1500 BCE (disputed)
ఆలు,ఆవులు,Telugu,600 CE - present
ఆలు,آلو,Urdu,not available
తంతి,तन्त्री,Sanskrit,1500 BCE - present (liturgical/classical)
నాటకము,नाटक,Sanskrit,1500 BCE - present (liturgical/classical)
తండ్రి,*tantay,Proto-Dravidian,3000 BCE - 1500 BCE (disputed)
తండ్రి,*tanṯi,Proto-Dravidian,3000 BCE - 1500 BCE (disputed)
పాలు,*pāl(u),Proto-Dravidian,3000 BCE - 1500 BCE (disputed)
అక్క,*akka-,Proto-Dravidian,3000 BCE - 1500 BCE (disputed)
మ్రాను,*maram,Proto-Dravidian,3000 BCE - 1500 BCE (disputed)
వంకాయ,వంగ,Telugu,600 CE - present
వంకాయ,కాయ,Telugu,600 CE - present
నీరు,*nīr,Proto-Dravidian,3000 BCE - 1500 BCE (disputed)
రంగు,रङ्ग,Sanskrit,1500 BCE - present (liturgical/classical)
నెత్తురు,*neyttVr,Proto-Dravidian,3000 BCE - 1500 BCE (disputed)
రక్తము,रक्त,Sanskrit,1500 BCE - present (liturgical/classical)
మణి,मणि,Sanskrit,1500 BCE - present (liturgical/classical)
పుట్టుమచ్చ,పుట్టు,Telugu,600 CE - present
పుట్టుమచ్చ,మచ్చ,Telugu,600 CE - present
ద్వారము,द्वार,Sanskrit,1500 BCE - present (liturgical/classical)
చిరుతపులి,చిరుత,Telugu,600 CE - present
చిరుతపులి,పులి,Telugu,600 CE - present
అధికారము,अधिकार,Sanskrit,1500 BCE - present (liturgical/classical)
ఓడ,*cōṭam,Proto-Dravidian,3000 BCE - 1500 BCE (disputed)
సేన,सेना,Sanskrit,1500 BCE - present (liturgical/classical)
ఓడరేవు,ఓడ,Telugu,600 CE - present
ఓడరేవు,రేవు,Telugu,600 CE - present
అగ్ని,अग्नि,Sanskrit,1500 BCE - present (liturgical/classical)
తార,तारक,Sanskrit,1500 BCE - present (liturgical/classical)
కోడిపెట్ట,కోడి,Telugu,600 CE - present
కోడిపెట్ట,పెట్ట,Telugu,600 CE - present
పిల్లి,*pill-V-,Proto-Dravidian,3000 BCE - 1500 BCE (disputed)
చుక్క,*cukk-V,Proto-Dravidian,3000 BCE - 1500 BCE (disputed)
ఆత్మ,आत्मन्,Sanskrit,1500 BCE - present (liturgical/classical)
ద్వీపము,द्वीप,Sanskrit,1500 BCE - present (liturgical/classical)
ఆసుపత్రి,hospital,Portuguese,1516 CE - present
గోవు,गो,Sanskrit,1500 BCE - present (liturgical/classical)
గోవు,*gʷōws,Proto-Indo-European,4500 BCE - 2500 BCE
వస్తువు,वस्तु,Sanskrit,1500 BCE - present (liturgical/classical)
గ్రామీణ,ग्रामीण,Sanskrit,1500 BCE - present (liturgical/classical)
కండబలం,కండ,Telugu,600 CE - present
కండబలం,బలం,Telugu,600 CE - present
లత,लता,Sanskrit,1500 BCE - present (liturgical/classical)
పాము,*pāmpu,Proto-Dravidian,3000 BCE - 1500 BCE (disputed)
కన్య,कन्या,Sanskrit,1500 BCE - present (liturgical/classical)
సముద్రం,समुद्र,Sanskrit,1500 BCE - present (liturgical/classical)
కోడిపుంజు,కోడి,Telugu,600 CE - present
కోడిపుంజు,పుంజు,Telugu,600 CE - present
చెల్లి,*cēl-āḷ,Proto-Dravidian,3000 BCE - 1500 BCE (disputed)
అందము,*am-ta,Proto-Dravidian,3000 BCE - 1500 BCE (disputed)
ఉల్లి,*uḷḷi,Proto-Dravidian,3000 BCE - 1500 BCE (disputed)
కన్ను,*kaṇ,Proto-Dravidian,3000 BCE - 1500 BCE (disputed)
కన్నీరు,కన్ను,Telugu,600 CE - present
కన్నీరు,నీరు,Telugu,600 CE - present
అందమైన,అందము,Telugu,600 CE - present
అందమైన,మైన,Telugu,600 CE - present
హంస,हंस,Sanskrit,1500 BCE - present (liturgical/classical)
నేత్రము,नेत्र,Sanskrit,1500 BCE - present (liturgical/classical)
మెదడు,*metVẓ,Proto-Dravidian,3000 BCE - 1500 BCE (disputed)
స్త్రీ,स्त्री,Sanskrit,1500 BCE - present (liturgical/classical)
ముష్టియుద్ధము,ముష్టి,Telugu,600 CE - present
ముష్టియుద్ధము,యుద్ధము,Telugu,600 CE - present
గుహ,गुहा,Sanskrit,1500 BCE - present (liturgical/classical)
మాత్ర,मात्र,Sanskrit,1500 BCE - present (liturgical/classical)
స్నేహము,स्नेह,Sanskrit,1500 BCE - present (liturgical/classical)
స్నేహితుడు,स्नेहित,Sanskrit,1500 BCE - present (liturgical/classical)
నెల,*nelanc(c)-,Proto-Dravidian,3000 BCE - 1500 BCE (disputed)
ఇక్కడ,ఈ,Telugu,600 CE - present
ఇక్కడ,కడ,Telugu,600 CE - present
కోట,कोट,Sanskrit,1500 BCE - present (liturgical/classical)
చెవి,chave,Portuguese,1516 CE - present
ముఖము,मुख,Sanskrit,1500 BCE - present (liturgical/classical)
నాభి,नाभि,Sanskrit,1500 BCE - present (liturgical/classical)
మూత్రము,मूत्र,Sanskrit,1500 BCE - present (liturgical/classical)
యోని,योनि,Sanskrit,1500 BCE - present (liturgical/classical)
ద్వారపాలకుడు,द्वारपालक,Sanskrit,1500 BCE - present (liturgical/classical)
కథ,कथा,Sanskrit,1500 BCE - present (liturgical/classical)
భారత దేశము,భారత,Telugu,600 CE - present
భారత దేశము,దేశము,Telugu,600 CE - present
న్యూయార్క్,New York,English,1550 CE - present
దక్షిణ అమెరికా,दक्षिण,Sanskrit,1500 BCE - present (liturgical/classical)
ఆసియా,Ἀσίᾱ,Ancient Greek,1500 BCE - 300 BCE
ఆస్ట్రేలియా,Australia,English,1550 CE - present
జిల్లా,ज़िला,Hindi,not available
బీహార్,विहार,Sanskrit,1500 BCE - present (liturgical/classical)
మణిపూర్,मणिपूर,Sanskrit,1500 BCE - present (liturgical/classical)
మహారాష్ట్ర,महाराष्ट्र,Sanskrit,1500 BCE - present (liturgical/classical)
పశ్చిమ బెంగాల్,పశ్చిమ,Telugu,600 CE - present
పశ్చిమ బెంగాల్,బెంగాల్,Telugu,600 CE - present
బెంగాల్,বাংলা,Bengali,not available
షాంఘై,Shanghai,English,1550 CE - present
షాంఘై,上海,Mandarin,not available
కంబోడియా,Cambodge,French,1600 CE - present
సింగపూర్,Singapore,English,1550 CE - present
విష్ణు,विष्णु,Sanskrit,1500 BCE - present (liturgical/classical)
సీత,सीता,Sanskrit,1500 BCE - present (liturgical/classical)
రక్తనాళము,రక్త,Telugu,600 CE - present
రక్తనాళము,నాళము,Telugu,600 CE - present
ఆభరణము,आभरण,Sanskrit,1500 BCE - present (liturgical/classical)
తొడ ఎముక,తొడ,Telugu,600 CE - present
తొడ ఎముక,ఎముక,Telugu,600 CE - present
దేవాలయము,దేవ,Telugu,600 CE - present
దేవాలయము,ఆలయము,Telugu,600 CE - present
ఐశ్వర్యము,ईश्वर,Sanskrit,1500 BCE - present (liturgical/classical)
జ్వాల,ज्वाल,Sanskrit,1500 BCE - present (liturgical/classical)
సమరము,समर,Sanskrit,1500 BCE - present (liturgical/classical)
ఆసియా ఏనుగు,ఆసియా,Telugu,600 CE - present
ఆసియా ఏనుగు,ఏనుగు,Telugu,600 CE - present
హక్కు,हक़,Hindi,not available
హక్కు,حق,Urdu,not available
హక్కు,حق,Persian,1000 CE - present
హక్కు,حَقّ,Arabic,600 CE - present
రతి,रति,Sanskrit,1500 BCE - present (liturgical/classical)
రణరంగము,రణము,Telugu,600 CE - present
రణరంగము,రంగము,Telugu,600 CE - present
రచన,रचन,Sanskrit,1500 BCE - present (liturgical/classical)
మైథునము,मैथुन,Sanskrit,1500 BCE - present (liturgical/classical)
కోణము,कोण,Sanskrit,1500 BCE - present (liturgical/classical)
మూలము,मूल,Sanskrit,1500 BCE - present (liturgical/classical)
మార్చి,March,English,1550 CE - present
ఏప్రిల్,April,English,1550 CE - present
జూన్,June,English,1550 CE - present
మే,May,English,1550 CE - present
జూలై,July,English,1550 CE - present
ఆగష్టు,August,English,1550 CE - present
సెప్టెంబర్,September,English,1550 CE - present
అక్టోబర్,October,English,1550 CE - present
నవంబర్,November,English,1550 CE - present
డిసెంబర్,December,English,1550 CE - present
లక్ష్మి,लक्ष्मी,Sanskrit,1500 BCE - present (liturgical/classical)
క్షీరము,क्षीर,Sanskrit,1500 BCE - present (liturgical/classical)
సరస్వతి,सरस्वती,Sanskrit,1500 BCE - present (liturgical/classical)
కళ,कला,Sanskrit,1500 BCE - present (liturgical/classical)
సోమవారము,సోమ,Telugu,600 CE - present
సోమవారము,వారము,Telugu,600 CE - present
బుధవారము,బుధ,Telugu,600 CE - present
బుధవారము,వారము,Telugu,600 CE - present
మంగళవారము,మంగళ,Telugu,600 CE - present
మంగళవారము,వారము,Telugu,600 CE - present
పేరు,*picar,Proto-Dravidian,3000 BCE - 1500 BCE (disputed)
శుక్రవారము,శుక్ర,Telugu,600 CE - present
శుక్రవారము,వారము,Telugu,600 CE - present
ఇంటిపేరు,ఇంటి,Telugu,600 CE - present
ఇంటిపేరు,పేరు,Telugu,600 CE - present
క్షీరాబ్ధితనయ,క్షీరాబ్ధి,Telugu,600 CE - present
క్షీరాబ్ధితనయ,తనయ,Telugu,600 CE - present
మామిడిపండు,మామిడి,Telugu,600 CE - present
మామిడిపండు,పండు,Telugu,600 CE - present
మామిడిచెట్టు,మామిడి,Telugu,600 CE - present
మామిడిచెట్టు,చెట్టు,Telugu,600 CE - present
పనసపండు,పనస,Telugu,600 CE - present
పనసపండు,పండు,Telugu,600 CE - present
ఫలము,फल,Sanskrit,1500 BCE - present (liturgical/classical)
పనసచెట్టు,పనస,Telugu,600 CE - present
పనసచెట్టు,చెట్టు,Telugu,600 CE - present
దానిమ్మపండు,దానిమ్మ,Telugu,600 CE - present
దానిమ్మపండు,పండు,Telugu,600 CE - present
జామచెట్టు,జామ,Telugu,600 CE - present
జామచెట్టు,చెట్టు,Telugu,600 CE - present
జామపండు,జామ,Telugu,600 CE - present
జామపండు,పండు,Telugu,600 CE - present
అరటిపండు,అరటి,Telugu,600 CE - present
అరటిపండు,పండు,Telugu,600 CE - present
కోడిమాంసం,కోడి,Telugu,600 CE - present
కోడిమాంసం,మాంసం,Telugu,600 CE - present
అరటి,अरतू,Sanskrit,1500 BCE - present (liturgical/classical)
కానుక,*kāṇikkay,Proto-Dravidian,3000 BCE - 1500 BCE (disputed)
ఆకారము,ఆ,Telugu,600 CE - present
ఆకారము,కారము,Telugu,600 CE - present
తాళము,ताल,Sanskrit,1500 BCE - present (liturgical/classical)
పిరికివాడు,పిరికి,Telugu,600 CE - present
పిరికివాడు,వాడు,Telugu,600 CE - present
భానువారము,భాను,Telugu,600 CE - present
భానువారము,వారము,Telugu,600 CE - present
కొబ్బరి పాలు,కొబ్బరి,Telugu,600 CE - present
కొబ్బరి పాలు,పాలు,Telugu,600 CE - present
కొబ్బరికాయ,కొబ్బరి,Telugu,600 CE - present
కొబ్బరికాయ,కాయ,Telugu,600 CE - present
కొబ్బరి పీత,కొబ్బరి,Telugu,600 CE - present
కొబ్బరి పీత,పీత,Telugu,600 CE - present
కొబ్బరిచెట్టు,కొబ్బరి,Telugu,600 CE - present
కొబ్బరిచెట్టు,చెట్టు,Telugu,600 CE - present
కొవ్వు ఆమ్లం,కొవ్వు,Telugu,600 CE - present
కొవ్వు ఆమ్లం,ఆమ్లం,Telugu,600 CE - present
డేగాట,డేగ,Telugu,600 CE - present
డేగాట,ఆట,Telugu,600 CE - present
క్రీడ,क्रीडा,Sanskrit,1500 BCE - present (liturgical/classical)
ఉదకము,उदक,Sanskrit,1500 BCE - present (liturgical/classical)
శ్వేతము,श्वेत,Sanskrit,1500 BCE - present (liturgical/classical)
పప్ప,papa,English,1550 CE - present
ప్రబంధము,प्रबन्ध,Sanskrit,1500 BCE - present (liturgical/classical)
పాఠశాల,पाठ,Sanskrit,1500 BCE - present (liturgical/classical)
ద్రాక్ష సారాయి,ద్రాక్ష,Telugu,600 CE - present
ద్రాక్ష సారాయి,సారాయి,Telugu,600 CE - present
ద్రాక్ష,द्राक्षा,Sanskrit,1500 BCE - present (liturgical/classical)
ఉరగము,ఉరము,Telugu,600 CE - present
ఉరగము,గ,Telugu,600 CE - present
ఆడగుర్రం,ఆడ,Telugu,600 CE - present
ఆడగుర్రం,గుర్రం,Telugu,600 CE - present
లతాంగి,లత,Telugu,600 CE - present
లతాంగి,అంగి,Telugu,600 CE - present
కాయ,*kāy,Proto-Dravidian,3000 BCE - 1500 BCE (disputed)
ఎర్ర సముద్రం,ఎర్ర,Telugu,600 CE - present
ఎర్ర సముద్రం,సముద్రం,Telugu,600 CE - present
స్వాధీనము,స్వ,Telugu,600 CE - present
స్వాధీనము,అధీనము,Telugu,600 CE - present
స్తన్యము,स्तन्य,Sanskrit,1500 BCE - present (liturgical/classical)
సుధ,सुधा,Sanskrit,1500 BCE - present (liturgical/classical)
అంబ,अम्बा,Sanskrit,1500 BCE - present (liturgical/classical)
వృషభరాశి,वृषभ,Sanskrit,1500 BCE - present (liturgical/classical)
రహస్యము,रहस्य,Sanskrit,1500 BCE - present (liturgical/classical)
కాగితంపువ్వు,కాగితం,Telugu,600 CE - present
కాగితంపువ్వు,పువ్వు,Telugu,600 CE - present
బంతిపువ్వు,బంతి,Telugu,600 CE - present
బంతిపువ్వు,పువ్వు,Telugu,600 CE - present
ఆలయము,आलय,Sanskrit,1500 BCE - present (liturgical/classical)
అష్ట,*Haštā́,Proto-Indo-Iranian,2200 BCE - 1800 BCE
అష్ట,*oḱtṓw,Proto-Indo-European,4500 BCE - 2500 BCE
పసుపురంగు,పసుపు,Telugu,600 CE - present
పసుపురంగు,రంగు,Telugu,600 CE - present
తాబేలు,*tyām-,Proto-Dravidian,3000 BCE - 1500 BCE (disputed)
అప-,अप,Sanskrit,1500 BCE - present (liturgical/classical)
నెయ్యి,*ney,Proto-Dravidian,3000 BCE - 1500 BCE (disputed)
అమృతము,अमृत,Sanskrit,1500 BCE - present (liturgical/classical)
నక్షత్రవీధి,నక్షత్రము,Telugu,600 CE - present
నక్షత్రవీధి,వీధి,Telugu,600 CE - present
నరబలి,నర,Telugu,600 CE - present
నరబలి,బలి,Telugu,600 CE - present
నరభక్షకుడు,नरभक्षक,Sanskrit,1500 BCE - present (liturgical/classical)
నృపతి,नृपति,Sanskrit,1500 BCE - present (liturgical/classical)
గోధుమ,गोधूम,Sanskrit,1500 BCE - present (liturgical/classical)
గో,गो,Sanskrit,1500 BCE - present (liturgical/classical)
గోధుమపిండి,గోధుమ,Telugu,600 CE - present
గోధుమపిండి,పిండి,Telugu,600 CE - present
గోమూత్రము,गोमूत्र,Sanskrit,1500 BCE - present (liturgical/classical)
గౌరి,गौर,Sanskrit,1500 BCE - present (liturgical/classical)
సూర్య గ్రహణము,సూర్య,Telugu,600 CE - present
సూర్య గ్రహణము,గ్రహణము,Telugu,600 CE - present
గ్రామసింహము,గ్రామ,Telugu,600 CE - present
గ్రామసింహము,సింహము,Telugu,600 CE - present
చంద్రిక,चन्द्रिका,Sanskrit,1500 BCE - present (liturgical/classical)
చతురంగబలము,చతుర్,Telugu,600 CE - present
చతురంగబలము,అంగ,Telugu,600 CE - present
చతురంగబలము,బలము,Telugu,600 CE - present
చర్మము,चर्मन्,Sanskrit,1500 BCE - present (liturgical/classical)
ముఖ్యము,मुख्य,Sanskrit,1500 BCE - present (liturgical/classical)
నీరుపంది,నీరు,Telugu,600 CE - present
నీరుపంది,పంది,Telugu,600 CE - present
అడవిపంది,అడవి,Telugu,600 CE - present
అడవిపంది,పంది,Telugu,600 CE - present
రోదసి,रोदसी,Sanskrit,1500 BCE - present (liturgical/classical)
లేఖ,लिख्,Sanskrit,1500 BCE - present (liturgical/classical)
పుంలింగము,పుం,Telugu,600 CE - present
పుంలింగము,లింగము,Telugu,600 CE - present
పూజ,पूजा,Sanskrit,1500 BCE - present (liturgical/classical)
పూర్ణము,पूर्ण,Sanskrit,1500 BCE - present (liturgical/classical)
పూవు,*pū,Proto-Dravidian,3000 BCE - 1500 BCE (disputed)
సర్వనామము,సర్వ,Telugu,600 CE - present
సర్వనామము,నామము,Telugu,600 CE - present
నామవాచకము,నామ,Telugu,600 CE - present
నామవాచకము,వాచకము,Telugu,600 CE - present
క్రియ,क्रिया,Sanskrit,1500 BCE - present (liturgical/classical)
ముంగాలు,ముందు,Telugu,600 CE - present
ముంగాలు,కాలు,Telugu,600 CE - present
ముంగురులు,ముందు,Telugu,600 CE - present
ముంగురులు,కురులు,Telugu,600 CE - present
అచ్చు,*accu,Proto-Dravidian,3000 BCE - 1500 BCE (disputed)
అచ్చు,अक्ष,Sanskrit,1500 BCE - present (liturgical/classical)
అచ్చు,*Háćšas,Proto-Indo-Iranian,2200 BCE - 1800 BCE
అచ్చు,*h₂éḱs-,Proto-Indo-European,4500 BCE - 2500 BCE
అచ్చు,अजक्षर,Sanskrit,1500 BCE - present (liturgical/classical)
జనని,जननी,Sanskrit,1500 BCE - present (liturgical/classical)
విజయ,विजय,Sanskrit,1500 BCE - present (liturgical/classical)
మమత,ममता,Sanskrit,1500 BCE - present (liturgical/classical)
వేప,*wēmpu,Proto-Dravidian,3000 BCE - 1500 BCE (disputed)
జాతి,जाति,Sanskrit,1500 BCE - present (liturgical/classical)
రవి,रवि,Sanskrit,1500 BCE - present (liturgical/classical)
కృష్ణానది,కృష్ణ,Telugu,600 CE - present
కృష్ణానది,నది,Telugu,600 CE - present
నత్తగుల్ల,నత్త,Telugu,600 CE - present
నత్తగుల్ల,గుల్ల,Telugu,600 CE - present
యువ,युवन्,Sanskrit,1500 BCE - present (liturgical/classical)
యువ,*h₂yuh₁on-,Proto-Indo-European,4500 BCE - 2500 BCE
బార్లీ,barley,English,1550 CE - present
టేకు,teak,English,1550 CE - present
టేకు కలప,టేకు,Telugu,600 CE - present
టేకు కలప,కలప,Telugu,600 CE - present
టేకు చెట్టు,టేకు,Telugu,600 CE - present
టేకు చెట్టు,చెట్టు,Telugu,600 CE - present
మధ్య,मध्य,Sanskrit,1500 BCE - present (liturgical/classical)
ఆదిత్యుడు,आदित्य,Sanskrit,1500 BCE - present (liturgical/classical)
తొలివారము,తొలి,Telugu,600 CE - present
తొలివారము,వారము,Telugu,600 CE - present
జయవారము,జయ,Telugu,600 CE - present
జయవారము,వారము,Telugu,600 CE - present
లక్ష్మీవారము,లక్ష్మి,Telugu,600 CE - present
లక్ష్మీవారము,వారము,Telugu,600 CE - present
బృహస్పతివారము,బృహస్పతి,Telugu,600 CE - present
బృహస్పతివారము,వారము,Telugu,600 CE - present
మనము,मन्,Sanskrit,1500 BCE - present (liturgical/classical)
మనసు,मनस्,Sanskrit,1500 BCE - present (liturgical/classical)
మనుమరాలు,మనుమ,Telugu,600 CE - present
మనుమరాలు,ఆలు,Telugu,600 CE - present
ఐరోపా,Europa,German,750 CE - present
క్యూబా,Cuba,English,1550 CE - present
శ్రీ,श्री,Sanskrit,1500 BCE - present (liturgical/classical)
శ్రీశైలము,శ్రీ,Telugu,600 CE - present
శ్రీశైలము,శైలము,Telugu,600 CE - present
వచనము,वचन,Sanskrit,1500 BCE - present (liturgical/classical)
బహువచనము,బహు,Telugu,600 CE - present
బహువచనము,వచనము,Telugu,600 CE - present
శ్రీగంధము,శ్రీ,Telugu,600 CE - present
శ్రీగంధము,గంధము,Telugu,600 CE - present
శ్రీఫలము,శ్రీ,Telugu,600 CE - present
శ్రీఫలము,ఫలము,Telugu,600 CE - present
నమస్కారము,नमस्कार,Sanskrit,1500 BCE - present (liturgical/classical)
నమూనా,نمونه,Classical Persian,800 CE - 1900 CE
నమ్మకమైన,నమ్మకము,Telugu,600 CE - present
నమ్మకమైన,ఐన,Telugu,600 CE - present
రాజు,राजन्,Sanskrit,1500 BCE - present (liturgical/classical)
రాజు,*Hrā́ȷ́ā,Proto-Indo-Aryan,2000 BCE - 1500 BCE
రాజు,*Hrā́ȷ́ā,Proto-Indo-Iranian,2200 BCE - 1800 BCE
రాజు,*h₃rḗǵō,Proto-Indo-European,4500 BCE - 2500 BCE
కపటము,कपट,Sanskrit,1500 BCE - present (liturgical/classical)
నగరము,नगर,Sanskrit,1500 BCE - present (liturgical/classical)
రాత్రి,रात्रि,Sanskrit,1500 BCE - present (liturgical/classical)
రెప్పపాటు,రెప్ప,Telugu,600 CE - present
రెప్పపాటు,పాటు,Telugu,600 CE - present
రేఖ,रेखा,Sanskrit,1500 BCE - present (liturgical/classical)
రేణుక,रेणुका,Sanskrit,1500 BCE - present (liturgical/classical)
రేడు,*et̠-ay-ant̠u,Proto-Dravidian,3000 BCE - 1500 BCE (disputed)
పత్రిక,पत्त्रिका,Sanskrit,1500 BCE - present (liturgical/classical)
ధీరత్వము,धीर,Sanskrit,1500 BCE - present (liturgical/classical)
ధేనువు,धेनु,Sanskrit,1500 BCE - present (liturgical/classical)
హస్తప్రయోగం,हस्त,Sanskrit,1500 BCE - present (liturgical/classical)
అడవికోడి,అడవి,Telugu,600 CE - present
అడవికోడి,కోడి,Telugu,600 CE - present
బాతు,pato,Portuguese,1516 CE - present
కారు,car,English,1550 CE - present
గంగమ్మ,గంగ,Telugu,600 CE - present
గంగమ్మ,అమ్మ,Telugu,600 CE - present
గంగిగోవు,గంగి,Telugu,600 CE - present
గంగిగోవు,గోవు,Telugu,600 CE - present
గంగిరెద్దు,గంగి,Telugu,600 CE - present
గంగిరెద్దు,ఎద్దు,Telugu,600 CE - present
గంగరేగు,గంగ,Telugu,600 CE - present
గంగరేగు,రేగు,Telugu,600 CE - present
రేగుపండు,రేగు,Telugu,600 CE - present
రేగుపండు,పండు,Telugu,600 CE - present
గంటవేట,గంట,Telugu,600 CE - present
గంటవేట,వేట,Telugu,600 CE - present
ఎల్లమ్మ,ఎల్ల,Telugu,600 CE - present
ఎల్లమ్మ,అమ్మ,Telugu,600 CE - present
భార్య,भार्या,Sanskrit,1500 BCE - present (liturgical/classical)
పుత్రిక,पुत्री,Sanskrit,1500 BCE - present (liturgical/classical)
భర్త,भर्ता,Sanskrit,1500 BCE - present (liturgical/classical)
అన్న,*aṇṇa,Proto-Dravidian,3000 BCE - 1500 BCE (disputed)
కుటుంబము,कुटुम्ब,Sanskrit,1500 BCE - present (liturgical/classical)
మామ,*māma,Proto-Dravidian,3000 BCE - 1500 BCE (disputed)
అత్త,*atta,Proto-Dravidian,3000 BCE - 1500 BCE (disputed)
తోడికోడలు,తోడి,Telugu,600 CE - present
తోడికోడలు,కోడలు,Telugu,600 CE - present
పెద్దక్క,పెద్ద,Telugu,600 CE - present
పెద్దక్క,అక్క,Telugu,600 CE - present
అత్తమామలు,అత్త,Telugu,600 CE - present
అత్తమామలు,మామ,Telugu,600 CE - present
పెద్దన్న,పెద్ద,Telugu,600 CE - present
పెద్దన్న,అన్న,Telugu,600 CE - present
పెద్దమ్మ,పెద్ద,Telugu,600 CE - present
పెద్దమ్మ,అమ్మ,Telugu,600 CE - present
పెద్దపులి,పెద్ద,Telugu,600 CE - present
పెద్దపులి,పులి,Telugu,600 CE - present
పెత్తల్లి,పెద్ద,Telugu,600 CE - present
పెత్తల్లి,తల్లి,Telugu,600 CE - present
సంసారము,संसार,Sanskrit,1500 BCE - present (liturgical/classical)
పులి,*puli,Proto-Dravidian,3000 BCE - 1500 BCE (disputed)
పులి,*puḷ,Proto-Dravidian,3000 BCE - 1500 BCE (disputed)
ఉండ్రాయి,ఉండ,Telugu,600 CE - present
ఉండ్రాయి,రాయి,Telugu,600 CE - present
వృకము,वृक,Sanskrit,1500 BCE - present (liturgical/classical)
వృకము,*wŕ̥kas,Proto-Indo-Iranian,2200 BCE - 1800 BCE
వృక్షము,वृक्ष,Sanskrit,1500 BCE - present (liturgical/classical)
ఇతిహాసము,इतिहास,Sanskrit,1500 BCE - present (liturgical/classical)
పల్లె,*paḷḷi,Proto-Dravidian,3000 BCE - 1500 BCE (disputed)
పడమర,పడుమ్,Telugu,600 CE - present
పడమర,ఞూయిరు,Telugu,600 CE - present
దిక్కు,दिक्,Sanskrit,1500 BCE - present (liturgical/classical)
జానువు,जानु,Sanskrit,1500 BCE - present (liturgical/classical)
జానువు,*ǵónu,Proto-Indo-European,4500 BCE - 2500 BCE
కాలము,काल,Sanskrit,1500 BCE - present (liturgical/classical)
ఎండకాలము,ఎండ,Telugu,600 CE - present
ఎండకాలము,కాలము,Telugu,600 CE - present
దండకడియము,దండ,Telugu,600 CE - present
దండకడియము,కడియము,Telugu,600 CE - present
తోడుదొంగ,తోడు,Telugu,600 CE - present
తోడుదొంగ,దొంగ,Telugu,600 CE - present
నేత్ర నాడి,నేత్ర,Telugu,600 CE - present
నేత్ర నాడి,నాడి,Telugu,600 CE - present
భక్తి,भक्ति,Sanskrit,1500 BCE - present (liturgical/classical)
చింతపండు,చింత,Telugu,600 CE - present
చింతపండు,పండు,Telugu,600 CE - present
చింతచెట్టు,చింత,Telugu,600 CE - present
చింతచెట్టు,చెట్టు,Telugu,600 CE - present
బండారు,బండ,Telugu,600 CE - present
బండారు,ఆరు,Telugu,600 CE - present
గులాబిపువ్వు,గులాబి,Telugu,600 CE - present
గులాబిపువ్వు,పువ్వు,Telugu,600 CE - present
ఆకుపచ్చ,ఆకు,Telugu,600 CE - present
ఆకుపచ్చ,పచ్చ,Telugu,600 CE - present
కోనసీమ,కోన,Telugu,600 CE - present
కోనసీమ,సీమ,Telugu,600 CE - present
తలనొప్పి,తల,Telugu,600 CE - present
తలనొప్పి,నొప్పి,Telugu,600 CE - present
మర్రిచెట్టు,మర్రి,Telugu,600 CE - present
మర్రిచెట్టు,చెట్టు,Telugu,600 CE - present
రామ,राम,Sanskrit,1500 BCE - present (liturgical/classical)
తాటాకు,తాటి,Telugu,600 CE - present
తాటాకు,ఆకు,Telugu,600 CE - present
తాటిబెల్లము,తాటి,Telugu,600 CE - present
తాటిబెల్లము,బెల్లము,Telugu,600 CE - present
గాలిగోపురము,గాలి,Telugu,600 CE - present
గాలిగోపురము,గోపురము,Telugu,600 CE - present
కృష్ణ,कृष्ण,Sanskrit,1500 BCE - present (liturgical/classical)
ఈర్ష్య,ईर्ष्या,Sanskrit,1500 BCE - present (liturgical/classical)
టీ,tea,English,1550 CE - present
భార్యాభర్తలు,భార్య,Telugu,600 CE - present
భార్యాభర్తలు,భర్త,Telugu,600 CE - present
పైడిరాజు,పైడి,Telugu,600 CE - present
పైడిరాజు,రాజు,Telugu,600 CE - present
జయము,जय,Sanskrit,1500 BCE - present (liturgical/classical)
జయ,जय,Sanskrit,1500 BCE - present (liturgical/classical)
వీరుడు,वीर,Sanskrit,1500 BCE - present (liturgical/classical)
వీరుడు,*wīrás,Proto-Indo-Iranian,2200 BCE - 1800 BCE
వీరుడు,*wiHrós,Proto-Indo-European,4500 BCE - 2500 BCE
వీరము,वीर,Sanskrit,1500 BCE - present (liturgical/classical)
వీరము,*wīrás,Proto-Indo-Iranian,2200 BCE - 1800 BCE
వీరము,*wiHrós,Proto-Indo-European,4500 BCE - 2500 BCE
పద్మిని,पद्मिनी,Sanskrit,1500 BCE - present (liturgical/classical)
మహాసముద్రము,మహా,Telugu,600 CE - present
మహాసముద్రము,సముద్రము,Telugu,600 CE - present
సప్తము,सप्तन्,Sanskrit,1500 BCE - present (liturgical/classical)
సప్తము,*septḿ̥,Proto-Indo-European,4500 BCE - 2500 BCE
దక్షిణ మహాసముద్రము,दक्षिण,Sanskrit,1500 BCE - present (liturgical/classical)
దక్షిణ చైనా సముద్రము,दक्षिण,Sanskrit,1500 BCE - present (liturgical/classical)
తోటకూర,తోట,Telugu,600 CE - present
తోటకూర,కూర,Telugu,600 CE - present
ఇగురుకూర,ఇగురు,Telugu,600 CE - present
ఇగురుకూర,కూర,Telugu,600 CE - present
కాయగూరలు,కాయ,Telugu,600 CE - present
కాయగూరలు,కూర,Telugu,600 CE - present
మాంసము,मांस,Sanskrit,1500 BCE - present (liturgical/classical)
కూరగాయలు,కూర,Telugu,600 CE - present
కూరగాయలు,కాయ,Telugu,600 CE - present
వెన్నుపూస,వెన్ను,Telugu,600 CE - present
వెన్నుపూస,పూస,Telugu,600 CE - present
కొబ్బరిబొండము,కొబ్బరి,Telugu,600 CE - present
కొబ్బరిబొండము,బొండము,Telugu,600 CE - present
కొబ్బరిబెల్లము,కొబ్బరి,Telugu,600 CE - present
కొబ్బరిబెల్లము,బెల్లము,Telugu,600 CE - present
వెన్నుపాము,వెన్ను,Telugu,600 CE - present
వెన్నుపాము,పాము,Telugu,600 CE - present
కొబ్బరిపచ్చడి,కొబ్బరి,Telugu,600 CE - present
కొబ్బరిపచ్చడి,పచ్చడి,Telugu,600 CE - present
కొబ్బరిపీచు,కొబ్బరి,Telugu,600 CE - present
కొబ్బరిపీచు,పీచు,Telugu,600 CE - present
కొబ్బరినూనె,కొబ్బరి,Telugu,600 CE - present
కొబ్బరినూనె,నూనె,Telugu,600 CE - present
కొబ్బరిపువ్వు,కొబ్బరి,Telugu,600 CE - present
కొబ్బరిపువ్వు,పువ్వు,Telugu,600 CE - present
మంచినూనె,మంచి,Telugu,600 CE - present
మంచినూనె,నూనె,Telugu,600 CE - present
ముజ్జగము,మూడు,Telugu,600 CE - present
ముజ్జగము,జగము,Telugu,600 CE - present
తిండిపోతు,తిండి,Telugu,600 CE - present
తిండిపోతు,పోతు,Telugu,600 CE - present
దండన,दण्डन,Sanskrit,1500 BCE - present (liturgical/classical)
నందన,नन्दन,Sanskrit,1500 BCE - present (liturgical/classical)
నిజమాసము,నిజ,Telugu,600 CE - present
నిజమాసము,మాసము,Telugu,600 CE - present
క్షయమాసము,క్షయ,Telugu,600 CE - present
క్షయమాసము,మాసము,Telugu,600 CE - present
ప్రొద్దు,*poẓ-tu,Proto-Dravidian,3000 BCE - 1500 BCE (disputed)
కడుపుమంట,కడుపు,Telugu,600 CE - present
కడుపుమంట,మంట,Telugu,600 CE - present
గుంటపొయ్యి,గుంట,Telugu,600 CE - present
గుంటపొయ్యి,పొయ్యి,Telugu,600 CE - present
గడ్డపొయ్యి,గడ్డ,Telugu,600 CE - present
గడ్డపొయ్యి,పొయ్యి,Telugu,600 CE - present
ఉమ్మెత్తపువ్వు,ఉమ్మెత్త,Telugu,600 CE - present
ఉమ్మెత్తపువ్వు,పువ్వు,Telugu,600 CE - present
కుంకుడుకాయ,కుంకుడు,Telugu,600 CE - present
కుంకుడుకాయ,కాయ,Telugu,600 CE - present
కుంకుమపువ్వు,కుంకుమ,Telugu,600 CE - present
కుంకుమపువ్వు,పువ్వు,Telugu,600 CE - present
కుంకుడుచెట్టు,కుంకుడు,Telugu,600 CE - present
కుంకుడుచెట్టు,చెట్టు,Telugu,600 CE - present
కేళి,केलि,Sanskrit,1500 BCE - present (liturgical/classical)
తిరుగుబోతు,తిరుగు,Telugu,600 CE - present
తిరుగుబోతు,పోతు,Telugu,600 CE - present
తిరుగుడుపువ్వు,తిరుగుడు,Telugu,600 CE - present
తిరుగుడుపువ్వు,పువ్వు,Telugu,600 CE - present
అర్ఘము,अर्घ,Sanskrit,1500 BCE - present (liturgical/classical)
అష్టార్ఘ్యములు,అష్ట,Telugu,600 CE - present
అష్టార్ఘ్యములు,అర్ఘ్యములు,Telugu,600 CE - present
శ్రీవిద్య,శ్రీ,Telugu,600 CE - present
శ్రీవిద్య,విద్య,Telugu,600 CE - present
విద్య,विद्या,Sanskrit,1500 BCE - present (liturgical/classical)
ఉత్తరక్రియ,ఉత్తర,Telugu,600 CE - present
ఉత్తరక్రియ,క్రియ,Telugu,600 CE - present
నారాయణ,नारायण,Sanskrit,1500 BCE - present (liturgical/classical)
నారి,नारी,Sanskrit,1500 BCE - present (liturgical/classical)
నారాయణుడు,नारायण,Sanskrit,1500 BCE - present (liturgical/classical)
నారచీర,నార,Telugu,600 CE - present
నారచీర,చీర,Telugu,600 CE - present
కాకరవత్తి,కాకర,Telugu,600 CE - present
కాకరవత్తి,వత్తి,Telugu,600 CE - present
కాకరకాయ,కాకర,Telugu,600 CE - present
కాకరకాయ,కాయ,Telugu,600 CE - present
వేరుసెనగ,వేరు,Telugu,600 CE - present
వేరుసెనగ,సెనగ,Telugu,600 CE - present
చీలమండ,చీల,Telugu,600 CE - present
చీలమండ,మండ,Telugu,600 CE - present
కలకత్తా,কলকাতা,Bengali,not available
కలకత్తా,Calcutta,English,1550 CE - present
బెంగుళూరు,ಬೆಂಗಳೂರು,Kannada,450 CE - present
ఉర్దూ,*ordu,Proto-Turkic,not available
మైదానము,میدان,Persian,1000 CE - present
మైదానము,مَيْدَان,Arabic,600 CE - present
ఈతచెట్టు,ఈత,Telugu,600 CE - present
ఈతచెట్టు,చెట్టు,Telugu,600 CE - present
ఏకాదశము,ఏక,Telugu,600 CE - present
ఏకాదశము,దశము,Telugu,600 CE - present
ఒకటి,*o-,Proto-Dravidian,3000 BCE - 1500 BCE (disputed)
పంచమి,पञ्चमी,Sanskrit,1500 BCE - present (liturgical/classical)
ఉల్లికాడ,ఉల్లి,Telugu,600 CE - present
ఉల్లికాడ,కాడ,Telugu,600 CE - present
వెల్లుల్లి,వెల్ల,Telugu,600 CE - present
వెల్లుల్లి,ఉల్లి,Telugu,600 CE - present
ఉల్లిపాయ,ఉల్లి,Telugu,600 CE - present
ఉల్లిపాయ,పాయ,Telugu,600 CE - present
ఉల్లిగడ్డ,ఉల్లి,Telugu,600 CE - present
ఉల్లిగడ్డ,గడ్డ,Telugu,600 CE - present
నీరుల్లి,నీరు,Telugu,600 CE - present
నీరుల్లి,ఉల్లి,Telugu,600 CE - present
సప్తమి,सप्तमी,Sanskrit,1500 BCE - present (liturgical/classical)
రామనవమి,राम,Sanskrit,1500 BCE - present (liturgical/classical)
మామిడికాయ,మామిడి,Telugu,600 CE - present
మామిడికాయ,కాయ,Telugu,600 CE - present
మేకపోతు,మేక,Telugu,600 CE - present
మేకపోతు,పోతు,Telugu,600 CE - present
మేక వన్నె పులి,మేక,Telugu,600 CE - present
మేక వన్నె పులి,వన్నె,Telugu,600 CE - present
మేక వన్నె పులి,పులి,Telugu,600 CE - present
దర్భ,दर्भ,Sanskrit,1500 BCE - present (liturgical/classical)
అంగూరు,अंगूर,Hindi,not available
అనాసపండు,అనాస,Telugu,600 CE - present
అనాసపండు,పండు,Telugu,600 CE - present
అత్తరు,عطر,Persian,1000 CE - present
అత్తరు,عِطْر,Arabic,600 CE - present
లారీ,lorry,English,1550 CE - present
బస్సు,bus,English,1550 CE - present
బస్సు,omnibus,Latin,700 BCE - 500 CE
నావికుడు,नाविक,Sanskrit,1500 BCE - present (liturgical/classical)
ప్రమాది,प्रमादिन्,Sanskrit,1500 BCE - present (liturgical/classical)
అంగీరస,अङ्गिरस्,Sanskrit,1500 BCE - present (liturgical/classical)
అపజయము,जय,Sanskrit,1500 BCE - present (liturgical/classical)
చెవిటిమూగ,చెవిటి,Telugu,600 CE - present
చెవిటిమూగ,మూగ,Telugu,600 CE - present
వధూవరులు,వధువు,Telugu,600 CE - present
వధూవరులు,వరుడు,Telugu,600 CE - present
గిన్నికోడి,గిన్ని,Telugu,600 CE - present
గిన్నికోడి,కోడి,Telugu,600 CE - present
ఋతువు,ऋतु,Sanskrit,1500 BCE - present (liturgical/classical)
దుందుభి,दुन्दुभि,Sanskrit,1500 BCE - present (liturgical/classical)
దురాశ,దుః,Telugu,600 CE - present
దురాశ,ఆశ,Telugu,600 CE - present
నడిరేయి,నడి,Telugu,600 CE - present
నడిరేయి,రేయి,Telugu,600 CE - present
నడివ్రేలు,నడి,Telugu,600 CE - present
నడివ్రేలు,వ్రేలు,Telugu,600 CE - present
ప్లవ,प्लव,Sanskrit,1500 BCE - present (liturgical/classical)
బహుధాన్య,बहुधान्य,Sanskrit,1500 BCE - present (liturgical/classical)
ప్రభవ,प्रभव,Sanskrit,1500 BCE - present (liturgical/classical)
మన్మథ,मन्मथ,Sanskrit,1500 BCE - present (liturgical/classical)
రక్తాక్షి,रक्ताक्ष,Sanskrit,1500 BCE - present (liturgical/classical)
రుధిరోద్గారి,रुधिरोद्गारिन्,Sanskrit,1500 BCE - present (liturgical/classical)
రాక్షస,राक्षस,Sanskrit,1500 BCE - present (liturgical/classical)
రౌద్రి,रौद्र,Sanskrit,1500 BCE - present (liturgical/classical)
విరోధికృతు,विरोधकृत्,Sanskrit,1500 BCE - present (liturgical/classical)
విళంబి,विलम्ब,Sanskrit,1500 BCE - present (liturgical/classical)
విరోధి,विरोधिन्,Sanskrit,1500 BCE - present (liturgical/classical)
శుక్ల,शुक्ल,Sanskrit,1500 BCE - present (liturgical/classical)
శ్రీముఖ,श्रीमुख,Sanskrit,1500 BCE - present (liturgical/classical)
సాధారణ,साधारण,Sanskrit,1500 BCE - present (liturgical/classical)
సౌమ్య,सौम्य,Sanskrit,1500 BCE - present (liturgical/classical)
సిద్ధార్థి,सिद्धार्थिन्,Sanskrit,1500 BCE - present (liturgical/classical)
సర్వధారి,सर्वधारी,Sanskrit,1500 BCE - present (liturgical/classical)
శ్రా,శ,Telugu,600 CE - present
శ్రా,్,Telugu,600 CE - present
శ్రా,ర,Telugu,600 CE - present
శ్రా,ా,Telugu,600 CE - present
పెండ్లికొడుకు,పెండ్లి,Telugu,600 CE - present
పెండ్లికొడుకు,కొడుకు,Telugu,600 CE - present
పెండ్లికూతురు,పెండ్లి,Telugu,600 CE - present
పెండ్లికూతురు,కూతురు,Telugu,600 CE - present
పెండ్లికుమార్తె,పెండ్లి,Telugu,600 CE - present
పెండ్లికుమార్తె,కుమార్తె,Telugu,600 CE - present
పెండ్లినడక,పెండ్లి,Telugu,600 CE - present
పెండ్లినడక,నడక,Telugu,600 CE - present
పెండ్లికుండలు,పెండ్లి,Telugu,600 CE - present
పెండ్లికుండలు,కుండలు,Telugu,600 CE - present
బొమ్మరిల్లు,బొమ్మ,Telugu,600 CE - present
బొమ్మరిల్లు,ఇల్లు,Telugu,600 CE - present
బొమ్మలపెండ్లి,బొమ్మల,Telugu,600 CE - present
బొమ్మలపెండ్లి,పెండ్లి,Telugu,600 CE - present
వరము,वर,Sanskrit,1500 BCE - present (liturgical/classical)
దంపుడుబియ్యము,దంపుడు,Telugu,600 CE - present
దంపుడుబియ్యము,బియ్యము,Telugu,600 CE - present
తవుడునూనె,తవుడు,Telugu,600 CE - present
తవుడునూనె,నూనె,Telugu,600 CE - present
ఆత్మహత్య,ఆత్మ,Telugu,600 CE - present
ఆత్మహత్య,హత్య,Telugu,600 CE - present
జడవాయువు,జడ,Telugu,600 CE - present
జడవాయువు,వాయువు,Telugu,600 CE - present
ఉమ,उमा,Sanskrit,1500 BCE - present (liturgical/classical)
కట్టెవిరుపుమాట,కట్టె,Telugu,600 CE - present
కట్టెవిరుపుమాట,విరుపు,Telugu,600 CE - present
కట్టెవిరుపుమాట,మాట,Telugu,600 CE - present
పడకగది,పడక,Telugu,600 CE - present
పడకగది,గది,Telugu,600 CE - present
తరగతిగది,తరగతి,Telugu,600 CE - present
తరగతిగది,గది,Telugu,600 CE - present
స్నానాలగది,స్నానాల,Telugu,600 CE - present
స్నానాలగది,గది,Telugu,600 CE - present
చీకటిగది,చీకటి,Telugu,600 CE - present
చీకటిగది,గది,Telugu,600 CE - present
వంటగది,వంట,Telugu,600 CE - present
వంటగది,గది,Telugu,600 CE - present
వానపాము,వాన,Telugu,600 CE - present
వానపాము,పాము,Telugu,600 CE - present
కడకన్ను,కడ,Telugu,600 CE - present
కడకన్ను,కన్ను,Telugu,600 CE - present
ప్రయోగము,प्रयोग,Sanskrit,1500 BCE - present (liturgical/classical)
రక్తసంబంధము,రక్త,Telugu,600 CE - present
రక్తసంబంధము,సంబంధము,Telugu,600 CE - present
రక్తదాత,రక్త,Telugu,600 CE - present
రక్తదాత,దాత,Telugu,600 CE - present
రక్తదానము,రక్త,Telugu,600 CE - present
రక్తదానము,దానము,Telugu,600 CE - present
రక్తపోటు,రక్త,Telugu,600 CE - present
రక్తపోటు,పోటు,Telugu,600 CE - present
మీటరు,mètre,French,1600 CE - present
లీటరు,λίτρα,Ancient Greek,1500 BCE - 300 BCE
హార్మోనియం,harmonium,English,1550 CE - present
గ్రాము,gramme,French,1600 CE - present
కణజాలము,కణ,Telugu,600 CE - present
కణజాలము,జాలము,Telugu,600 CE - present
అగ్గిపుల్ల,అగ్గి,Telugu,600 CE - present
అగ్గిపుల్ల,పుల్ల,Telugu,600 CE - present
గాఢమైన,గాఢము,Telugu,600 CE - present
గాఢమైన,ఐన,Telugu,600 CE - present
అగ్గి,अग्नि,Sanskrit,1500 BCE - present (liturgical/classical)
అగ్గి,*Hagniš,Proto-Indo-Iranian,2200 BCE - 1800 BCE
అగ్గి,*h₁n̥gʷnis,Proto-Indo-European,4500 BCE - 2500 BCE
మూత అద్దము,మూత,Telugu,600 CE - present
మూత అద్దము,అద్దము,Telugu,600 CE - present
భూపతిరాజు,భూపతి,Telugu,600 CE - present
భూపతిరాజు,రాజు,Telugu,600 CE - present
కుక్కపిల్ల,కుక్క,Telugu,600 CE - present
కుక్కపిల్ల,పిల్ల,Telugu,600 CE - present
ఆడకుక్క,ఆడ,Telugu,600 CE - present
ఆడకుక్క,కుక్క,Telugu,600 CE - present
మగకుక్క,మగ,Telugu,600 CE - present
మగకుక్క,కుక్క,Telugu,600 CE - present
పిల్లిచేప,పిల్లి,Telugu,600 CE - present
పిల్లిచేప,చేప,Telugu,600 CE - present
అశ్వము,अश्व,Sanskrit,1500 BCE - present (liturgical/classical)
విజ్ఞానసర్వస్వం,విజ్ఞాన,Telugu,600 CE - present
విజ్ఞానసర్వస్వం,సర్వస్వం,Telugu,600 CE - present
ఆనంద,आनन्द,Sanskrit,1500 BCE - present (liturgical/classical)
ఈశ్వర,ईश्वर,Sanskrit,1500 BCE - present (liturgical/classical)
కీలక,कीलक,Sanskrit,1500 BCE - present (liturgical/classical)
క్రోధన,क्रोधन,Sanskrit,1500 BCE - present (liturgical/classical)
ఖర,खर,Sanskrit,1500 BCE - present (liturgical/classical)
చిత్రభాను,चित्रभानु,Sanskrit,1500 BCE - present (liturgical/classical)
తారణ,तारण,Sanskrit,1500 BCE - present (liturgical/classical)
దుర్మతి,दुर्मति,Sanskrit,1500 BCE - present (liturgical/classical)
దుర్ముఖి,दुर्मुख,Sanskrit,1500 BCE - present (liturgical/classical)
నల,नल,Sanskrit,1500 BCE - present (liturgical/classical)
పరాభవ,पराभव,Sanskrit,1500 BCE - present (liturgical/classical)
విక్రమ,विक्रम,Sanskrit,1500 BCE - present (liturgical/classical)
భావ,भाव,Sanskrit,1500 BCE - present (liturgical/classical)
ప్లవంగ,प्लवंग,Sanskrit,1500 BCE - present (liturgical/classical)
విశ్వావసు,विश्वावसु,Sanskrit,1500 BCE - present (liturgical/classical)
వ్యయ,व्यय,Sanskrit,1500 BCE - present (liturgical/classical)
బ్రహ్మపుత్ర,బ్రహ్మ,Telugu,600 CE - present
బ్రహ్మపుత్ర,పుత్ర,Telugu,600 CE - present
తుంగభద్ర,తుంగ,Telugu,600 CE - present
తుంగభద్ర,భద్ర,Telugu,600 CE - present
కుక్కతోక,కుక్క,Telugu,600 CE - present
కుక్కతోక,తోక,Telugu,600 CE - present
తూర్పు గోదావరి,తూర్పు,Telugu,600 CE - present
తూర్పు గోదావరి,గోదావరి,Telugu,600 CE - present
వృద్ధి,वृद्धि,Sanskrit,1500 BCE - present (liturgical/classical)
ఒంటెపులి,ఒంటె,Telugu,600 CE - present
ఒంటెపులి,పులి,Telugu,600 CE - present
ఒంటెకోడి,ఒంటె,Telugu,600 CE - present
ఒంటెకోడి,కోడి,Telugu,600 CE - present
జాహ్నవి,जाह्नवी,Sanskrit,1500 BCE - present (liturgical/classical)
నెమలికన్ను,నెమలి,Telugu,600 CE - present
నెమలికన్ను,కన్ను,Telugu,600 CE - present
కనుగుడ్డు,కను,Telugu,600 CE - present
కనుగుడ్డు,గుడ్డు,Telugu,600 CE - present
కన్నుదోయి,కన్ను,Telugu,600 CE - present
కన్నుదోయి,దోయి,Telugu,600 CE - present
కనుపాప,కను,Telugu,600 CE - present
కనుపాప,పాప,Telugu,600 CE - present
కన్నయ్య,కన్న,Telugu,600 CE - present
కన్నయ్య,అయ్య,Telugu,600 CE - present
కంటిచూపు,కంటి,Telugu,600 CE - present
కంటిచూపు,చూపు,Telugu,600 CE - present
కపోలము,कपोल,Sanskrit,1500 BCE - present (liturgical/classical)
కపి,कपि,Sanskrit,1500 BCE - present (liturgical/classical)
ఉప్పునీరు,ఉప్పు,Telugu,600 CE - present
ఉప్పునీరు,నీరు,Telugu,600 CE - present
ఉప్పుకయ్య,ఉప్పు,Telugu,600 CE - present
ఉప్పుకయ్య,కయ్య,Telugu,600 CE - present
జలము,जल,Sanskrit,1500 BCE - present (liturgical/classical)
కరి,करिन्,Sanskrit,1500 BCE - present (liturgical/classical)
కలిక,कलिका,Sanskrit,1500 BCE - present (liturgical/classical)
కలెక్టరు,collector,English,1550 CE - present
కత్తిపీట,కత్తి,Telugu,600 CE - present
కత్తిపీట,పీట,Telugu,600 CE - present
అక్కడక్కడ,అక్కడ,Telugu,600 CE - present
అక్షి,अक्षि,Sanskrit,1500 BCE - present (liturgical/classical)
అక్షితార,అక్షి,Telugu,600 CE - present
అక్షితార,తార,Telugu,600 CE - present
అక్షిగోళము,అక్షి,Telugu,600 CE - present
అక్షిగోళము,గోళము,Telugu,600 CE - present
అక్షిపక్ష్మము,అక్షి,Telugu,600 CE - present
అక్షిపక్ష్మము,పక్ష్మము,Telugu,600 CE - present
గుర్రము,*kuti,Proto-Dravidian,3000 BCE - 1500 BCE (disputed)
హరి,हरि,Sanskrit,1500 BCE - present (liturgical/classical)
చక్కెర,शर्करा,Sanskrit,1500 BCE - present (liturgical/classical)
సింగ్,सिंह,Sanskrit,1500 BCE - present (liturgical/classical)
అన్నము,अन्न,Sanskrit,1500 BCE - present (liturgical/classical)
అబ్బ,abba,Latin,700 BCE - 500 CE
అబ్బ,אבא,Aramaic,not available
ఘోటకము,*kHutt-,Proto-Dravidian,3000 BCE - 1500 BCE (disputed)
ఘోష,घोष,Sanskrit,1500 BCE - present (liturgical/classical)
చతుర,चतुर,Sanskrit,1500 BCE - present (liturgical/classical)
ఘ్రాణము,घ्राण,Sanskrit,1500 BCE - present (liturgical/classical)
చిక్కుడుకాయ,చిక్కుడు,Telugu,600 CE - present
చిక్కుడుకాయ,కాయ,Telugu,600 CE - present
చిగురాకు,చిగురు,Telugu,600 CE - present
చిగురాకు,ఆకు,Telugu,600 CE - present
చిచ్చు,*čic-,Proto-Dravidian,3000 BCE - 1500 BCE (disputed)
మంచిచెడ్డలు,మంచి,Telugu,600 CE - present
మంచిచెడ్డలు,చెడ్డ,Telugu,600 CE - present
చెదపురుగు,చెద,Telugu,600 CE - present
చెదపురుగు,పురుగు,Telugu,600 CE - present
ఆరుద్రపురుగు,ఆరుద్ర,Telugu,600 CE - present
ఆరుద్రపురుగు,పురుగు,Telugu,600 CE - present
పట్టుపురుగు,పట్టు,Telugu,600 CE - present
పట్టుపురుగు,పురుగు,Telugu,600 CE - present
చెప్పు,*keruppu,Proto-Dravidian,3000 BCE - 1500 BCE (disputed)
ఈలపురుగు,ఈల,Telugu,600 CE - present
ఈలపురుగు,పురుగు,Telugu,600 CE - present
కంబళిపురుగు,కంబళి,Telugu,600 CE - present
కంబళిపురుగు,పురుగు,Telugu,600 CE - present
పురుగు,*puẓu,Proto-Dravidian,3000 BCE - 1500 BCE (disputed)
పేడపురుగు,పేడ,Telugu,600 CE - present
పేడపురుగు,పురుగు,Telugu,600 CE - present
మిణుగురుపురుగు,మిణుగురు,Telugu,600 CE - present
మిణుగురుపురుగు,పురుగు,Telugu,600 CE - present
బరిణపురుగు,బరిణ,Telugu,600 CE - present
బరిణపురుగు,పురుగు,Telugu,600 CE - present
సాలెపురుగు,సాలె,Telugu,600 CE - present
సాలెపురుగు,పురుగు,Telugu,600 CE - present
ముక్కుపొడి,ముక్కు,Telugu,600 CE - present
ముక్కుపొడి,పొడి,Telugu,600 CE - present
ఆలుమగలు,ఆలు,Telugu,600 CE - present
ఆలుమగలు,మగడు,Telugu,600 CE - present
తాత,*tātt-a,Proto-Dravidian,3000 BCE - 1500 BCE (disputed)
అమ్మమ్మ,అమ్మ,Telugu,600 CE - present
అక్కాచెల్లెలు,అక్క,Telugu,600 CE - present
అక్కాచెల్లెలు,చెల్లి,Telugu,600 CE - present
కన్నమ్మ,కన్న,Telugu,600 CE - present
కన్నమ్మ,అమ్మ,Telugu,600 CE - present
అన్నదమ్ములు,అన్న,Telugu,600 CE - present
అన్నదమ్ములు,తమ్ముడు,Telugu,600 CE - present
వంటవాడు,వంట,Telugu,600 CE - present
వంటవాడు,వాడు,Telugu,600 CE - present
వంటలక్క,వంట,Telugu,600 CE - present
వంటలక్క,అక్క,Telugu,600 CE - present
ఆసు,ace,English,1550 CE - present
గడ్డిపాము,గడ్డి,Telugu,600 CE - present
గడ్డిపాము,పాము,Telugu,600 CE - present
చిలకపచ్చ,చిలక,Telugu,600 CE - present
చిలకపచ్చ,పచ్చ,Telugu,600 CE - present
రామచిలక,రామ,Telugu,600 CE - present
రామచిలక,చిలక,Telugu,600 CE - present
నాన్నమ్మ,నాన్న,Telugu,600 CE - present
నాన్నమ్మ,అమ్మ,Telugu,600 CE - present
పెదనాన్న,పెద,Telugu,600 CE - present
పెదనాన్న,నాన్న,Telugu,600 CE - present
పతి,*pótis,Proto-Indo-European,4500 BCE - 2500 BCE
పత్ని,पत्नी,Sanskrit,1500 BCE - present (liturgical/classical)
పిత,पिता,Sanskrit,1500 BCE - present (liturgical/classical)
పతిభక్తి,पति,Sanskrit,1500 BCE - present (liturgical/classical)
నాయనమ్మ,నాయన,Telugu,600 CE - present
నాయనమ్మ,అమ్మ,Telugu,600 CE - present
మాజీ-,ماضی,Persian,1000 CE - present
మాజీ-,مَاضٍ,Arabic,600 CE - present
గంజాయి,गञ्जा,Sanskrit,1500 BCE - present (liturgical/classical)
ఉడుతభక్తి,ఉడుత,Telugu,600 CE - present
ఉడుతభక్తి,భక్తి,Telugu,600 CE - present
షడూర్ములు,షట్,Telugu,600 CE - present
షడూర్ములు,ఊర్ములు,Telugu,600 CE - present
సవతికొడుకు,సవతి,Telugu,600 CE - present
సవతికొడుకు,కొడుకు,Telugu,600 CE - present
సవతితల్లి,సవతి,Telugu,600 CE - present
సవతితల్లి,తల్లి,Telugu,600 CE - present
సవతిపోరు,సవతి,Telugu,600 CE - present
సవతిపోరు,పోరు,Telugu,600 CE - present
తలకొరివి,తల,Telugu,600 CE - present
తలకొరివి,కొరివి,Telugu,600 CE - present
తలకప్ప,తల,Telugu,600 CE - present
తలకప్ప,కప్ప,Telugu,600 CE - present
భూమి,भूमि,Sanskrit,1500 BCE - present (liturgical/classical)
శనివారము,శని,Telugu,600 CE - present
శనివారము,వారము,Telugu,600 CE - present
పొగాకు,పొగ,Telugu,600 CE - present
పొగాకు,ఆకు,Telugu,600 CE - present
పొగచుట్ట,పొగ,Telugu,600 CE - present
పొగచుట్ట,చుట్ట,Telugu,600 CE - present
ఈగపులి,ఈగ,Telugu,600 CE - present
ఈగపులి,పులి,Telugu,600 CE - present
పోతుటీగ,పోతు,Telugu,600 CE - present
పోతుటీగ,ఈగ,Telugu,600 CE - present
పాలిండ్లు,పాలు,Telugu,600 CE - present
పాలిండ్లు,ఇండ్లు,Telugu,600 CE - present
బీరకాయ,బీర,Telugu,600 CE - present
బీరకాయ,కాయ,Telugu,600 CE - present
పట్టుచీర,పట్టు,Telugu,600 CE - present
పట్టుచీర,చీర,Telugu,600 CE - present
భ్రమ,भ्रम,Sanskrit,1500 BCE - present (liturgical/classical)
అడవి,अटवि,Sanskrit,1500 BCE - present (liturgical/classical)
సంయుక్తాక్షరము,సంయుక్తము,Telugu,600 CE - present
సంయుక్తాక్షరము,అక్షరము,Telugu,600 CE - present
సఖి,सखी,Sanskrit,1500 BCE - present (liturgical/classical)
సదనము,सदन,Sanskrit,1500 BCE - present (liturgical/classical)
సబ్బు,sabão,Portuguese,1516 CE - present
సరీసృపము,सरीसृप,Sanskrit,1500 BCE - present (liturgical/classical)
సాంబశివుడు,స,Telugu,600 CE - present
సాంబశివుడు,అంబ,Telugu,600 CE - present
సాంబశివుడు,శివుడు,Telugu,600 CE - present
ఎద్దు,*er-utu,Proto-Dravidian,3000 BCE - 1500 BCE (disputed)
దైవము,दैव,Sanskrit,1500 BCE - present (liturgical/classical)
అంబిక,अम्बिका,Sanskrit,1500 BCE - present (liturgical/classical)
త్రాసు,तराज़ू,Hindi,not available
త్రాసు,ترازو‎,Urdu,not available
ఏకాక్షరము,ఏక,Telugu,600 CE - present
ఏకాక్షరము,అక్షరము,Telugu,600 CE - present
ఎదురొత్తు,ఎదురు,Telugu,600 CE - present
ఎదురొత్తు,ఒత్తు,Telugu,600 CE - present
కడలికూతురు,కడలి,Telugu,600 CE - present
కడలికూతురు,కూతురు,Telugu,600 CE - present
నిమ్మపండు,నిమ్మ,Telugu,600 CE - present
నిమ్మపండు,పండు,Telugu,600 CE - present
కొండముచ్చు,కొండ,Telugu,600 CE - present
కొండముచ్చు,ముచ్చు,Telugu,600 CE - present
గొంతునొప్పి,గొంతు,Telugu,600 CE - present
గొంతునొప్పి,నొప్పి,Telugu,600 CE - present
విశ్వవిద్యాలయము,విశ్వ,Telugu,600 CE - present
విశ్వవిద్యాలయము,విద్యాలయము,Telugu,600 CE - present
టంకశాల,టంకం,Telugu,600 CE - present
టంకశాల,శాల,Telugu,600 CE - present
నూరువేలు,నూరు,Telugu,600 CE - present
నూరువేలు,వేలు,Telugu,600 CE - present
ఇప్పచెట్టు,ఇప్ప,Telugu,600 CE - present
ఇప్పచెట్టు,చెట్టు,Telugu,600 CE - present
అసురసంధ్య,అసుర,Telugu,600 CE - present
అసురసంధ్య,సంధ్య,Telugu,600 CE - present
అసురుడు,असुर,Sanskrit,1500 BCE - present (liturgical/classical)
అసురధ్రువము,అసుర,Telugu,600 CE - present
అసురధ్రువము,ధ్రువము,Telugu,600 CE - present
గిరి,गिरि,Sanskrit,1500 BCE - present (liturgical/classical)
చింతకాయ,చింత,Telugu,600 CE - present
చింతకాయ,కాయ,Telugu,600 CE - present
ముందుమాట,ముందు,Telugu,600 CE - present
ముందుమాట,మాట,Telugu,600 CE - present
భరతనాట్యం,భరత,Telugu,600 CE - present
భరతనాట్యం,నాట్యం,Telugu,600 CE - present
ఈతకొలను,ఈత,Telugu,600 CE - present
ఈతకొలను,కొలను,Telugu,600 CE - present
ఈతపండు,ఈత,Telugu,600 CE - present
ఈతపండు,పండు,Telugu,600 CE - present
ఈతకల్లు,ఈత,Telugu,600 CE - present
ఈతకల్లు,కల్లు,Telugu,600 CE - present
ఎదురీత,ఎదురు,Telugu,600 CE - present
ఎదురీత,ఈత,Telugu,600 CE - present
సంధ్యావందనము,సంధ్య,Telugu,600 CE - present
సంధ్యావందనము,వందనము,Telugu,600 CE - present
సంధ్య,संध्या,Sanskrit,1500 BCE - present (liturgical/classical)
అం,అ,Telugu,600 CE - present
అం,ం,Telugu,600 CE - present
నిమ్మగడ్డి,నిమ్మ,Telugu,600 CE - present
నిమ్మగడ్డి,గడ్డి,Telugu,600 CE - present
గాడిదపులి,గాడిద,Telugu,600 CE - present
గాడిదపులి,పులి,Telugu,600 CE - present
నయగారము,నయము,Telugu,600 CE - present
నయగారము,కారము,Telugu,600 CE - present
పంచపాండవులు,పంచ,Telugu,600 CE - present
పంచపాండవులు,పాండవులు,Telugu,600 CE - present
సూర్యచంద్రులు,సూర్యుడు,Telugu,600 CE - present
సూర్యచంద్రులు,చంద్రుడు,Telugu,600 CE - present
వెలయాలు,వెల,Telugu,600 CE - present
వెలయాలు,య,Telugu,600 CE - present
వెలయాలు,ఆలు,Telugu,600 CE - present
వెల,*wil,Proto-Dravidian,3000 BCE - 1500 BCE (disputed)
అధరామృతము,అధరము,Telugu,600 CE - present
అధరామృతము,అమృతము,Telugu,600 CE - present
దండము,दण्ड,Sanskrit,1500 BCE - present (liturgical/classical)
అధరమధువు,అధరము,Telugu,600 CE - present
అధరమధువు,మధువు,Telugu,600 CE - present
లలన,ललना,Sanskrit,1500 BCE - present (liturgical/classical)
న్యాయమైన,న్యాయము,Telugu,600 CE - present
న్యాయమైన,ఐన,Telugu,600 CE - present
దక్షిణము,दक्षिण,Sanskrit,1500 BCE - present (liturgical/classical)
ఎముకరంగు,ఎముక,Telugu,600 CE - present
ఎముకరంగు,రంగు,Telugu,600 CE - present
క్రేగన్ను,క్రేవ,Telugu,600 CE - present
క్రేగన్ను,కన్ను,Telugu,600 CE - present
వెలిగారము,వెలి,Telugu,600 CE - present
వెలిగారము,కారము,Telugu,600 CE - present
మంచిరకము,మంచి,Telugu,600 CE - present
మంచిరకము,రకము,Telugu,600 CE - present
చెవిపోగు,చెవి,Telugu,600 CE - present
చెవిపోగు,పోగు,Telugu,600 CE - present
వ్రేలు,*wirinc-,Proto-Dravidian,3000 BCE - 1500 BCE (disputed)
వంగపండు,వంగ,Telugu,600 CE - present
వంగపండు,పండు,Telugu,600 CE - present
దొండపండు,దొండ,Telugu,600 CE - present
దొండపండు,పండు,Telugu,600 CE - present
దొండకాయ,దొండ,Telugu,600 CE - present
దొండకాయ,కాయ,Telugu,600 CE - present
వంకాయ పచ్చడి,వంకాయ,Telugu,600 CE - present
వంకాయ పచ్చడి,పచ్చడి,Telugu,600 CE - present
పచ్చడి వంకాయ,పచ్చడి,Telugu,600 CE - present
పచ్చడి వంకాయ,వంకాయ,Telugu,600 CE - present
బెంగుళూరు వంకాయ,బెంగుళూరు,Telugu,600 CE - present
బెంగుళూరు వంకాయ,వంకాయ,Telugu,600 CE - present
దంతము,दन्त,Sanskrit,1500 BCE - present (liturgical/classical)
మౌనము,मौन,Sanskrit,1500 BCE - present (liturgical/classical)
మగవాడు,మగ,Telugu,600 CE - present
మగవాడు,వాడు,Telugu,600 CE - present
పంపు,pump,English,1550 CE - present
ప్రథమా విభక్తి,ప్రథమ,Telugu,600 CE - present
ప్రథమా విభక్తి,విభక్తి,Telugu,600 CE - present
తృతీయా విభక్తి,తృతీయ,Telugu,600 CE - present
తృతీయా విభక్తి,విభక్తి,Telugu,600 CE - present
పంచమీ విభక్తి,పంచమి,Telugu,600 CE - present
పంచమీ విభక్తి,విభక్తి,Telugu,600 CE - present
సప్తమీ విభక్తి,సప్తమి,Telugu,600 CE - present
సప్తమీ విభక్తి,విభక్తి,Telugu,600 CE - present
చతుర్థీ విభక్తి,చతుర్థి,Telugu,600 CE - present
చతుర్థీ విభక్తి,విభక్తి,Telugu,600 CE - present
షష్ఠీ విభక్తి,షష్ఠి,Telugu,600 CE - present
షష్ఠీ విభక్తి,విభక్తి,Telugu,600 CE - present
ఆఫ్రికా ఏనుగు,ఆఫ్రికా,Telugu,600 CE - present
ఆఫ్రికా ఏనుగు,ఏనుగు,Telugu,600 CE - present
పాతపట్నము,పాత,Telugu,600 CE - present
పాతపట్నము,పట్నము,Telugu,600 CE - present
పిల్లవాడు,పిల్ల,Telugu,600 CE - present
పిల్లవాడు,వాడు,Telugu,600 CE - present
పిల్లిపిల్ల,పిల్లి,Telugu,600 CE - present
పిల్లిపిల్ల,పిల్ల,Telugu,600 CE - present
పొడిదగ్గు,పొడి,Telugu,600 CE - present
పొడిదగ్గు,దగ్గు,Telugu,600 CE - present
ఊరు,*ūr,Proto-Dravidian,3000 BCE - 1500 BCE (disputed)
తాగుబోతు,తాగు,Telugu,600 CE - present
తాగుబోతు,పోతు,Telugu,600 CE - present
టీకా,टीका,Hindi,not available
రతిధ్వని,రతి,Telugu,600 CE - present
రతిధ్వని,ధ్వని,Telugu,600 CE - present
ధ్వని,ध्वनि,Sanskrit,1500 BCE - present (liturgical/classical)
రతిబంధము,రతి,Telugu,600 CE - present
రతిబంధము,బంధము,Telugu,600 CE - present
రతిపంచకము,రతి,Telugu,600 CE - present
రతిపంచకము,పంచకము,Telugu,600 CE - present
రతిగురుఁడు,రతి,Telugu,600 CE - present
రతిగురుఁడు,గురుఁడు,Telugu,600 CE - present
రతికుహరము,రతి,Telugu,600 CE - present
రతికుహరము,కుహరము,Telugu,600 CE - present
రతికూజితము,రతి,Telugu,600 CE - present
రతికూజితము,కూజితము,Telugu,600 CE - present
రతికర్మ,రతి,Telugu,600 CE - present
రతికర్మ,కర్మ,Telugu,600 CE - present
రతితస్కరుడు,రతి,Telugu,600 CE - present
రతితస్కరుడు,తస్కరుడు,Telugu,600 CE - present
కనువిప్పు,కను,Telugu,600 CE - present
కనువిప్పు,విప్పు,Telugu,600 CE - present
రూపవతి,रूपवती,Sanskrit,1500 BCE - present (liturgical/classical)
మానవతి,मानवती,Sanskrit,1500 BCE - present (liturgical/classical)
నీతి,नीति,Sanskrit,1500 BCE - present (liturgical/classical)
వార్తాపత్రిక,వార్త,Telugu,600 CE - present
వార్తాపత్రిక,పత్రిక,Telugu,600 CE - present
రాత్రిదుస్తులు,రాత్రి,Telugu,600 CE - present
రాత్రిదుస్తులు,దుస్తులు,Telugu,600 CE - present
వాడు,*a-,Proto-Dravidian,3000 BCE - 1500 BCE (disputed)
ఎక్కడ,ఏ,Telugu,600 CE - present
ఎక్కడ,కడ,Telugu,600 CE - present
కష్టమైన,కష్టము,Telugu,600 CE - present
కష్టమైన,ఐన,Telugu,600 CE - present
ఇష్టమైన,ఇష్టము,Telugu,600 CE - present
ఇష్టమైన,ఐన,Telugu,600 CE - present
ఇష్టము,इष्ट,Sanskrit,1500 BCE - present (liturgical/classical)
కోరిక,కోరు,Telugu,600 CE - present
కోరిక,ఇక,Telugu,600 CE - present
శోకము,शोक,Sanskrit,1500 BCE - present (liturgical/classical)
సుఖదుఃఖాలు,సుఖము,Telugu,600 CE - present
సుఖదుఃఖాలు,దుఃఖము,Telugu,600 CE - present
అశోకము,शोक,Sanskrit,1500 BCE - present (liturgical/classical)
వరిగడ్డి,వరి,Telugu,600 CE - present
వరిగడ్డి,గడ్డి,Telugu,600 CE - present
గడ్డిపరక,గడ్డి,Telugu,600 CE - present
గడ్డిపరక,పరక,Telugu,600 CE - present
పిరికిమెకము,పిరికి,Telugu,600 CE - present
పిరికిమెకము,మెకము,Telugu,600 CE - present
చిన్నవాడు,చిన్న,Telugu,600 CE - present
చిన్నవాడు,వాడు,Telugu,600 CE - present
పెద్దవాడు,పెద్ద,Telugu,600 CE - present
పెద్దవాడు,వాడు,Telugu,600 CE - present
పక్కలో బల్లెము,పక్క,Telugu,600 CE - present
పక్కలో బల్లెము,లో,Telugu,600 CE - present
పక్కలో బల్లెము,బల్లెము,Telugu,600 CE - present
క్షమ,क्षम्,Sanskrit,1500 BCE - present (liturgical/classical)
చింతపిక్క,చింత,Telugu,600 CE - present
చింతపిక్క,పిక్క,Telugu,600 CE - present
ఱంకుముండ,ఱంకు,Telugu,600 CE - present
ఱంకుముండ,ముండ,Telugu,600 CE - present
ఱంకాట,ఱంకు,Telugu,600 CE - present
ఱంకాట,ఆట,Telugu,600 CE - present
రంకుమగడు,రంకు,Telugu,600 CE - present
రంకుమగడు,మగడు,Telugu,600 CE - present
ఱంకుమగడు,ఱంకు,Telugu,600 CE - present
ఱంకుమగడు,మగడు,Telugu,600 CE - present
ఱంకుబోతు,ఱంకు,Telugu,600 CE - present
ఱంకుబోతు,పోతు,Telugu,600 CE - present
చావు,*caH-,Proto-Dravidian,3000 BCE - 1500 BCE (disputed)
రంభ,रम्भा,Sanskrit,1500 BCE - present (liturgical/classical)
అయోధ్య,अयोध्या,Sanskrit,1500 BCE - present (liturgical/classical)
అష్టమి,अष्टमी,Sanskrit,1500 BCE - present (liturgical/classical)
సప్తస్వరాలు,సప్త,Telugu,600 CE - present
సప్తస్వరాలు,స్వరాలు,Telugu,600 CE - present
చీకటివెలుగులు,చీకటి,Telugu,600 CE - present
చీకటివెలుగులు,వెలుగు,Telugu,600 CE - present
వాణి,वाणी,Sanskrit,1500 BCE - present (liturgical/classical)
తల్లిదండ్రులు,తల్లి,Telugu,600 CE - present
తల్లిదండ్రులు,తండ్రి,Telugu,600 CE - present
తల్లితల్లి,తల్లి,Telugu,600 CE - present
పుట్టినిల్లు,పుట్టిన,Telugu,600 CE - present
పుట్టినిల్లు,ఇల్లు,Telugu,600 CE - present
మెట్టినిల్లు,మెట్టిన,Telugu,600 CE - present
మెట్టినిల్లు,ఇల్లు,Telugu,600 CE - present
మహావాక్యము,మహా,Telugu,600 CE - present
మహావాక్యము,వాక్యము,Telugu,600 CE - present
హెచ్చుతగ్గులు,హెచ్చు,Telugu,600 CE - present
హెచ్చుతగ్గులు,తగ్గు,Telugu,600 CE - present
గణపతి,गणपति,Sanskrit,1500 BCE - present (liturgical/classical)
గణపతిపూజ,గణపతి,Telugu,600 CE - present
గణపతిపూజ,పూజ,Telugu,600 CE - present
పల్లకిసేవ,పల్లకి,Telugu,600 CE - present
పల్లకిసేవ,సేవ,Telugu,600 CE - present
సేవ,सेवा,Sanskrit,1500 BCE - present (liturgical/classical)
గుడ్లగూబ,గుడ్ల,Telugu,600 CE - present
గుడ్లగూబ,గూబ,Telugu,600 CE - present
గూఁడుబండి,గూఁడు,Telugu,600 CE - present
గూఁడుబండి,బండి,Telugu,600 CE - present
గూడుబండి,గూడు,Telugu,600 CE - present
గూడుబండి,బండి,Telugu,600 CE - present
శుకము,शुक,Sanskrit,1500 BCE - present (liturgical/classical)
జున్నుపాలు,జున్ను,Telugu,600 CE - present
జున్నుపాలు,పాలు,Telugu,600 CE - present
చింతకూర,చింత,Telugu,600 CE - present
చింతకూర,కూర,Telugu,600 CE - present
అల్లము,𑀅𑀮𑁆𑀮𑀅,Prakrit,500 BCE - 1000 CE
అల్లము,आर्द्रक,Sanskrit,1500 BCE - present (liturgical/classical)
గృహము,गृह,Sanskrit,1500 BCE - present (liturgical/classical)
పనస,*palṇas,Proto-Dravidian,3000 BCE - 1500 BCE (disputed)
పనసతొన,పనస,Telugu,600 CE - present
పనసతొన,తొన,Telugu,600 CE - present
గృహప్రవేశము,गृहप्रवेश,Sanskrit,1500 BCE - present (liturgical/classical)
తెల్లగడ్డ,తెల్ల,Telugu,600 CE - present
తెల్లగడ్డ,గడ్డ,Telugu,600 CE - present
తెల్లకల్లు,తెల్ల,Telugu,600 CE - present
తెల్లకల్లు,కల్లు,Telugu,600 CE - present
మునగాకు,మునగ,Telugu,600 CE - present
మునగాకు,ఆకు,Telugu,600 CE - present
ప్రభాకరుడు,प्रभाकर,Sanskrit,1500 BCE - present (liturgical/classical)
భారతమాత,భారత,Telugu,600 CE - present
భారతమాత,మాత,Telugu,600 CE - present
మాత,मातृ,Sanskrit,1500 BCE - present (liturgical/classical)
మాత,*méh₂tēr,Proto-Indo-European,4500 BCE - 2500 BCE
జననీజనకులు,జనని,Telugu,600 CE - present
జననీజనకులు,జనకుడు,Telugu,600 CE - present
తరువు,तरु,Sanskrit,1500 BCE - present (liturgical/classical)
శశివర్ణం,శశి,Telugu,600 CE - present
శశివర్ణం,వర్ణం,Telugu,600 CE - present
అంకమ్మ,అంకు,Telugu,600 CE - present
అంకమ్మ,అమ్మ,Telugu,600 CE - present
అగ్గికాలము,అగ్గి,Telugu,600 CE - present
అగ్గికాలము,కాలము,Telugu,600 CE - present
అగ్నిపర్వతము,అగ్ని,Telugu,600 CE - present
అగ్నిపర్వతము,పర్వతము,Telugu,600 CE - present
అజ,अजा,Sanskrit,1500 BCE - present (liturgical/classical)
అటుమొన్న,అటు,Telugu,600 CE - present
అటుమొన్న,మొన్న,Telugu,600 CE - present
అటుపూర్వము,అటు,Telugu,600 CE - present
అటుపూర్వము,పూర్వము,Telugu,600 CE - present
అటుపక్క,అటు,Telugu,600 CE - present
అటుపక్క,పక్క,Telugu,600 CE - present
అటుతర్వాత,అటు,Telugu,600 CE - present
అటుతర్వాత,తర్వాత,Telugu,600 CE - present
అతిథిధర్మము,धर्म,Sanskrit,1500 BCE - present (liturgical/classical)
ధర్మాసుపత్రి,धर्म,Sanskrit,1500 BCE - present (liturgical/classical)
అదితి,अदिति,Sanskrit,1500 BCE - present (liturgical/classical)
అద్రి,अद्रि,Sanskrit,1500 BCE - present (liturgical/classical)
నేత,नेता,Sanskrit,1500 BCE - present (liturgical/classical)
ముఖచిత్రము,ముఖ,Telugu,600 CE - present
ముఖచిత్రము,చిత్రము,Telugu,600 CE - present
ముఖకుహరము,ముఖ,Telugu,600 CE - present
ముఖకుహరము,కుహరము,Telugu,600 CE - present
అనంతరూపుడు,अनन्त,Sanskrit,1500 BCE - present (liturgical/classical)
కవాతు,قَوَاعِد,Arabic,600 CE - present
ధారాసంపాతము,ధార,Telugu,600 CE - present
ధారాసంపాతము,సంపాతము,Telugu,600 CE - present
కంఠాభరణము,कण्ठ,Sanskrit,1500 BCE - present (liturgical/classical)
గోపతి,గో,Telugu,600 CE - present
గోపతి,పతి,Telugu,600 CE - present
అన్నవస్త్రములు,అన్నము,Telugu,600 CE - present
అన్నవస్త్రములు,వస్త్రము,Telugu,600 CE - present
పేడనీళ్లు,పేడ,Telugu,600 CE - present
పేడనీళ్లు,నీళ్లు,Telugu,600 CE - present
త్రికోణమితి,త్రి,Telugu,600 CE - present
త్రికోణమితి,కోణ,Telugu,600 CE - present
త్రికోణమితి,మితి,Telugu,600 CE - present
ఎద్దులబండి,ఎద్దులు,Telugu,600 CE - present
ఎద్దులబండి,బండి,Telugu,600 CE - present
ఎద్దులనోము,ఎద్దులు,Telugu,600 CE - present
ఎద్దులనోము,నోము,Telugu,600 CE - present
యాత్ర,यात्रा,Sanskrit,1500 BCE - present (liturgical/classical)
అప్ప,*appa,Proto-Dravidian,3000 BCE - 1500 BCE (disputed)
రెక్కలచీమ,రెక్కల,Telugu,600 CE - present
రెక్కలచీమ,చీమ,Telugu,600 CE - present
చలిచీమ,చలి,Telugu,600 CE - present
చలిచీమ,చీమ,Telugu,600 CE - present
చీమంత,చీమ,Telugu,600 CE - present
చీమంత,అంత,Telugu,600 CE - present
తోకచుక్క,తోక,Telugu,600 CE - present
తోకచుక్క,చుక్క,Telugu,600 CE - present
చుక్కకూర,చుక్క,Telugu,600 CE - present
చుక్కకూర,కూర,Telugu,600 CE - present
వేగుచుక్క,వేగు,Telugu,600 CE - present
వేగుచుక్క,చుక్క,Telugu,600 CE - present
అమల,अमला,Sanskrit,1500 BCE - present (liturgical/classical)
అంగన,अङ्ग,Sanskrit,1500 BCE - present (liturgical/classical)
ధనధాన్యములు,ధనము,Telugu,600 CE - present
ధనధాన్యములు,ధాన్యము,Telugu,600 CE - present
అంగజ,अङ्ग,Sanskrit,1500 BCE - present (liturgical/classical)
దీపము,दीप,Sanskrit,1500 BCE - present (liturgical/classical)
దీపావళి,दीपावलि,Sanskrit,1500 BCE - present (liturgical/classical)
గర్భస్రావము,गर्भ,Sanskrit,1500 BCE - present (liturgical/classical)
సీతారాములు,సీత,Telugu,600 CE - present
సీతారాములు,రాముడు,Telugu,600 CE - present
మల్లెమొగ్గ,మల్లె,Telugu,600 CE - present
మల్లెమొగ్గ,మొగ్గ,Telugu,600 CE - present
కలిమిలేములు,కలిమి,Telugu,600 CE - present
కలిమిలేములు,లేమి,Telugu,600 CE - present
రాజహంస,రాజ,Telugu,600 CE - present
రాజహంస,హంస,Telugu,600 CE - present
అర్హత,अर्हत्,Sanskrit,1500 BCE - present (liturgical/classical)
పనామా,Panama,English,1550 CE - present
పెరుగన్నము,పెరుగు,Telugu,600 CE - present
పెరుగన్నము,అన్నము,Telugu,600 CE - present
గురుశిష్యులు,గురువు,Telugu,600 CE - present
గురుశిష్యులు,శిష్యుడు,Telugu,600 CE - present
లఘుకోణము,लघु,Sanskrit,1500 BCE - present (liturgical/classical)
శాస్త్రము,शास्त्र,Sanskrit,1500 BCE - present (liturgical/classical)
విద్యాలయము,విద్య,Telugu,600 CE - present
విద్యాలయము,ఆలయము,Telugu,600 CE - present
బడిపంతులు,బడి,Telugu,600 CE - present
బడిపంతులు,పంతులు,Telugu,600 CE - present
అంగము,अङ्ग,Sanskrit,1500 BCE - present (liturgical/classical)
పంచాంగము,పంచ,Telugu,600 CE - present
పంచాంగము,అంగము,Telugu,600 CE - present
ఆన,आज्ञा,Sanskrit,1500 BCE - present (liturgical/classical)
అల్లికాడ,అల్లి,Telugu,600 CE - present
అల్లికాడ,కాడ,Telugu,600 CE - present
విధి,विधि,Sanskrit,1500 BCE - present (liturgical/classical)
నిజము,निज,Sanskrit,1500 BCE - present (liturgical/classical)
ఆది,आदि,Sanskrit,1500 BCE - present (liturgical/classical)
రావిచెట్టు,రావి,Telugu,600 CE - present
రావిచెట్టు,చెట్టు,Telugu,600 CE - present
రావియాకు,రావి,Telugu,600 CE - present
రావియాకు,ఆకు,Telugu,600 CE - present
మాయ,माया,Sanskrit,1500 BCE - present (liturgical/classical)
మాయావి,माया,Sanskrit,1500 BCE - present (liturgical/classical)
పేకాట,పేక,Telugu,600 CE - present
పేకాట,ఆట,Telugu,600 CE - present
పేక,pack,English,1550 CE - present
పరమపదము,పరమ,Telugu,600 CE - present
పరమపదము,పదము,Telugu,600 CE - present
పదకోశము,పదము,Telugu,600 CE - present
పదకోశము,కోశము,Telugu,600 CE - present
పదాతిబలము,పదాతి,Telugu,600 CE - present
పదాతిబలము,బలము,Telugu,600 CE - present
సంగీతము,सङ्गीत,Sanskrit,1500 BCE - present (liturgical/classical)
అహింస,अहिंसा,Sanskrit,1500 BCE - present (liturgical/classical)
హింస,हिंसा,Sanskrit,1500 BCE - present (liturgical/classical)
దినము,दिन,Sanskrit,1500 BCE - present (liturgical/classical)
దినము,*dyew-,Proto-Indo-European,4500 BCE - 2500 BCE
ఆజ్ఞ,आज्ञा,Sanskrit,1500 BCE - present (liturgical/classical)
దండనము,दण्डन,Sanskrit,1500 BCE - present (liturgical/classical)
హిమాలయము,हिमालय,Sanskrit,1500 BCE - present (liturgical/classical)
హృదయము,हृदय,Sanskrit,1500 BCE - present (liturgical/classical)
రూపము,रूप,Sanskrit,1500 BCE - present (liturgical/classical)
రూపకారుడు,रूप,Sanskrit,1500 BCE - present (liturgical/classical)
చంకబిడ్డ,చంక,Telugu,600 CE - present
చంకబిడ్డ,బిడ్డ,Telugu,600 CE - present
చంకకాలు,చంక,Telugu,600 CE - present
చంకకాలు,కాలు,Telugu,600 CE - present
న్యాయము,न्याय,Sanskrit,1500 BCE - present (liturgical/classical)
వివరణ,विवरण,Sanskrit,1500 BCE - present (liturgical/classical)
ఖుషీ,ख़ुशी,Hindi,not available
నామము,नामन्,Sanskrit,1500 BCE - present (liturgical/classical)
కేశబంధము,కేశ,Telugu,600 CE - present
కేశబంధము,బంధము,Telugu,600 CE - present
శిరస్సు,शिरस्,Sanskrit,1500 BCE - present (liturgical/classical)
నాగభూషణుడు,नाग,Sanskrit,1500 BCE - present (liturgical/classical)
నాగకంకణుడు,नाग,Sanskrit,1500 BCE - present (liturgical/classical)
కేశపాశము,కేశ,Telugu,600 CE - present
కేశపాశము,పాశము,Telugu,600 CE - present
మిరపకాయ,మిరప,Telugu,600 CE - present
మిరపకాయ,కాయ,Telugu,600 CE - present
కర్బనము,carbon,English,1550 CE - present
విమానాశ్రయము,విమానము,Telugu,600 CE - present
విమానాశ్రయము,ఆశ్రయము,Telugu,600 CE - present
పంటకాలువ,పంట,Telugu,600 CE - present
పంటకాలువ,కాలువ,Telugu,600 CE - present
ఆవగింజ,ఆవ,Telugu,600 CE - present
ఆవగింజ,గింజ,Telugu,600 CE - present
ఆవంత,ఆవ,Telugu,600 CE - present
ఆవంత,అంత,Telugu,600 CE - present
ఆవకాయ,ఆవ,Telugu,600 CE - present
ఆవకాయ,కాయ,Telugu,600 CE - present
ఆహారము,आहार,Sanskrit,1500 BCE - present (liturgical/classical)
కాంత,कान्त,Sanskrit,1500 BCE - present (liturgical/classical)
గతి,गति,Sanskrit,1500 BCE - present (liturgical/classical)
గతి,*gʷémtis,Proto-Indo-European,4500 BCE - 2500 BCE
తోయము,तोय,Sanskrit,1500 BCE - present (liturgical/classical)
ధరిత్రి,धरित्री,Sanskrit,1500 BCE - present (liturgical/classical)
వీధినాటకము,వీధి,Telugu,600 CE - present
వీధినాటకము,నాటకము,Telugu,600 CE - present
నాభినాళము,నాభి,Telugu,600 CE - present
నాభినాళము,నాళము,Telugu,600 CE - present
నారికేళము,नारिकेल,Sanskrit,1500 BCE - present (liturgical/classical)
నాడీకణము,నాడి,Telugu,600 CE - present
నాడీకణము,కణము,Telugu,600 CE - present
పెన్సిలు,pencil,English,1550 CE - present
కలము,κάλαμος,Ancient Greek,1500 BCE - 300 BCE
ఉచ్ఛ్వాసము,उच्छ्वास,Sanskrit,1500 BCE - present (liturgical/classical)
తత్సమము,తత్,Telugu,600 CE - present
తత్సమము,సమము,Telugu,600 CE - present
యమునానది,యమున,Telugu,600 CE - present
యమునానది,నది,Telugu,600 CE - present
గంగానది,గంగ,Telugu,600 CE - present
గంగానది,నది,Telugu,600 CE - present
అకారము,అ,Telugu,600 CE - present
అకారము,కారము,Telugu,600 CE - present
అనాది,अनादि,Sanskrit,1500 BCE - present (liturgical/classical)
అభయహస్తము,అభయ,Telugu,600 CE - present
అభయహస్తము,హస్తము,Telugu,600 CE - present
అరణ్యము,अरण्य,Sanskrit,1500 BCE - present (liturgical/classical)
అడవినిమ్మ,అడవి,Telugu,600 CE - present
అడవినిమ్మ,నిమ్మ,Telugu,600 CE - present
అడవికుక్క,అడవి,Telugu,600 CE - present
అడవికుక్క,కుక్క,Telugu,600 CE - present
అడవిఅరటి,అడవి,Telugu,600 CE - present
అడవిఅరటి,అరటి,Telugu,600 CE - present
ఫేరవము,फेरव,Sanskrit,1500 BCE - present (liturgical/classical)
పిల్లిగడ్డము,పిల్లి,Telugu,600 CE - present
పిల్లిగడ్డము,గడ్డము,Telugu,600 CE - present
ఏకదళబీజము,ఏక,Telugu,600 CE - present
ఏకదళబీజము,దళ,Telugu,600 CE - present
ఏకదళబీజము,బీజము,Telugu,600 CE - present
ద్విదళబీజము,దళము,Telugu,600 CE - present
ద్విదళబీజము,బీజము,Telugu,600 CE - present
పిట్టకథ,పిట్ట,Telugu,600 CE - present
పిట్టకథ,కథ,Telugu,600 CE - present
పిట్టగూడు,పిట్ట,Telugu,600 CE - present
పిట్టగూడు,గూడు,Telugu,600 CE - present
నాగుపాము,నాగు,Telugu,600 CE - present
నాగుపాము,పాము,Telugu,600 CE - present
స్థిరాస్తి,స్థిర,Telugu,600 CE - present
స్థిరాస్తి,ఆస్తి,Telugu,600 CE - present
ఉర్వీశుడు,ఉర్వి,Telugu,600 CE - present
ఉర్వీశుడు,ఈశుడు,Telugu,600 CE - present
ఊదా,اودا,Urdu,not available
అక్షయలోకము,అక్షయ,Telugu,600 CE - present
అక్షయలోకము,లోకము,Telugu,600 CE - present
మహాకాళి,మహా,Telugu,600 CE - present
మహాకాళి,కాళి,Telugu,600 CE - present
మహాలక్ష్మి,మహా,Telugu,600 CE - present
మహాలక్ష్మి,లక్ష్మి,Telugu,600 CE - present
పులిగోరు,పులి,Telugu,600 CE - present
పులిగోరు,గోరు,Telugu,600 CE - present
నీరుకాకి,నీరు,Telugu,600 CE - present
నీరుకాకి,కాకి,Telugu,600 CE - present
గద్ద,गृध्र,Sanskrit,1500 BCE - present (liturgical/classical)
కోయిల,*kōy-il,Proto-Dravidian,3000 BCE - 1500 BCE (disputed)
దిష్టిబొమ్మ,దిష్టి,Telugu,600 CE - present
దిష్టిబొమ్మ,బొమ్మ,Telugu,600 CE - present
హోదా,عُهْدَة‎,Arabic,600 CE - present
రాశి,राशि,Sanskrit,1500 BCE - present (liturgical/classical)
కంఠసూత్రము,कण्ठ,Sanskrit,1500 BCE - present (liturgical/classical)
తాళిబొట్టు,తాళి,Telugu,600 CE - present
తాళిబొట్టు,బొట్టు,Telugu,600 CE - present
జలకంటకము,जलकण्टक,Classical Sanskrit,500 BCE - 1000 CE
బద్దెపురుగు,బద్దె,Telugu,600 CE - present
బద్దెపురుగు,పురుగు,Telugu,600 CE - present
కడుపునొప్పి,కడుపు,Telugu,600 CE - present
కడుపునొప్పి,నొప్పి,Telugu,600 CE - present
వెన్నునొప్పి,వెన్ను,Telugu,600 CE - present
వెన్నునొప్పి,నొప్పి,Telugu,600 CE - present
దీర్ఘము,दीर्घ,Sanskrit,1500 BCE - present (liturgical/classical)
దీర్ఘము,*drHgʰa-,Proto-Indo-Iranian,2200 BCE - 1800 BCE
దీర్ఘము,*dl̥h₁gʰós,Proto-Indo-European,4500 BCE - 2500 BCE
పిన్నమ్మ,పిన్న,Telugu,600 CE - present
పిన్నమ్మ,అమ్మ,Telugu,600 CE - present
అక్షయపాత్ర,అక్షయ,Telugu,600 CE - present
అక్షయపాత్ర,పాత్ర,Telugu,600 CE - present
గుద్దబొక్క,గుద్ద,Telugu,600 CE - present
గుద్దబొక్క,బొక్క,Telugu,600 CE - present
రుచిచూచు,రుచి,Telugu,600 CE - present
రుచిచూచు,చూచు,Telugu,600 CE - present
శుభ్రముచేయు,శుభ్రము,Telugu,600 CE - present
శుభ్రముచేయు,చేయు,Telugu,600 CE - present
రుచి,रुचि,Sanskrit,1500 BCE - present (liturgical/classical)
నాటకమాడు,నాటకం,Telugu,600 CE - present
నాటకమాడు,ఆడు,Telugu,600 CE - present
జంతుశాస్త్రజ్ఞుడు,జంతు,Telugu,600 CE - present
జంతుశాస్త్రజ్ఞుడు,శాస్త్రజ్ఞుడు,Telugu,600 CE - present
భౌతికశాస్త్రవేత్త,భౌతిక,Telugu,600 CE - present
భౌతికశాస్త్రవేత్త,శాస్త్రవేత్త,Telugu,600 CE - present
భాషాశాస్త్రవేత్త,భాష,Telugu,600 CE - present
భాషాశాస్త్రవేత్త,శాస్త్రవేత్త,Telugu,600 CE - present
రసాయనశాస్త్రజ్ఞుడు,రసాయన,Telugu,600 CE - present
రసాయనశాస్త్రజ్ఞుడు,శాస్త్రజ్ఞుడు,Telugu,600 CE - present
సూక్ష్మజీవశాస్త్రజ్ఞుడు,సూక్ష్మజీవ,Telugu,600 CE - present
సూక్ష్మజీవశాస్త్రజ్ఞుడు,శాస్త్రజ్ఞుడు,Telugu,600 CE - present
రామలక్ష్మణులు,రాముడు,Telugu,600 CE - present
రామలక్ష్మణులు,లక్ష్మణుడు,Telugu,600 CE - present
ముల్లోకములు,మూడు,Telugu,600 CE - present
ముల్లోకములు,లోకములు,Telugu,600 CE - present
ప్రథమచికిత్స,ప్రథమ,Telugu,600 CE - present
ప్రథమచికిత్స,చికిత్స,Telugu,600 CE - present
నాటుమందు,నాటు,Telugu,600 CE - present
నాటుమందు,మందు,Telugu,600 CE - present
నాటువైద్యుడు,నాటు,Telugu,600 CE - present
నాటువైద్యుడు,వైద్యుడు,Telugu,600 CE - present
మాల,माला,Sanskrit,1500 BCE - present (liturgical/classical)
రాష్ట్రపతి,राष्ट्रपति,Hindi,not available
మూతపడు,మూత,Telugu,600 CE - present
మూతపడు,పడు,Telugu,600 CE - present
సమాప్తమగు,సమాప్తము,Telugu,600 CE - present
సమాప్తమగు,అగు,Telugu,600 CE - present
పూర్తిచేయు,పూర్తి,Telugu,600 CE - present
పూర్తిచేయు,చేయు,Telugu,600 CE - present
చంకనాకు,చంక,Telugu,600 CE - present
చంకనాకు,నాకు,Telugu,600 CE - present
సంభోగముచేయు,సంభోగము,Telugu,600 CE - present
సంభోగముచేయు,చేయు,Telugu,600 CE - present
కాపాడు,కాపు,Telugu,600 CE - present
కాపాడు,ఆడు,Telugu,600 CE - present
పోరాడు,పోరు,Telugu,600 CE - present
పోరాడు,ఆడు,Telugu,600 CE - present
మాటలాడు,మాటలు,Telugu,600 CE - present
మాటలాడు,ఆడు,Telugu,600 CE - present
పూజచేయు,పూజ,Telugu,600 CE - present
పూజచేయు,చేయు,Telugu,600 CE - present
ద్వి-,द्वि,Sanskrit,1500 BCE - present (liturgical/classical)
-కారము,-कार,Sanskrit,1500 BCE - present (liturgical/classical)
ఆటాడు,ఆట,Telugu,600 CE - present
ఆటాడు,ఆడు,Telugu,600 CE - present
అహము,अहम्,Sanskrit,1500 BCE - present (liturgical/classical)
మడతపెట్టు,మడత,Telugu,600 CE - present
మడతపెట్టు,పెట్టు,Telugu,600 CE - present
మడతతీయు,మడత,Telugu,600 CE - present
మడతతీయు,తీయు,Telugu,600 CE - present
సిద్ధముచేయు,సిద్ధము,Telugu,600 CE - present
సిద్ధముచేయు,చేయు,Telugu,600 CE - present
త్రిశూలము,त्रिशूल,Sanskrit,1500 BCE - present (liturgical/classical)
కావుకావు,కావు,Telugu,600 CE - present
మలమల,మల,Telugu,600 CE - present
కన్నెపొర,కన్నె,Telugu,600 CE - present
కన్నెపొర,పొర,Telugu,600 CE - present
ఎదురుచూచు,ఎదురు,Telugu,600 CE - present
ఎదురుచూచు,చూచు,Telugu,600 CE - present
తోకకోయు,తోక,Telugu,600 CE - present
తోకకోయు,కోయు,Telugu,600 CE - present
జతకట్టు,జత,Telugu,600 CE - present
జతకట్టు,కట్టు,Telugu,600 CE - present
పనిచేయు,పని,Telugu,600 CE - present
పనిచేయు,చేయు,Telugu,600 CE - present
పోవు,*pō-,Proto-Dravidian,3000 BCE - 1500 BCE (disputed)
సు-,सु-,Sanskrit,1500 BCE - present (liturgical/classical)
సు-,*h₁su-,Proto-Indo-European,4500 BCE - 2500 BCE
కుమతి,कुमति,Sanskrit,1500 BCE - present (liturgical/classical)
సుమతి,सुमति,Sanskrit,1500 BCE - present (liturgical/classical)
మతి,मति,Sanskrit,1500 BCE - present (liturgical/classical)
జనుడు,जन,Sanskrit,1500 BCE - present (liturgical/classical)
కృష్ణజన్మస్థానము,కృష్ణ,Telugu,600 CE - present
కృష్ణజన్మస్థానము,జన్మస్థానము,Telugu,600 CE - present
కృష్ణజన్మస్థలము,కృష్ణ,Telugu,600 CE - present
కృష్ణజన్మస్థలము,జన్మస్థలము,Telugu,600 CE - present
ఎందరు,ఎంత,Telugu,600 CE - present
ఎందరు,వారు,Telugu,600 CE - present
కంటితుడుపు,కంటి,Telugu,600 CE - present
కంటితుడుపు,తుడుపు,Telugu,600 CE - present
కాలంచేయు,కాలం,Telugu,600 CE - present
కాలంచేయు,చేయు,Telugu,600 CE - present
కాలుజారు,కాలు,Telugu,600 CE - present
కాలుజారు,జారు,Telugu,600 CE - present
మొసలిపడిశము,మొసలి,Telugu,600 CE - present
మొసలిపడిశము,పడిశము,Telugu,600 CE - present
కుక్కచావు,కుక్క,Telugu,600 CE - present
కుక్కచావు,చావు,Telugu,600 CE - present
కొండంత,కొండ,Telugu,600 CE - present
కొండంత,అంత,Telugu,600 CE - present
కోడికునుకు,కోడి,Telugu,600 CE - present
కోడికునుకు,కునుకు,Telugu,600 CE - present
తేనెపూసినకత్తి,తేనె,Telugu,600 CE - present
తేనెపూసినకత్తి,పూసిన,Telugu,600 CE - present
తేనెపూసినకత్తి,కత్తి,Telugu,600 CE - present
తేనియపూసినకత్తి,తేనియ,Telugu,600 CE - present
తేనియపూసినకత్తి,పూసిన,Telugu,600 CE - present
తేనియపూసినకత్తి,కత్తి,Telugu,600 CE - present
చంకనాకిపోవు,చంక,Telugu,600 CE - present
చంకనాకిపోవు,నాకి,Telugu,600 CE - present
చంకనాకిపోవు,పోవు,Telugu,600 CE - present
ముంజేతికంకణము,ముంజేతి,Telugu,600 CE - present
ముంజేతికంకణము,కంకణము,Telugu,600 CE - present
ముంజేతి దర్పణము,ముంజేతి,Telugu,600 CE - present
ముంజేతి దర్పణము,దర్పణము,Telugu,600 CE - present
తోక జాడించు,తోక,Telugu,600 CE - present
తోక జాడించు,జాడించు,Telugu,600 CE - present
బంగారపుబొమ్మ,బంగారపు,Telugu,600 CE - present
బంగారపుబొమ్మ,బొమ్మ,Telugu,600 CE - present
బంగారపుపిచుక,బంగారపు,Telugu,600 CE - present
బంగారపుపిచుక,పిచుక,Telugu,600 CE - present
కంచుకంఠము,కంచు,Telugu,600 CE - present
కంచుకంఠము,కంఠము,Telugu,600 CE - present
తలదించుకొను,తల,Telugu,600 CE - present
తలదించుకొను,దించుకొను,Telugu,600 CE - present
తప్పులతడక,తప్పుల,Telugu,600 CE - present
తప్పులతడక,తడక,Telugu,600 CE - present
తలబిరుసు,తల,Telugu,600 CE - present
తలబిరుసు,బిరుసు,Telugu,600 CE - present
తాబేలునడక,తాబేలు,Telugu,600 CE - present
తాబేలునడక,నడక,Telugu,600 CE - present
నక్కజిత్తు,నక్క,Telugu,600 CE - present
నక్కజిత్తు,జిత్తు,Telugu,600 CE - present
ఎల్లప్పుడు,ఎల్ల,Telugu,600 CE - present
ఎల్లప్పుడు,అప్పుడు,Telugu,600 CE - present
ముందువెనుకలు,ముందు,Telugu,600 CE - present
ముందువెనుకలు,వెనుక,Telugu,600 CE - present
కథానాయకుడు,కథ,Telugu,600 CE - present
కథానాయకుడు,నాయకుడు,Telugu,600 CE - present
నల్లపావురము,నల్ల,Telugu,600 CE - present
నల్లపావురము,పావురము,Telugu,600 CE - present
పచ్చపావురము,పచ్చ,Telugu,600 CE - present
పచ్చపావురము,పావురము,Telugu,600 CE - present
రెక్కలువచ్చు,రెక్కలు,Telugu,600 CE - present
రెక్కలువచ్చు,వచ్చు,Telugu,600 CE - present
రెక్కలువిరిగిన పక్షి,రెక్కలు,Telugu,600 CE - present
రెక్కలువిరిగిన పక్షి,విరిగిన,Telugu,600 CE - present
రెక్కలువిరిగిన పక్షి,పక్షి,Telugu,600 CE - present
పక్షిశాస్త్రము,పక్షి,Telugu,600 CE - present
పక్షిశాస్త్రము,శాస్త్రము,Telugu,600 CE - present
రెక్కలుకట్టుకొనివచ్చు,రెక్కలు,Telugu,600 CE - present
రెక్కలుకట్టుకొనివచ్చు,కట్టుకొని,Telugu,600 CE - present
రెక్కలుకట్టుకొనివచ్చు,వచ్చు,Telugu,600 CE - present
గూడుకట్టు,గూడు,Telugu,600 CE - present
గూడుకట్టు,కట్టు,Telugu,600 CE - present
పాచికగూడు,పాచిక,Telugu,600 CE - present
పాచికగూడు,గూడు,Telugu,600 CE - present
కన్నుకుట్టు,కన్ను,Telugu,600 CE - present
కన్నుకుట్టు,కుట్టు,Telugu,600 CE - present
గోచిచేతికిచ్చు,గోచి,Telugu,600 CE - present
గోచిచేతికిచ్చు,చేతికిచ్చు,Telugu,600 CE - present
చేతికివచ్చు,చేతికి,Telugu,600 CE - present
చేతికివచ్చు,వచ్చు,Telugu,600 CE - present
చీరలవేట,చీరల,Telugu,600 CE - present
చీరలవేట,వేట,Telugu,600 CE - present
చాపక్రిందినీరు,చాప,Telugu,600 CE - present
చాపక్రిందినీరు,క్రింది,Telugu,600 CE - present
చాపక్రిందినీరు,నీరు,Telugu,600 CE - present
చేతిచమురుభాగవతము,చేతి,Telugu,600 CE - present
చేతిచమురుభాగవతము,చమురు,Telugu,600 CE - present
చేతిచమురుభాగవతము,భాగవతము,Telugu,600 CE - present
బొడ్డుకోయు,బొడ్డు,Telugu,600 CE - present
బొడ్డుకోయు,కోయు,Telugu,600 CE - present
తోకతెగిన నక్క,తోక,Telugu,600 CE - present
తోకతెగిన నక్క,తెగిన,Telugu,600 CE - present
తోకతెగిన నక్క,నక్క,Telugu,600 CE - present
ఎముకలేనిచెయ్యి,ఎముకలేని,Telugu,600 CE - present
ఎముకలేనిచెయ్యి,చెయ్యి,Telugu,600 CE - present
మేకతిండి,మేక,Telugu,600 CE - present
మేకతిండి,తిండి,Telugu,600 CE - present
పేకముక్క,పేక,Telugu,600 CE - present
పేకముక్క,ముక్క,Telugu,600 CE - present
నూరురాయి,నూరు,Telugu,600 CE - present
నూరురాయి,రాయి,Telugu,600 CE - present
నూరు,*nūṯ,Proto-Dravidian,3000 BCE - 1500 BCE (disputed)
సింహస్వప్నము,సింహ,Telugu,600 CE - present
సింహస్వప్నము,స్వప్నము,Telugu,600 CE - present
జమకట్టు,జమ,Telugu,600 CE - present
జమకట్టు,కట్టు,Telugu,600 CE - present
బురదపాము,బురద,Telugu,600 CE - present
బురదపాము,పాము,Telugu,600 CE - present
విడుపుస్నానము,విడుపు,Telugu,600 CE - present
విడుపుస్నానము,స్నానము,Telugu,600 CE - present
కథానాయిక,కథ,Telugu,600 CE - present
కథానాయిక,నాయిక,Telugu,600 CE - present
చిన్నకథ,చిన్న,Telugu,600 CE - present
చిన్నకథ,కథ,Telugu,600 CE - present
గొల్లికాయ,గొల్లి,Telugu,600 CE - present
గొల్లికాయ,కాయ,Telugu,600 CE - present
ఆకాశపుష్పము,ఆకాశ,Telugu,600 CE - present
ఆకాశపుష్పము,పుష్పము,Telugu,600 CE - present
గాడిదగుడ్డు,గాడిద,Telugu,600 CE - present
గాడిదగుడ్డు,గుడ్డు,Telugu,600 CE - present
బాడీ,bodice,English,1550 CE - present
ఆత్మపరాగసంపర్కము,ఆత్మ,Telugu,600 CE - present
ఆత్మపరాగసంపర్కము,పరాగసంపర్కము,Telugu,600 CE - present
రైలు,rail,English,1550 CE - present
రైలుమార్గము,రైలు,Telugu,600 CE - present
రైలుమార్గము,మార్గము,Telugu,600 CE - present
రైలుబొగ్గు,రైలు,Telugu,600 CE - present
రైలుబొగ్గు,బొగ్గు,Telugu,600 CE - present
రైలుబండి,రైలు,Telugu,600 CE - present
రైలుబండి,బండి,Telugu,600 CE - present
బొగ్గులపొయ్యి,బొగ్గులు,Telugu,600 CE - present
బొగ్గులపొయ్యి,పొయ్యి,Telugu,600 CE - present
బొగ్గుకరచు,బొగ్గు,Telugu,600 CE - present
బొగ్గుకరచు,కరచు,Telugu,600 CE - present
గుండెపోటు,గుండె,Telugu,600 CE - present
గుండెపోటు,పోటు,Telugu,600 CE - present
గుండెకాయ,గుండె,Telugu,600 CE - present
గుండెకాయ,కాయ,Telugu,600 CE - present
గుండె ఆగిపోవు,గుండె,Telugu,600 CE - present
గుండె ఆగిపోవు,ఆగిపోవు,Telugu,600 CE - present
గుండెదడ,గుండె,Telugu,600 CE - present
గుండెదడ,దడ,Telugu,600 CE - present
చనుకట్టు,చను,Telugu,600 CE - present
చనుకట్టు,కట్టు,Telugu,600 CE - present
పాలిచ్చు,పాలు,Telugu,600 CE - present
పాలిచ్చు,ఇచ్చు,Telugu,600 CE - present
ఆకుచాటుపిందె,ఆకు,Telugu,600 CE - present
ఆకుచాటుపిందె,చాటు,Telugu,600 CE - present
ఆకుచాటుపిందె,పిందె,Telugu,600 CE - present
ఆటలుసాగు,ఆటలు,Telugu,600 CE - present
ఆటలుసాగు,సాగు,Telugu,600 CE - present
ఆటలో అరటిపండు,ఆట,Telugu,600 CE - present
ఆటలో అరటిపండు,లో,Telugu,600 CE - present
ఆటలో అరటిపండు,అరటి,Telugu,600 CE - present
ఆటలో అరటిపండు,పండు,Telugu,600 CE - present
నందిని పంది చేయు,నంది,Telugu,600 CE - present
నందిని పంది చేయు,-ని,Telugu,600 CE - present
నందిని పంది చేయు,పంది,Telugu,600 CE - present
నందిని పంది చేయు,చేయు,Telugu,600 CE - present
కంకిపాడు,కంకి,Telugu,600 CE - present
కంకిపాడు,పాడు,Telugu,600 CE - present
మీగడకట్టు,మీగడ,Telugu,600 CE - present
మీగడకట్టు,కట్టు,Telugu,600 CE - present
నదీనదములు,నది,Telugu,600 CE - present
నదీనదములు,నదము,Telugu,600 CE - present
కొండకాలువ,కొండ,Telugu,600 CE - present
కొండకాలువ,కాలువ,Telugu,600 CE - present
కొండకాకి,కొండ,Telugu,600 CE - present
కొండకాకి,కాకి,Telugu,600 CE - present
కోరుకొండ,కోరు,Telugu,600 CE - present
కోరుకొండ,కొండ,Telugu,600 CE - present
పలకమంచము,పలక,Telugu,600 CE - present
పలకమంచము,మంచము,Telugu,600 CE - present
పలకపుల్ల,పలక,Telugu,600 CE - present
పలకపుల్ల,పుల్ల,Telugu,600 CE - present
ఉచ్చపోయు,ఉచ్చ,Telugu,600 CE - present
ఉచ్చపోయు,పోయు,Telugu,600 CE - present
గెలుచు,*kel-,Proto-Dravidian,3000 BCE - 1500 BCE (disputed)
పొడిచేయు,పొడి,Telugu,600 CE - present
పొడిచేయు,చేయు,Telugu,600 CE - present
మందుకొట్టు,మందు,Telugu,600 CE - present
మందుకొట్టు,కొట్టు,Telugu,600 CE - present
ఓడు,*ōṭu,Proto-Dravidian,3000 BCE - 1500 BCE (disputed)
అడ్డు,*áḍḍa- ~ *aḍái-,Proto-Dravidian,3000 BCE - 1500 BCE (disputed)
అంబులపొది,అంబుల,Telugu,600 CE - present
అంబులపొది,పొది,Telugu,600 CE - present
అమ్ములపొది,అమ్ముల,Telugu,600 CE - present
అమ్ములపొది,పొది,Telugu,600 CE - present
ఇనుమడి,ఇను,Telugu,600 CE - present
ఇనుమడి,మడుగు,Telugu,600 CE - present
ఒట్టుపెట్టు,ఒట్టు,Telugu,600 CE - present
ఒట్టుపెట్టు,పెట్టు,Telugu,600 CE - present
చనుదోయి,చను,Telugu,600 CE - present
చనుదోయి,దోయి,Telugu,600 CE - present
పొందూరు,పొందు,Telugu,600 CE - present
పొందూరు,ఊరు,Telugu,600 CE - present
చంద్రమౌళి,చంద్ర,Telugu,600 CE - present
చంద్రమౌళి,మౌళి,Telugu,600 CE - present
గోరుచుట్టు,గోరు,Telugu,600 CE - present
గోరుచుట్టు,చుట్టు,Telugu,600 CE - present
పాఠము,पाठ,Sanskrit,1500 BCE - present (liturgical/classical)
విధవ,विधवा,Sanskrit,1500 BCE - present (liturgical/classical)
కళత్రము,कलत्र,Sanskrit,1500 BCE - present (liturgical/classical)
శోభ,शोभा,Sanskrit,1500 BCE - present (liturgical/classical)
భుజించు,भुज्,Sanskrit,1500 BCE - present (liturgical/classical)
చలించు,चल,Sanskrit,1500 BCE - present (liturgical/classical)
చలనము,चलन,Sanskrit,1500 BCE - present (liturgical/classical)
బొగ్గుపులుసు వాయువు,బొగ్గు,Telugu,600 CE - present
బొగ్గుపులుసు వాయువు,పులుసు,Telugu,600 CE - present
బొగ్గుపులుసు వాయువు,వాయువు,Telugu,600 CE - present
కర్బనపచనము,కర్బన,Telugu,600 CE - present
కర్బనపచనము,పచనము,Telugu,600 CE - present
వంటచేయు,వంట,Telugu,600 CE - present
వంటచేయు,చేయు,Telugu,600 CE - present
బొగ్గుపులుసు,బొగ్గు,Telugu,600 CE - present
బొగ్గుపులుసు,పులుసు,Telugu,600 CE - present
కర్బనరసాయనశాస్త్రము,కర్బన,Telugu,600 CE - present
కర్బనరసాయనశాస్త్రము,రసాయనశాస్త్రము,Telugu,600 CE - present
గతిశాస్త్రము,గతి,Telugu,600 CE - present
గతిశాస్త్రము,శాస్త్రము,Telugu,600 CE - present
వానచినుకు,వాన,Telugu,600 CE - present
వానచినుకు,చినుకు,Telugu,600 CE - present
గతిశక్తి,గతి,Telugu,600 CE - present
గతిశక్తి,శక్తి,Telugu,600 CE - present
గతిసిద్ధాంతము,గతి,Telugu,600 CE - present
గతిసిద్ధాంతము,సిద్ధాంతము,Telugu,600 CE - present
సాధకబాధకములు,సాధకము,Telugu,600 CE - present
సాధకబాధకములు,బాధకము,Telugu,600 CE - present
ధ్వనిశాస్త్రము,ధ్వని,Telugu,600 CE - present
ధ్వనిశాస్త్రము,శాస్త్రము,Telugu,600 CE - present
ధ్వనికాలుష్యము,ధ్వని,Telugu,600 CE - present
ధ్వనికాలుష్యము,కాలుష్యము,Telugu,600 CE - present
ఎలుగుగొడ్డు,ఎలుగు,Telugu,600 CE - present
ఎలుగుగొడ్డు,గొడ్డు,Telugu,600 CE - present
-డు,*-ṉṯu,Proto-Dravidian,3000 BCE - 1500 BCE (disputed)
నశించు,नष्ट,Sanskrit,1500 BCE - present (liturgical/classical)
జీవన్ముక్తి,जीवन्मुक्ति,Sanskrit,1500 BCE - present (liturgical/classical)
జయుడు,जय,Sanskrit,1500 BCE - present (liturgical/classical)
గొర్రెపిల్ల,గొర్రె,Telugu,600 CE - present
గొర్రెపిల్ల,పిల్ల,Telugu,600 CE - present
కలగను,కల,Telugu,600 CE - present
కలగను,కను,Telugu,600 CE - present
-లు,*-nk(k)-Vḷ,Proto-Dravidian,3000 BCE - 1500 BCE (disputed)
శివకేశవులు,శివుడు,Telugu,600 CE - present
శివకేశవులు,కేశవుడు,Telugu,600 CE - present
ఆరంభము,आरम्भ,Sanskrit,1500 BCE - present (liturgical/classical)
రక్తగంధము,రక్త,Telugu,600 CE - present
రక్తగంధము,గంధము,Telugu,600 CE - present
మంచిగంధము,మంచి,Telugu,600 CE - present
మంచిగంధము,గంధము,Telugu,600 CE - present
ఆశువు,आशु,Sanskrit,1500 BCE - present (liturgical/classical)
కాలకంఠుడు,కాల,Telugu,600 CE - present
కాలకంఠుడు,కంఠుడు,Telugu,600 CE - present
హస్తము,हस्त,Sanskrit,1500 BCE - present (liturgical/classical)
శివ,शिव,Sanskrit,1500 BCE - present (liturgical/classical)
సంధి,संधि,Sanskrit,1500 BCE - present (liturgical/classical)
అజంతము,అచ్,Telugu,600 CE - present
అజంతము,అంతము,Telugu,600 CE - present
జీవాధారము,जीव,Sanskrit,1500 BCE - present (liturgical/classical)
నలుగుపెట్టు,నలుగు,Telugu,600 CE - present
నలుగుపెట్టు,పెట్టు,Telugu,600 CE - present
ఉమామహేశ్వరులు,ఉమ,Telugu,600 CE - present
ఉమామహేశ్వరులు,మహేశ్వరుడు,Telugu,600 CE - present
శివపార్వతులు,శివుడు,Telugu,600 CE - present
శివపార్వతులు,పార్వతి,Telugu,600 CE - present
సంఖ్యావాచకము,సంఖ్య,Telugu,600 CE - present
సంఖ్యావాచకము,వాచకము,Telugu,600 CE - present
భాషాభాగము,భాష,Telugu,600 CE - present
భాషాభాగము,భాగము,Telugu,600 CE - present
రుధిరము,रुधिर,Sanskrit,1500 BCE - present (liturgical/classical)
రాక్షసుడు,राक्षस,Sanskrit,1500 BCE - present (liturgical/classical)
రుధిరుడు,रुधिर,Sanskrit,1500 BCE - present (liturgical/classical)
రుధిరుడు,*h₁rudʰros,Proto-Indo-European,4500 BCE - 2500 BCE
ద్వాదశపుత్రులు,ద్వాదశ,Telugu,600 CE - present
ద్వాదశపుత్రులు,పుత్రులు,Telugu,600 CE - present
ధరణిదేవుడు,ధరణి,Telugu,600 CE - present
ధరణిదేవుడు,దేవుడు,Telugu,600 CE - present
పుడమిరేడు,పుడమి,Telugu,600 CE - present
పుడమిరేడు,రేడు,Telugu,600 CE - present
నవీనము,नवीन,Sanskrit,1500 BCE - present (liturgical/classical)
దశము,दश,Sanskrit,1500 BCE - present (liturgical/classical)
దశము,*dáća,Proto-Indo-Iranian,2200 BCE - 1800 BCE
దశము,*déḱm̥,Proto-Indo-European,4500 BCE - 2500 BCE
భ్రాత,भ्राता,Sanskrit,1500 BCE - present (liturgical/classical)
దుహిత,दुहितृ,Sanskrit,1500 BCE - present (liturgical/classical)
జిహ్వ,जिह्वा,Sanskrit,1500 BCE - present (liturgical/classical)
ఐదునొకటి,ఐదు,Telugu,600 CE - present
ఐదునొకటి,ఒకటి,Telugu,600 CE - present
ఆరునొకటి,ఆరు,Telugu,600 CE - present
ఆరునొకటి,ఒకటి,Telugu,600 CE - present
ఇరువది,ఇరు,Telugu,600 CE - present
ఇరువది,పది,Telugu,600 CE - present
ముప్పది,మూడు,Telugu,600 CE - present
ముప్పది,పది,Telugu,600 CE - present
మతిభ్రమ,मतिभ्रम,Sanskrit,1500 BCE - present (liturgical/classical)
మతిమరుపు,मति,Sanskrit,1500 BCE - present (liturgical/classical)
నక్తము,नक्त,Sanskrit,1500 BCE - present (liturgical/classical)
నక్తము,*nókʷts,Proto-Indo-European,4500 BCE - 2500 BCE
పదిహేను,పది,Telugu,600 CE - present
పదిహేను,ఏను,Telugu,600 CE - present
పదారు,పది,Telugu,600 CE - present
పదారు,ఆరు,Telugu,600 CE - present
పితృపక్షము,पितृ,Sanskrit,1500 BCE - present (liturgical/classical)
పితృలు,*ph₂tḗr,Proto-Indo-European,4500 BCE - 2500 BCE
వింశతి,विंशति,Sanskrit,1500 BCE - present (liturgical/classical)
వింశతి,*h₁wih₁ḱm̥t,Proto-Indo-European,4500 BCE - 2500 BCE
ఇన్నూరు,ఇరు,Telugu,600 CE - present
ఇన్నూరు,నూరు,Telugu,600 CE - present
పదియారు,పది,Telugu,600 CE - present
పదియారు,ఆరు,Telugu,600 CE - present
స్థిరము,स्थिर,Sanskrit,1500 BCE - present (liturgical/classical)
సరళ,सरल,Sanskrit,1500 BCE - present (liturgical/classical)
తెనుగు,*ten,Proto-Dravidian,3000 BCE - 1500 BCE (disputed)
తెలుగుచేయు,తెలుగు,Telugu,600 CE - present
తెలుగుచేయు,చేయు,Telugu,600 CE - present
పంచలోహాలు,పంచ,Telugu,600 CE - present
పంచలోహాలు,లోహాలు,Telugu,600 CE - present
వేసవికాలము,వేసవి,Telugu,600 CE - present
వేసవికాలము,కాలము,Telugu,600 CE - present
చలికాలము,చలి,Telugu,600 CE - present
చలికాలము,కాలము,Telugu,600 CE - present
శిశిరము,शिशिर,Sanskrit,1500 BCE - present (liturgical/classical)
లవణము,लवण,Sanskrit,1500 BCE - present (liturgical/classical)
కాంతిశాస్త్రము,కాంతి,Telugu,600 CE - present
కాంతిశాస్త్రము,శాస్త్రము,Telugu,600 CE - present
కాంతిసంవత్సరము,కాంతి,Telugu,600 CE - present
కాంతిసంవత్సరము,సంవత్సరము,Telugu,600 CE - present
కాంతిమాపకము,కాంతి,Telugu,600 CE - present
కాంతిమాపకము,మాపకము,Telugu,600 CE - present
కాంతివిశ్లేషణము,కాంతి,Telugu,600 CE - present
కాంతివిశ్లేషణము,విశ్లేషణము,Telugu,600 CE - present
వాసన,वासन,Sanskrit,1500 BCE - present (liturgical/classical)
పంచేంద్రియములు,పంచ,Telugu,600 CE - present
పంచేంద్రియములు,ఇంద్రియములు,Telugu,600 CE - present
జ్యేష్ఠసంతతి,జ్యేష్ఠ,Telugu,600 CE - present
జ్యేష్ఠసంతతి,సంతతి,Telugu,600 CE - present
మిథునము,मिथुन,Sanskrit,1500 BCE - present (liturgical/classical)
పురాణము,पुराण,Sanskrit,1500 BCE - present (liturgical/classical)
మీనము,मीन,Sanskrit,1500 BCE - present (liturgical/classical)
ఉత్తరాయణము,ఉత్తర,Telugu,600 CE - present
ఉత్తరాయణము,అయనము,Telugu,600 CE - present
దక్షిణాయనము,दक्षिण,Sanskrit,1500 BCE - present (liturgical/classical)
తంత్రవాది,तन्त्र,Sanskrit,1500 BCE - present (liturgical/classical)
తంత్రజ్ఞుడు,तन्त्र,Sanskrit,1500 BCE - present (liturgical/classical)
మాతాపితలు,మాత,Telugu,600 CE - present
మాతాపితలు,పిత,Telugu,600 CE - present
ప్రకృతి,प्रकृति,Sanskrit,1500 BCE - present (liturgical/classical)
ఋషి,ऋषि,Sanskrit,1500 BCE - present (liturgical/classical)
రత్నాంగి,रत्न,Sanskrit,1500 BCE - present (liturgical/classical)
మేళకర్త,మేళ,Telugu,600 CE - present
మేళకర్త,కర్త,Telugu,600 CE - present
తానరూపి,तान,Sanskrit,1500 BCE - present (liturgical/classical)
హనుమతోడి,హనుమ,Telugu,600 CE - present
హనుమతోడి,తోడి,Telugu,600 CE - present
తోడిదొంగ,తోడి,Telugu,600 CE - present
తోడిదొంగ,దొంగ,Telugu,600 CE - present
స్కాండినేవియా,Scandināvia,Latin,700 BCE - 500 CE
స్కాండినేవియా,*Skadinawjō,Proto-Germanic,500 BCE - 500 CE
ధేనుక,धेनुका,Sanskrit,1500 BCE - present (liturgical/classical)
నాటకప్రియ,नाटक,Sanskrit,1500 BCE - present (liturgical/classical)
ప్రియ,प्रिया,Sanskrit,1500 BCE - present (liturgical/classical)
ప్రీతి,प्रीति,Sanskrit,1500 BCE - present (liturgical/classical)
ప్రముఖుడు,प्रमुख,Sanskrit,1500 BCE - present (liturgical/classical)
ప్రముఖత,प्रमुख,Sanskrit,1500 BCE - present (liturgical/classical)
వకుళము,बकुल,Sanskrit,1500 BCE - present (liturgical/classical)
అస్థి,अस्थि,Sanskrit,1500 BCE - present (liturgical/classical)
అస్థి,*HastH-,Proto-Indo-Iranian,2200 BCE - 1800 BCE
కౌలాలంపూర్,kuala,Malay,not available
కౌలాలంపూర్,lumpur,Malay,not available
బర్మా,Burma,English,1550 CE - present
బర్మా,ဗမာ,Burmese,not available
టోక్యో,東京,Japanese,not available
మదీనా,اَلْمَدِينَة الْمُنَوَّرَة,Arabic,600 CE - present
పర్షియా,Persia,Latin,700 BCE - 500 CE
బాగ్దాదు,Baghdad,English,1550 CE - present
హిందువు,*sindʰus,Proto-Indo-Iranian,2200 BCE - 1800 BCE
విడాకు,విడి,Telugu,600 CE - present
విడాకు,ఆకు,Telugu,600 CE - present
సింధు,सिन्धु,Sanskrit,1500 BCE - present (liturgical/classical)
అంజనాద్రి,అంజన,Telugu,600 CE - present
అంజనాద్రి,అద్రి,Telugu,600 CE - present
నారాయణాద్రి,नारायण,Sanskrit,1500 BCE - present (liturgical/classical)
అంజనాచలము,అంజన,Telugu,600 CE - present
అంజనాచలము,అచలము,Telugu,600 CE - present
జయంతుడు,जयन्त,Sanskrit,1500 BCE - present (liturgical/classical)
శాల,शाला,Sanskrit,1500 BCE - present (liturgical/classical)
నాగేంద్రుడు,नाग,Sanskrit,1500 BCE - present (liturgical/classical)
సర్వము,सर्व,Sanskrit,1500 BCE - present (liturgical/classical)
ఫలకృషి,फल,Sanskrit,1500 BCE - present (liturgical/classical)
దీర్ఘదర్శి,दीर्घ,Sanskrit,1500 BCE - present (liturgical/classical)
దీర్ఘదృష్టి,दीर्घ,Sanskrit,1500 BCE - present (liturgical/classical)
వృక్షవాటిక,वृक्ष,Sanskrit,1500 BCE - present (liturgical/classical)
శ్రీకాళహస్తి,श्री,Sanskrit,1500 BCE - present (liturgical/classical)
వర్షచ్ఛాయ,वर्ष,Sanskrit,1500 BCE - present (liturgical/classical)
పుత్రభిక్ష,पुत्र,Sanskrit,1500 BCE - present (liturgical/classical)
సభాపతి,सभापति,Sanskrit,1500 BCE - present (liturgical/classical)
భూపతి,भूपति,Sanskrit,1500 BCE - present (liturgical/classical)
పతింవర,पति,Sanskrit,1500 BCE - present (liturgical/classical)
సీతాపతి,सीता,Sanskrit,1500 BCE - present (liturgical/classical)
తిరుతేరు,తిరు,Telugu,600 CE - present
తిరుతేరు,తేరు,Telugu,600 CE - present
కూర్మము,कूर्म,Sanskrit,1500 BCE - present (liturgical/classical)
కమఠము,कमठ,Sanskrit,1500 BCE - present (liturgical/classical)
కొంతకాలము,కొంత,Telugu,600 CE - present
కొంతకాలము,కాలము,Telugu,600 CE - present
బరువైన,బరువు,Telugu,600 CE - present
బరువైన,ఐన,Telugu,600 CE - present
అందరు,అంత,Telugu,600 CE - present
అందరు,వారు,Telugu,600 CE - present
మాయామాళవగౌళ,మాయ,Telugu,600 CE - present
మాయామాళవగౌళ,మాళవ,Telugu,600 CE - present
మాయామాళవగౌళ,గౌళ,Telugu,600 CE - present
గర్భముధరించు,గర్భము,Telugu,600 CE - present
గర్భముధరించు,ధరించు,Telugu,600 CE - present
అంకారా,Ankara,English,1550 CE - present
అంకారా,Ankara,Turkish,not available
గర్భాదానము,गर्भ,Sanskrit,1500 BCE - present (liturgical/classical)
గర్భకవిత్వము,गर्भ,Sanskrit,1500 BCE - present (liturgical/classical)
అగ్నిహోత్రము,अग्नि,Sanskrit,1500 BCE - present (liturgical/classical)
దక్షిణాసియా,దక్షిణ,Telugu,600 CE - present
దక్షిణాసియా,ఆసియా,Telugu,600 CE - present
పురుషార్థము,पुरुष,Sanskrit,1500 BCE - present (liturgical/classical)
పెద్దపండుగ,పెద్ద,Telugu,600 CE - present
పెద్దపండుగ,పండుగ,Telugu,600 CE - present
నటన,नाट्य,Sanskrit,1500 BCE - present (liturgical/classical)
నటభైరవి,भैरवी,Sanskrit,1500 BCE - present (liturgical/classical)
గౌరీమనోహరి,गौरीमनोहारी,Sanskrit,1500 BCE - present (liturgical/classical)
మనోహరము,मनोहर,Sanskrit,1500 BCE - present (liturgical/classical)
పాలకొండ,పాల,Telugu,600 CE - present
పాలకొండ,కొండ,Telugu,600 CE - present
వరుణప్రియ,वरुण,Sanskrit,1500 BCE - present (liturgical/classical)
చారువు,चारु,Sanskrit,1500 BCE - present (liturgical/classical)
ధీరశంకరాభరణం,धीर,Sanskrit,1500 BCE - present (liturgical/classical)
నాగనందిని,नाग,Sanskrit,1500 BCE - present (liturgical/classical)
పుట్టతేనె,పుట్ట,Telugu,600 CE - present
పుట్టతేనె,తేనె,Telugu,600 CE - present
ఇనాము,انعام,Classical Persian,800 CE - 1900 CE
ఇనాము,إِنْعَام,Arabic,600 CE - present
షికారు,शिकार,Hindi,not available
దర్బారు,دربار,Urdu,not available
దర్బారు,دربار,Persian,1000 CE - present
అత్తరువు,عطر,Persian,1000 CE - present
అత్తరువు,عِطْر,Arabic,600 CE - present
బందోబస్తు,बन्द-ओ-बस्त,Hindi,not available
బందోబస్తు,بند و بست,Persian,1000 CE - present
అలహాబాదు,اللہآباد,Urdu,not available
బజారు,𐭥𐭠𐭰𐭠𐭥,Middle Persian,300 BCE - 651 CE
బజారు,*wesā-,Proto-Indo-European,4500 BCE - 2500 BCE
దివాను,دیوان,Persian,1000 CE - present
లక్క,laca,Portuguese,1516 CE - present
లక్క,لاک,Persian,1000 CE - present
లక్క,लाख,Hindi,not available
లక్క,लाक्षा,Sanskrit,1500 BCE - present (liturgical/classical)
లూటీ,लूट,Hindi,not available
లూటీ,लुण्ट्,Sanskrit,1500 BCE - present (liturgical/classical)
బందూకు,बन्दूक,Hindi,not available
పైసా,पैसा,Hindi,not available
పక్కా,पक्का,Hindi,not available
పక్కా,پکا,Urdu,not available
పక్కా,पक्व,Sanskrit,1500 BCE - present (liturgical/classical)
కచ్చా,कच्चा,Hindi,not available
కుర్తా,कुरता,Hindi,not available
పరదా,पर्दा,Hindi,not available
పరదా,پرده,Persian,1000 CE - present
పైజామా,पैजामा,Hindi,not available
పైజామా,پایجامه,Persian,1000 CE - present
భయంకరుడు,भय,Sanskrit,1500 BCE - present (liturgical/classical)
భయావహము,भय,Sanskrit,1500 BCE - present (liturgical/classical)
భయోత్పాతము,भय,Sanskrit,1500 BCE - present (liturgical/classical)
భయోత్పాదకము,भय,Sanskrit,1500 BCE - present (liturgical/classical)
దోషగ్రాహము,दोष,Sanskrit,1500 BCE - present (liturgical/classical)
దోషాచరుడు,दोष,Sanskrit,1500 BCE - present (liturgical/classical)
దోషరహితుడు,दोष,Sanskrit,1500 BCE - present (liturgical/classical)
నిర్దోషి,निर्दोष,Sanskrit,1500 BCE - present (liturgical/classical)
ఫలపూరము,फल,Sanskrit,1500 BCE - present (liturgical/classical)
ఫలకవచము,फल,Sanskrit,1500 BCE - present (liturgical/classical)
కర్ణపత్రము,कर्ण,Sanskrit,1500 BCE - present (liturgical/classical)
అభి-,अभि,Sanskrit,1500 BCE - present (liturgical/classical)
వృద్ధిచేయు,वृद्धि,Sanskrit,1500 BCE - present (liturgical/classical)
మరునిల్లు,మరుని,Telugu,600 CE - present
మరునిల్లు,ఇల్లు,Telugu,600 CE - present
మరునికొంప,మరుని,Telugu,600 CE - present
మరునికొంప,కొంప,Telugu,600 CE - present
ఆడుగురి,ఆడు,Telugu,600 CE - present
ఆడుగురి,గురి,Telugu,600 CE - present
నిజమాడు,నిజము,Telugu,600 CE - present
నిజమాడు,ఆడు,Telugu,600 CE - present
పంచప్రాణములు,పంచ,Telugu,600 CE - present
పంచప్రాణములు,ప్రాణములు,Telugu,600 CE - present
జీవశాకము,जीव,Sanskrit,1500 BCE - present (liturgical/classical)
ఆయుర్వేదము,आयुर्वेद,Sanskrit,1500 BCE - present (liturgical/classical)
ప్రభువు,प्रभु,Sanskrit,1500 BCE - present (liturgical/classical)
కాలహరణము,काल,Sanskrit,1500 BCE - present (liturgical/classical)
బాంబు,bombe,French,1600 CE - present
డిగ్రీ,degree,English,1550 CE - present
డిగ్రీ,degré,Old French,800 CE - 1400 CE
కాఫీ,coffee,English,1550 CE - present
గవర్నరు,governor,English,1550 CE - present
గవర్నరు,govenour,Middle English,1150 CE - 1500 CE
గవర్నరు,gouvreneur,Old French,800 CE - 1400 CE
గవర్నరు,gubernator,Latin,700 BCE - 500 CE
గవర్నరు,κυβερνήτης,Ancient Greek,1500 BCE - 300 BCE
ఓటువేయు,ఓటు,Telugu,600 CE - present
ఓటువేయు,వేయు,Telugu,600 CE - present
ఓటు,*ōṭu,Proto-Dravidian,3000 BCE - 1500 BCE (disputed)
ఓటు,vote,English,1550 CE - present
ఓటు,votum,Latin,700 BCE - 500 CE
ఓటు,*h₁ewegʷʰ-,Proto-Indo-European,4500 BCE - 2500 BCE
గుర్రంకొండ,గుర్రం,Telugu,600 CE - present
గుర్రంకొండ,కొండ,Telugu,600 CE - present
మంచిముత్యము,మంచి,Telugu,600 CE - present
మంచిముత్యము,ముత్యము,Telugu,600 CE - present
రామసముద్రం,రామ,Telugu,600 CE - present
రామసముద్రం,సముద్రం,Telugu,600 CE - present
సుధానిధి,सुधानिधि,Sanskrit,1500 BCE - present (liturgical/classical)
మూలకారణము,మూల,Telugu,600 CE - present
మూలకారణము,కారణము,Telugu,600 CE - present
మూలకేంద్రము,మూల,Telugu,600 CE - present
మూలకేంద్రము,కేంద్రము,Telugu,600 CE - present
కేంద్రప్రభుత్వము,కేంద్రము,Telugu,600 CE - present
కేంద్రప్రభుత్వము,ప్రభుత్వము,Telugu,600 CE - present
నల్లనివాడు,నల్లని,Telugu,600 CE - present
నల్లనివాడు,వాడు,Telugu,600 CE - present
మ్రానుగోయిల,మ్రాను,Telugu,600 CE - present
మ్రానుగోయిల,కోయిల,Telugu,600 CE - present
వడ్రంగిపిట్ట,వడ్రంగి,Telugu,600 CE - present
వడ్రంగిపిట్ట,పిట్ట,Telugu,600 CE - present
ప్రతివాది,प्रति,Sanskrit,1500 BCE - present (liturgical/classical)
ప్రతి,प्रति,Sanskrit,1500 BCE - present (liturgical/classical)
మన్మథపత్రిక,मन्मथ,Sanskrit,1500 BCE - present (liturgical/classical)
ప్రేమలేఖ,ప్రేమ,Telugu,600 CE - present
ప్రేమలేఖ,లేఖ,Telugu,600 CE - present
తోకకప్ప,తోక,Telugu,600 CE - present
తోకకప్ప,కప్ప,Telugu,600 CE - present
కప్పతాళము,కప్ప,Telugu,600 CE - present
కప్పతాళము,తాళము,Telugu,600 CE - present
దూత,दूत,Sanskrit,1500 BCE - present (liturgical/classical)
రాజ్యసభ,राज्य,Sanskrit,1500 BCE - present (liturgical/classical)
తీర్థకాకి,तीर्थ,Sanskrit,1500 BCE - present (liturgical/classical)
మహాధనము,మహా,Telugu,600 CE - present
మహాధనము,ధనము,Telugu,600 CE - present
విశ్వము,विश्व,Sanskrit,1500 BCE - present (liturgical/classical)
నాస్తికుడు,नास्तिक,Sanskrit,1500 BCE - present (liturgical/classical)
హతముచేయు,హతము,Telugu,600 CE - present
హతముచేయు,చేయు,Telugu,600 CE - present
పీడకల,పీడ,Telugu,600 CE - present
పీడకల,కల,Telugu,600 CE - present
నల్లతుమ్మ,నల్ల,Telugu,600 CE - present
నల్లతుమ్మ,తుమ్మ,Telugu,600 CE - present
తెల్లతుమ్మ,తెల్ల,Telugu,600 CE - present
తెల్లతుమ్మ,తుమ్మ,Telugu,600 CE - present
తుమ్మబంక,తుమ్మ,Telugu,600 CE - present
తుమ్మబంక,బంక,Telugu,600 CE - present
నాగతుమ్మ,నాగ,Telugu,600 CE - present
నాగతుమ్మ,తుమ్మ,Telugu,600 CE - present
వాయి,*wāy,Proto-Dravidian,3000 BCE - 1500 BCE (disputed)
పరనారి,పర,Telugu,600 CE - present
పరనారి,నారి,Telugu,600 CE - present
భామ,भाम,Sanskrit,1500 BCE - present (liturgical/classical)
నయనజలము,नयन,Sanskrit,1500 BCE - present (liturgical/classical)
మదిరాక్షి,మదిర,Telugu,600 CE - present
మదిరాక్షి,అక్షి,Telugu,600 CE - present
ఇందువదన,ఇందు,Telugu,600 CE - present
ఇందువదన,వదన,Telugu,600 CE - present
ముద్దులగుమ్మ,ముద్దుల,Telugu,600 CE - present
ముద్దులగుమ్మ,గుమ్మ,Telugu,600 CE - present
ముద్దుగుమ్మ,ముద్దు,Telugu,600 CE - present
ముద్దుగుమ్మ,గుమ్మ,Telugu,600 CE - present
పుత్తడిబొమ్మ,పుత్తడి,Telugu,600 CE - present
పుత్తడిబొమ్మ,బొమ్మ,Telugu,600 CE - present
ముద్దుచేయు,ముద్దు,Telugu,600 CE - present
ముద్దుచేయు,చేయు,Telugu,600 CE - present
ముద్దులాడు,ముద్దులు,Telugu,600 CE - present
ముద్దులాడు,ఆడు,Telugu,600 CE - present
ముద్దుపేరు,ముద్దు,Telugu,600 CE - present
ముద్దుపేరు,పేరు,Telugu,600 CE - present
వస్తుమార్పిడి,वस्तु,Sanskrit,1500 BCE - present (liturgical/classical)
వాస్తుశిల్పి,वास्तु,Sanskrit,1500 BCE - present (liturgical/classical)
వాస్తుపూజ,वास्तु,Sanskrit,1500 BCE - present (liturgical/classical)
వాస్తుపతి,वास्तु,Sanskrit,1500 BCE - present (liturgical/classical)
పెట్టె,पेटिका,Sanskrit,1500 BCE - present (liturgical/classical)
స్థితిగతులు,స్థితి,Telugu,600 CE - present
స్థితిగతులు,గతి,Telugu,600 CE - present
రాధమ్మ,రాధ,Telugu,600 CE - present
రాధమ్మ,అమ్మ,Telugu,600 CE - present
చిన్నమ్మ,చిన్న,Telugu,600 CE - present
చిన్నమ్మ,అమ్మ,Telugu,600 CE - present
సౌందర్యవతి,सौन्दर्यवती,Sanskrit,1500 BCE - present (liturgical/classical)
భూమిజెముడు,భూమి,Telugu,600 CE - present
భూమిజెముడు,జెముడు,Telugu,600 CE - present
నాలుకజారు,నాలుక,Telugu,600 CE - present
నాలుకజారు,జారు,Telugu,600 CE - present
కొబ్బరిచిప్ప,కొబ్బరి,Telugu,600 CE - present
కొబ్బరిచిప్ప,చిప్ప,Telugu,600 CE - present
తలచిప్ప,తల,Telugu,600 CE - present
తలచిప్ప,చిప్ప,Telugu,600 CE - present
శిరోమణి,शिरोमणि,Sanskrit,1500 BCE - present (liturgical/classical)
శిరోమణి,శిరః,Telugu,600 CE - present
శిరోమణి,మణి,Telugu,600 CE - present
మణికర్ణిక,మణి,Telugu,600 CE - present
మణికర్ణిక,కర్ణిక,Telugu,600 CE - present
నాలుకచేప,నాలుక,Telugu,600 CE - present
నాలుకచేప,చేప,Telugu,600 CE - present
కొలకర్ర,కొల,Telugu,600 CE - present
కొలకర్ర,కర్ర,Telugu,600 CE - present
కొలబద్ద,కొల,Telugu,600 CE - present
కొలబద్ద,బద్ద,Telugu,600 CE - present
కొలమానము,కొల,Telugu,600 CE - present
కొలమానము,మానము,Telugu,600 CE - present
ప్రకృతిశాస్త్రము,ప్రకృతి,Telugu,600 CE - present
ప్రకృతిశాస్త్రము,శాస్త్రము,Telugu,600 CE - present
వాంతిచేయు,వాంతి,Telugu,600 CE - present
వాంతిచేయు,చేయు,Telugu,600 CE - present
వాంతిమందు,వాంతి,Telugu,600 CE - present
వాంతిమందు,మందు,Telugu,600 CE - present
వమనము,वमन,Sanskrit,1500 BCE - present (liturgical/classical)
లెక్కపెట్టు,లెక్క,Telugu,600 CE - present
లెక్కపెట్టు,పెట్టు,Telugu,600 CE - present
ఎన్ను,*eṇ-,Proto-Dravidian,3000 BCE - 1500 BCE (disputed)
సంపాదించు,सम्पादयति,Sanskrit,1500 BCE - present (liturgical/classical)
హస్తకళ,हस्त,Telugu,600 CE - present
హస్తకళ,కళ,Telugu,600 CE - present
పాలుపితుకు,పాలు,Telugu,600 CE - present
పాలుపితుకు,పితుకు,Telugu,600 CE - present
చుట్టుకొను,చుట్టు,Telugu,600 CE - present
చుట్టుకొను,కొను,Telugu,600 CE - present
భ్రమపడు,భ్రమ,Telugu,600 CE - present
భ్రమపడు,పడు,Telugu,600 CE - present
ముహూర్తము,मुहूर्त,Sanskrit,1500 BCE - present (liturgical/classical)
మాటాడు,మాట,Telugu,600 CE - present
మాటాడు,ఆడు,Telugu,600 CE - present
పాముకాటు,పాము,Telugu,600 CE - present
పాముకాటు,కాటు,Telugu,600 CE - present
జాతీయవనము,జాతీయ,Telugu,600 CE - present
జాతీయవనము,వనము,Telugu,600 CE - present
అహి,अहि,Sanskrit,1500 BCE - present (liturgical/classical)
అహి,*h₁ógʷʰis,Proto-Indo-European,4500 BCE - 2500 BCE
సరితూగు,సరి,Telugu,600 CE - present
సరితూగు,తూగు,Telugu,600 CE - present
ప్రాణముతీయు,ప్రాణము,Telugu,600 CE - present
ప్రాణముతీయు,తీయు,Telugu,600 CE - present
ప్రాణముపోయు,ప్రాణము,Telugu,600 CE - present
ప్రాణముపోయు,పోయు,Telugu,600 CE - present
ఇహపరములు,ఇహము,Telugu,600 CE - present
ఇహపరములు,పరము,Telugu,600 CE - present
ముగ్గురు,మూడు,Telugu,600 CE - present
ముగ్గురు,గురు,Telugu,600 CE - present
జగ్గయ్యపేట,జగ్గయ్య,Telugu,600 CE - present
జగ్గయ్యపేట,పేట,Telugu,600 CE - present
బేగంపేట,బేగం,Telugu,600 CE - present
బేగంపేట,పేట,Telugu,600 CE - present
సిరిపురం,సిరి,Telugu,600 CE - present
సిరిపురం,పురం,Telugu,600 CE - present
సిరిసంపదలు,సిరి,Telugu,600 CE - present
సిరిసంపదలు,సంపద,Telugu,600 CE - present
సిరిమాను,సిరి,Telugu,600 CE - present
సిరిమాను,మాను,Telugu,600 CE - present
సిరికొండ,సిరి,Telugu,600 CE - present
సిరికొండ,కొండ,Telugu,600 CE - present
శ్రీకొలను,శ్రీ,Telugu,600 CE - present
శ్రీకొలను,కొలను,Telugu,600 CE - present
కొలనుకొండ,కొలను,Telugu,600 CE - present
కొలనుకొండ,కొండ,Telugu,600 CE - present
లచ్చిగూడెం,లచ్చి,Telugu,600 CE - present
లచ్చిగూడెం,గూడెం,Telugu,600 CE - present
కొత్తగూడెం,కొత్త,Telugu,600 CE - present
కొత్తగూడెం,గూడెం,Telugu,600 CE - present
అన్నంరాజువలస,అన్నం,Telugu,600 CE - present
అన్నంరాజువలస,రాజు,Telugu,600 CE - present
అన్నంరాజువలస,వలస,Telugu,600 CE - present
రాజానగరం,రాజ,Telugu,600 CE - present
రాజానగరం,నగరం,Telugu,600 CE - present
తిరుమలగిరి,తిరుమల,Telugu,600 CE - present
తిరుమలగిరి,గిరి,Telugu,600 CE - present
కొత్తవలస,కొత్త,Telugu,600 CE - present
కొత్తవలస,వలస,Telugu,600 CE - present
వలసపోవు,వలస,Telugu,600 CE - present
వలసపోవు,పోవు,Telugu,600 CE - present
జమ్మికుంట,జమ్మి,Telugu,600 CE - present
జమ్మికుంట,కుంట,Telugu,600 CE - present
జమ్మిగూడెం,జమ్మి,Telugu,600 CE - present
జమ్మిగూడెం,గూడెం,Telugu,600 CE - present
జమ్మిచెట్టు,జమ్మి,Telugu,600 CE - present
జమ్మిచెట్టు,చెట్టు,Telugu,600 CE - present
వాణిశ్రీ,वाणि,Sanskrit,1500 BCE - present (liturgical/classical)
కోటయ్య,కోట,Telugu,600 CE - present
కోటయ్య,అయ్య,Telugu,600 CE - present
కోటగిరి,కోట,Telugu,600 CE - present
కోటగిరి,గిరి,Telugu,600 CE - present
ముత్యపుచిప్ప,ముత్యపు,Telugu,600 CE - present
ముత్యపుచిప్ప,చిప్ప,Telugu,600 CE - present
ముక్కుపుడక,ముక్కు,Telugu,600 CE - present
ముక్కుపుడక,పుడక,Telugu,600 CE - present
మొలకత్తి,మొల,Telugu,600 CE - present
మొలకత్తి,కత్తి,Telugu,600 CE - present
తలవంచుకొను,తల,Telugu,600 CE - present
తలవంచుకొను,వంచుకొను,Telugu,600 CE - present
తలవాకిలి,తల,Telugu,600 CE - present
తలవాకిలి,వాకిలి,Telugu,600 CE - present
వాకిలి,వా,Telugu,600 CE - present
వాకిలి,ఇల్లు,Telugu,600 CE - present
అప్పారావు,అప్ప,Telugu,600 CE - present
అప్పారావు,రావు,Telugu,600 CE - present
అడవికొలను,అడవి,Telugu,600 CE - present
అడవికొలను,కొలను,Telugu,600 CE - present
అప్పచెల్లెలు,అప్ప,Telugu,600 CE - present
అప్పచెల్లెలు,చెల్లెలు,Telugu,600 CE - present
కొండవీడు,కొండ,Telugu,600 CE - present
కొండవీడు,వీడు,Telugu,600 CE - present
లచ్చిమగడు,లచ్చి,Telugu,600 CE - present
లచ్చిమగడు,మగడు,Telugu,600 CE - present
కొడవలి,కొట్టు,Telugu,600 CE - present
కొడవలి,వాలు,Telugu,600 CE - present
చనుగుబ్బ,చను,Telugu,600 CE - present
చనుగుబ్బ,గుబ్బ,Telugu,600 CE - present
పయ్యెద,పయి,Telugu,600 CE - present
పయ్యెద,ఎద,Telugu,600 CE - present
పడకకుర్చీ,పడక,Telugu,600 CE - present
పడకకుర్చీ,కుర్చీ,Telugu,600 CE - present
వాలుకుర్చీ,వాలు,Telugu,600 CE - present
వాలుకుర్చీ,కుర్చీ,Telugu,600 CE - present
అంగవస్త్రము,अङ्ग,Sanskrit,1500 BCE - present (liturgical/classical)
పడకిల్లు,పడక,Telugu,600 CE - present
పడకిల్లు,ఇల్లు,Telugu,600 CE - present
శాలువ,شال,Persian,1000 CE - present
శాలువ,शाटी,Sanskrit,1500 BCE - present (liturgical/classical)
ఎదగొడ్డు,ఎద,Telugu,600 CE - present
ఎదగొడ్డు,గొడ్డు,Telugu,600 CE - present
బల్లపురుగు,బల్ల,Telugu,600 CE - present
బల్లపురుగు,పురుగు,Telugu,600 CE - present
బల్లకట్టు,బల్ల,Telugu,600 CE - present
బల్లకట్టు,కట్టు,Telugu,600 CE - present
మామిడిపల్లి,మామిడి,Telugu,600 CE - present
మామిడిపల్లి,పల్లి,Telugu,600 CE - present
పల్లి,*paḷḷ-i,Proto-Dravidian,3000 BCE - 1500 BCE (disputed)
చింతపల్లి,చింత,Telugu,600 CE - present
చింతపల్లి,పల్లి,Telugu,600 CE - present
కొండపల్లి,కొండ,Telugu,600 CE - present
కొండపల్లి,పల్లి,Telugu,600 CE - present
ప్రత్తిపాడు,ప్రత్తి,Telugu,600 CE - present
ప్రత్తిపాడు,పాడు,Telugu,600 CE - present
బీరపువ్వు,బీర,Telugu,600 CE - present
బీరపువ్వు,పువ్వు,Telugu,600 CE - present
అరటితోట,అరటి,Telugu,600 CE - present
అరటితోట,తోట,Telugu,600 CE - present
అరటిపువ్వు,అరటి,Telugu,600 CE - present
అరటిపువ్వు,పువ్వు,Telugu,600 CE - present
బ్రహ్మపురాణము,బ్రహ్మ,Telugu,600 CE - present
బ్రహ్మపురాణము,పురాణము,Telugu,600 CE - present
బ్రహ్మపుత్రుడు,బ్రహ్మ,Telugu,600 CE - present
బ్రహ్మపుత్రుడు,పుత్రుడు,Telugu,600 CE - present
నవ్యము,नव्य,Sanskrit,1500 BCE - present (liturgical/classical)
రాయలసీమ,రాయల,Telugu,600 CE - present
రాయలసీమ,సీమ,Telugu,600 CE - present
సీమకొండ,సీమ,Telugu,600 CE - present
సీమకొండ,కొండ,Telugu,600 CE - present
సీమచింత,సీమ,Telugu,600 CE - present
సీమచింత,చింత,Telugu,600 CE - present
రామగిరి,రామ,Telugu,600 CE - present
రామగిరి,గిరి,Telugu,600 CE - present
హిమగిరి,హిమ,Telugu,600 CE - present
హిమగిరి,గిరి,Telugu,600 CE - present
శవము,शव,Sanskrit,1500 BCE - present (liturgical/classical)
విచ్చుకత్తి,విచ్చు,Telugu,600 CE - present
విచ్చుకత్తి,కత్తి,Telugu,600 CE - present
కాన్లీ,Conley,English,1550 CE - present
ఎవ్వాడు,ఏ,Telugu,600 CE - present
ఎవ్వాడు,వాడు,Telugu,600 CE - present
బుద్ధి,बुद्धि,Sanskrit,1500 BCE - present (liturgical/classical)
బుద్బుదము,बुद्बुद,Sanskrit,1500 BCE - present (liturgical/classical)
స్థలి,स्थल,Sanskrit,1500 BCE - present (liturgical/classical)
స్థాపన,स्थापन,Sanskrit,1500 BCE - present (liturgical/classical)
హాని,हानि,Sanskrit,1500 BCE - present (liturgical/classical)
నారాయణపేట,नारायण,Sanskrit,1500 BCE - present (liturgical/classical)
రామకోటిపురం,राम,Sanskrit,1500 BCE - present (liturgical/classical)
శివరామపురం,शिव,Sanskrit,1500 BCE - present (liturgical/classical)
శ్రీనివాసపురం,श्री,Sanskrit,1500 BCE - present (liturgical/classical)
ఏరు,*cēr,Proto-Dravidian,3000 BCE - 1500 BCE (disputed)
ఏరు,*yāṯu,Proto-Dravidian,3000 BCE - 1500 BCE (disputed)
శివగిరి,शिव,Sanskrit,1500 BCE - present (liturgical/classical)
సత్పథము,సత్,Telugu,600 CE - present
సత్పథము,పథము,Telugu,600 CE - present
జాబిల్లి,జాను,Telugu,600 CE - present
జాబిల్లి,పిల్లి,Telugu,600 CE - present
లక్ష్మీపురం,लक्ष्मी,Sanskrit,1500 BCE - present (liturgical/classical)
వయసు,वयस्,Sanskrit,1500 BCE - present (liturgical/classical)
ఆయన,ఆ,Telugu,600 CE - present
ఆయన,అన్న,Telugu,600 CE - present
మనోహరుడు,मनोहर,Sanskrit,1500 BCE - present (liturgical/classical)
ఆడమనిషి,ఆడ,Telugu,600 CE - present
ఆడమనిషి,మనిషి,Telugu,600 CE - present
కీర్తి,कीर्ति,Sanskrit,1500 BCE - present (liturgical/classical)
అగ్రము,अग्र,Sanskrit,1500 BCE - present (liturgical/classical)
శిఖరాగ్రము,शिखर,Sanskrit,1500 BCE - present (liturgical/classical)
అగ్రజుడు,अग्रज,Sanskrit,1500 BCE - present (liturgical/classical)
తగరపువలస,తగరపు,Telugu,600 CE - present
తగరపువలస,వలస,Telugu,600 CE - present
గంధకారి,गन्धकारी,Sanskrit,1500 BCE - present (liturgical/classical)
గంధి,गन्धि,Sanskrit,1500 BCE - present (liturgical/classical)
సుధాపాణి,सुधापाणि,Sanskrit,1500 BCE - present (liturgical/classical)
రుద్రాణి,रुद्राणी,Sanskrit,1500 BCE - present (liturgical/classical)
రాజ్ఞి,राज्ञी,Sanskrit,1500 BCE - present (liturgical/classical)
రాణి,𑘨𑘰𑘜𑘲,Old Marathi,not available
రాణి,राज्ञी,Sanskrit,1500 BCE - present (liturgical/classical)
వైద్యుడు,वैद्य,Sanskrit,1500 BCE - present (liturgical/classical)
క్షీరాబ్ధి,क्षीराब्धि,Sanskrit,1500 BCE - present (liturgical/classical)
రక్షణ,रक्षणा,Sanskrit,1500 BCE - present (liturgical/classical)
రక్షించు,रक्षति,Sanskrit,1500 BCE - present (liturgical/classical)
పందిమాంసము,పంది,Telugu,600 CE - present
పందిమాంసము,మాంసము,Telugu,600 CE - present
అన్నపూర్ణ,अन्नपूर्णा,Sanskrit,1500 BCE - present (liturgical/classical)
రాక్షసి,राक्षसी,Sanskrit,1500 BCE - present (liturgical/classical)
కుంతి,कुन्ती,Sanskrit,1500 BCE - present (liturgical/classical)
నాగకేసరము,नागकेसर,Sanskrit,1500 BCE - present (liturgical/classical)
నంబరు,number,English,1550 CE - present
పూర్వము,पूर्व,Sanskrit,1500 BCE - present (liturgical/classical)
కుల్య,कुल्या,Sanskrit,1500 BCE - present (liturgical/classical)
సృష్టి,सृष्टि,Sanskrit,1500 BCE - present (liturgical/classical)
భ్రాంతి,भ्रान्ति,Sanskrit,1500 BCE - present (liturgical/classical)
లాభము,लाभ,Sanskrit,1500 BCE - present (liturgical/classical)
పునర్జన్మ,పునః,Telugu,600 CE - present
పునర్జన్మ,జన్మ,Telugu,600 CE - present
జన్మభూమి,जन्मभूमि,Sanskrit,1500 BCE - present (liturgical/classical)
శాఖ,शाखा,Sanskrit,1500 BCE - present (liturgical/classical)
ప్లవము,प्लव,Sanskrit,1500 BCE - present (liturgical/classical)
రోహిణి,रोहिणी,Sanskrit,1500 BCE - present (liturgical/classical)
లజ్జ,लज्जा,Sanskrit,1500 BCE - present (liturgical/classical)
అర్పణ,अर्पण,Sanskrit,1500 BCE - present (liturgical/classical)
లలిత,ललित,Sanskrit,1500 BCE - present (liturgical/classical)
లవంగము,लवंग,Sanskrit,1500 BCE - present (liturgical/classical)
మరకతము,मरकत,Sanskrit,1500 BCE - present (liturgical/classical)
పాలపిట్ట,పాలు,Telugu,600 CE - present
పాలపిట్ట,పిట్ట,Telugu,600 CE - present
లాలస,लालस,Sanskrit,1500 BCE - present (liturgical/classical)
లావణ్య,लावण्य,Sanskrit,1500 BCE - present (liturgical/classical)
జోలపాట,జోల,Telugu,600 CE - present
జోలపాట,పాట,Telugu,600 CE - present
క్షోభ,क्षोभ,Sanskrit,1500 BCE - present (liturgical/classical)
ఉద్రము,उद्र,Sanskrit,1500 BCE - present (liturgical/classical)
ఉద్రము,*udrós,Proto-Indo-European,4500 BCE - 2500 BCE
ముష్టిచెట్టు,ముష్టి,Telugu,600 CE - present
ముష్టిచెట్టు,చెట్టు,Telugu,600 CE - present
వీరపత్ని,వీర,Telugu,600 CE - present
వీరపత్ని,పత్ని,Telugu,600 CE - present
వీర,वीर,Sanskrit,1500 BCE - present (liturgical/classical)
వీర,*wīrás,Proto-Indo-Iranian,2200 BCE - 1800 BCE
వీర,*wiHrós,Proto-Indo-European,4500 BCE - 2500 BCE
పినతండ్రి,పిన,Telugu,600 CE - present
పినతండ్రి,తండ్రి,Telugu,600 CE - present
పిపాస,पिपासा,Sanskrit,1500 BCE - present (liturgical/classical)
పినతల్లి,పిన,Telugu,600 CE - present
పినతల్లి,తల్లి,Telugu,600 CE - present
పినాకిని,पिनाकिनी,Sanskrit,1500 BCE - present (liturgical/classical)
పిప్పలము,पिप्पल,Sanskrit,1500 BCE - present (liturgical/classical)
ప్రాతఃకాలము,ప్రాతః,Telugu,600 CE - present
ప్రాతఃకాలము,కాలము,Telugu,600 CE - present
ప్రాయిల్లు,ప్రా,Telugu,600 CE - present
ప్రాయిల్లు,ఇల్లు,Telugu,600 CE - present
అద్దెయిల్లు,అద్దె,Telugu,600 CE - present
అద్దెయిల్లు,ఇల్లు,Telugu,600 CE - present
ఇంటిగుట్టు,ఇంటి,Telugu,600 CE - present
ఇంటిగుట్టు,గుట్టు,Telugu,600 CE - present
డోలోత్సవము,డోల,Telugu,600 CE - present
డోలోత్సవము,ఉత్సవము,Telugu,600 CE - present
అః,అ,Telugu,600 CE - present
అః,ః,Telugu,600 CE - present
ఎల్లుండి,ఎల్లి,Telugu,600 CE - present
ఎల్లుండి,ఉండి,Telugu,600 CE - present
ఎల్లరాయి,ఎల్ల,Telugu,600 CE - present
ఎల్లరాయి,రాయి,Telugu,600 CE - present
ఎలికపాషాణము,ఎలిక,Telugu,600 CE - present
ఎలికపాషాణము,పాషాణము,Telugu,600 CE - present
అప్పుడప్పుడు,అప్పుడు,Telugu,600 CE - present
పూసలవాడు,పూసల,Telugu,600 CE - present
పూసలవాడు,వాడు,Telugu,600 CE - present
ఈవిడ,ఈ,Telugu,600 CE - present
ఈవిడ,బిడ్డ,Telugu,600 CE - present
అరవము,அருவா,Tamil,300 BCE - present
అడుగుజాడ,అడుగు,Telugu,600 CE - present
అడుగుజాడ,జాడ,Telugu,600 CE - present
చేపట్టు,చే,Telugu,600 CE - present
చేపట్టు,పట్టు,Telugu,600 CE - present
తేయాకు,తే,Telugu,600 CE - present
తేయాకు,ఆకు,Telugu,600 CE - present
నిమ్నోన్నతము,నిమ్నము,Telugu,600 CE - present
నిమ్నోన్నతము,ఉన్నతము,Telugu,600 CE - present
చరాస్తి,చర,Telugu,600 CE - present
చరాస్తి,ఆస్తి,Telugu,600 CE - present
ఆసుకోవి,ఆసు,Telugu,600 CE - present
ఆసుకోవి,కోవి,Telugu,600 CE - present
ఆసుమాను,ఆసు,Telugu,600 CE - present
ఆసుమాను,మాను,Telugu,600 CE - present
ఇంకి,ink,English,1550 CE - present
ఇంకి,enque,Old French,800 CE - 1400 CE
ఇంకి,encaustum,Latin,700 BCE - 500 CE
ఇంకి,ἔγκαυστον,Ancient Greek,1500 BCE - 300 BCE
చిన్నచెల్లెలు,చిన్న,Telugu,600 CE - present
చిన్నచెల్లెలు,చెల్లెలు,Telugu,600 CE - present
పెద్దచెల్లెలు,పెద్ద,Telugu,600 CE - present
పెద్దచెల్లెలు,చెల్లెలు,Telugu,600 CE - present
సహగమనము,సహ,Telugu,600 CE - present
సహగమనము,గమనము,Telugu,600 CE - present
మేడిపండు,మేడి,Telugu,600 CE - present
మేడిపండు,పండు,Telugu,600 CE - present
అత్తెసరు,అత్తు,Telugu,600 CE - present
అత్తెసరు,ఎసరు,Telugu,600 CE - present
సేవకుడు,सेवक,Sanskrit,1500 BCE - present (liturgical/classical)
మానవ,मानव,Sanskrit,1500 BCE - present (liturgical/classical)
మనుష్యుడు,मनुष्य,Sanskrit,1500 BCE - present (liturgical/classical)
అద్రికాకము,అద్రి,Telugu,600 CE - present
అద్రికాకము,కాకము,Telugu,600 CE - present
కుక్కగొర్రె,కుక్క,Telugu,600 CE - present
కుక్కగొర్రె,గొర్రె,Telugu,600 CE - present
ఔనౌను,ఔను,Telugu,600 CE - present
స్టాంపు,stamp,English,1550 CE - present
తపాలాబిళ్ల,తపాలా,Telugu,600 CE - present
తపాలాబిళ్ల,బిళ్ల,Telugu,600 CE - present
జెరూసలేం,Jerusalem,English,1550 CE - present
ఇజ్రాయిల్,Israel,Middle English,1150 CE - 1500 CE
ఇజ్రాయిల్,Israel,Latin,700 BCE - 500 CE
ఇజ్రాయిల్,Ἰσραήλ,Ancient Greek,1500 BCE - 300 BCE
ఇజ్రాయిల్,יִשְׂרָאֵל,Hebrew,900 BCE - 500 CE
చారలగుర్రము,చారల,Telugu,600 CE - present
చారలగుర్రము,గుర్రము,Telugu,600 CE - present
పోలీసు,police,English,1550 CE - present
పోలీసు,police,Middle French,1340 CE - 1610 CE
పోలీసు,politia,Latin,700 BCE - 500 CE
పోలీసు,πολιτεία,Ancient Greek,1500 BCE - 300 BCE
సోడియము,sodium,English,1550 CE - present
పొటాషియము,potassium,English,1550 CE - present
లిథియము,lithium,English,1550 CE - present
పెసరపప్పు,పెసర,Telugu,600 CE - present
పెసరపప్పు,పప్పు,Telugu,600 CE - present
పెసరచేను,పెసర,Telugu,600 CE - present
పెసరచేను,చేను,Telugu,600 CE - present
ముష్కము,मुष्क,Sanskrit,1500 BCE - present (liturgical/classical)
మువ్వన్నె,మూడు,Telugu,600 CE - present
మువ్వన్నె,వన్నె,Telugu,600 CE - present
పసుపుతాడు,పసుపు,Telugu,600 CE - present
పసుపుతాడు,తాడు,Telugu,600 CE - present
జపాను,Japan,Dutch,1500 CE - present
చీనాపంచదార,చీనా,Telugu,600 CE - present
చీనాపంచదార,పంచదార,Telugu,600 CE - present
చీనా,चीन,Sanskrit,1500 BCE - present (liturgical/classical)
ఐర్లాండు,Ireland,English,1550 CE - present
ఐర్లాండు,Éire,Irish,not available
పంచభక్ష్యములు,పంచ,Telugu,600 CE - present
పంచభక్ష్యములు,భక్ష్యములు,Telugu,600 CE - present
అష్టభోగములు,అష్ట,Telugu,600 CE - present
అష్టభోగములు,భోగములు,Telugu,600 CE - present
అష్టదిక్కులు,అష్ట,Telugu,600 CE - present
అష్టదిక్కులు,దిక్కులు,Telugu,600 CE - present
అష్టదిక్పాలకులు,అష్ట,Telugu,600 CE - present
అష్టదిక్పాలకులు,దిక్పాలకులు,Telugu,600 CE - present
అష్టపాత్రములు,అష్ట,Telugu,600 CE - present
అష్టపాత్రములు,పాత్రములు,Telugu,600 CE - present
సంఖ్య,सांख्य,Sanskrit,1500 BCE - present (liturgical/classical)
కన్నమువేయు,కన్నము,Telugu,600 CE - present
కన్నమువేయు,వేయు,Telugu,600 CE - present
కన్నబిడ్డ,కన్న,Telugu,600 CE - present
కన్నబిడ్డ,బిడ్డ,Telugu,600 CE - present
కన్నతండ్రి,కన్న,Telugu,600 CE - present
కన్నతండ్రి,తండ్రి,Telugu,600 CE - present
కన్నతల్లి,కన్న,Telugu,600 CE - present
కన్నతల్లి,తల్లి,Telugu,600 CE - present
బెరీలియము,beryllium,English,1550 CE - present
మెగ్నీషియము,magnesium,English,1550 CE - present
గుడిప్రదక్షిణము,గుడి,Telugu,600 CE - present
గుడిప్రదక్షిణము,ప్రదక్షిణము,Telugu,600 CE - present
పడుపుకొమ్మ,పడుపు,Telugu,600 CE - present
పడుపుకొమ్మ,కొమ్మ,Telugu,600 CE - present
పడుపుకూడు,పడుపు,Telugu,600 CE - present
పడుపుకూడు,కూడు,Telugu,600 CE - present
భక్తసులభుడు,భక్త,Telugu,600 CE - present
భక్తసులభుడు,సులభుడు,Telugu,600 CE - present
త్రాగుబోతు,త్రాగు,Telugu,600 CE - present
త్రాగుబోతు,పోతు,Telugu,600 CE - present
హీలియము,helium,English,1550 CE - present
బోరాను,boron,English,1550 CE - present
ఫ్లోరీను,fluorine,English,1550 CE - present
నియాను,neon,English,1550 CE - present
ఎగదువ్వు,ఎగ,Telugu,600 CE - present
ఎగదువ్వు,దువ్వు,Telugu,600 CE - present
ఎగగ్రోలు,ఎగ,Telugu,600 CE - present
ఎగగ్రోలు,గ్రోలు,Telugu,600 CE - present
ఎగదన్ను,ఎగ,Telugu,600 CE - present
ఎగదన్ను,తన్ను,Telugu,600 CE - present
ఎగబ్రాకు,ఎగ,Telugu,600 CE - present
ఎగబ్రాకు,ప్రాకు,Telugu,600 CE - present
ఎగజల్లు,ఎగ,Telugu,600 CE - present
ఎగజల్లు,జల్లు,Telugu,600 CE - present
ఎక్కువతక్కువ,ఎక్కువ,Telugu,600 CE - present
ఎక్కువతక్కువ,తక్కువ,Telugu,600 CE - present
అల్యూమినియము,aluminium,English,1550 CE - present
సిలికాను,silicon,English,1550 CE - present
క్లోరిను,chlorine,English,1550 CE - present
క్లోరిను,χλωρός,Ancient Greek,1500 BCE - 300 BCE
ఆర్గాను,argon,English,1550 CE - present
కాల్షియము,calcium,English,1550 CE - present
గ్రద్ద,गृध्र,Sanskrit,1500 BCE - present (liturgical/classical)
రాహుకేతులు,రాహువు,Telugu,600 CE - present
రాహుకేతులు,కేతువు,Telugu,600 CE - present
నిద్ర,निद्रा,Sanskrit,1500 BCE - present (liturgical/classical)
శీఘ్రము,शीघ्र,Sanskrit,1500 BCE - present (liturgical/classical)
వారణాసి,वाराणसी,Sanskrit,1500 BCE - present (liturgical/classical)
వారణాసి,వరణ,Telugu,600 CE - present
వారణాసి,అసి,Telugu,600 CE - present
సోడా,soda,Italian,1400 CE - present
సోడా,سُوَّاد,Arabic,600 CE - present
పరి,परि,Sanskrit,1500 BCE - present (liturgical/classical)
టెన్నిసు,tennis,English,1550 CE - present
టెలిఫోను,telephone,English,1550 CE - present
టెలిఫోను,téléphone,French,1600 CE - present
టెలిఫోను,τῆλε,Ancient Greek,1500 BCE - 300 BCE
బహు,बहु,Sanskrit,1500 BCE - present (liturgical/classical)
పటాలము,battalion,English,1550 CE - present
చుట్టుకొలత,చుట్టు,Telugu,600 CE - present
చుట్టుకొలత,కొలత,Telugu,600 CE - present
కోలాటము,కోల,Telugu,600 CE - present
కోలాటము,ఆట,Telugu,600 CE - present
ముద్దరాలు,ముద్ద,Telugu,600 CE - present
ముద్దరాలు,ర,Telugu,600 CE - present
ముద్దరాలు,ఆలు,Telugu,600 CE - present
ఆకుచాటుపిందియ,ఆకు,Telugu,600 CE - present
ఆకుచాటుపిందియ,చాటు,Telugu,600 CE - present
ఆకుచాటుపిందియ,పిందియ,Telugu,600 CE - present
ఖనకుడు,खनक,Sanskrit,1500 BCE - present (liturgical/classical)
ఊరపంది,ఊర,Telugu,600 CE - present
ఊరపంది,పంది,Telugu,600 CE - present
తాటికాయ,తాటి,Telugu,600 CE - present
తాటికాయ,కాయ,Telugu,600 CE - present
పదియేడు,పది,Telugu,600 CE - present
పదియేడు,ఏడు,Telugu,600 CE - present
స్కాండియము,scandium,English,1550 CE - present
టైటానియము,titanium,English,1550 CE - present
క్రోమియము,chromium,English,1550 CE - present
ఎర్రపోతమ్మ,ఎర్ర,Telugu,600 CE - present
ఎర్రపోతమ్మ,పోతమ్మ,Telugu,600 CE - present
తాతమ్మ,తాత,Telugu,600 CE - present
తాతమ్మ,అమ్మ,Telugu,600 CE - present
పోలేరమ్మ,పోలు,Telugu,600 CE - present
పోలేరమ్మ,ఏరు,Telugu,600 CE - present
పోలేరమ్మ,అమ్మ,Telugu,600 CE - present
బువ్వమ్మ,బువ్వ,Telugu,600 CE - present
బువ్వమ్మ,అమ్మ,Telugu,600 CE - present
మలయమ్మ,మల,Telugu,600 CE - present
మలయమ్మ,అమ్మ,Telugu,600 CE - present
మాచకమ్మ,మాచ,Telugu,600 CE - present
మాచకమ్మ,అక,Telugu,600 CE - present
మాచకమ్మ,అమ్మ,Telugu,600 CE - present
ముసలమ్మ,ముసలి,Telugu,600 CE - present
ముసలమ్మ,అమ్మ,Telugu,600 CE - present
క్రయవిక్రయములు,క్రయము,Telugu,600 CE - present
క్రయవిక్రయములు,విక్రయము,Telugu,600 CE - present
ప్రదేశము,प्रदेश,Sanskrit,1500 BCE - present (liturgical/classical)
రమ్ము,rum,English,1550 CE - present
బీరు,beer,English,1550 CE - present
బీరుపోవు,బీరు,Telugu,600 CE - present
బీరుపోవు,పోవు,Telugu,600 CE - present
బహువ్రీహి,बहुव्रीहि,Sanskrit,1500 BCE - present (liturgical/classical)
స్నేహితురాలు,स्नेहित,Sanskrit,1500 BCE - present (liturgical/classical)
ఇల్లాలు,ఇల్లు,Telugu,600 CE - present
ఇల్లాలు,ఆలు,Telugu,600 CE - present
శ్రమ,श्रम,Sanskrit,1500 BCE - present (liturgical/classical)
పేదరాలు,పేద,Telugu,600 CE - present
పేదరాలు,ర,Telugu,600 CE - present
పేదరాలు,ఆలు,Telugu,600 CE - present
పేదవాడు,పేద,Telugu,600 CE - present
పేదవాడు,వాడు,Telugu,600 CE - present
హోర,होरा,Sanskrit,1500 BCE - present (liturgical/classical)
హోర,ὥρα,Ancient Greek,1500 BCE - 300 BCE
పండుటాకు,పండు,Telugu,600 CE - present
పండుటాకు,ఆకు,Telugu,600 CE - present
ఏలికసాని,ఏలిక,Telugu,600 CE - present
ఏలికసాని,సాని,Telugu,600 CE - present
దొరసాని,దొర,Telugu,600 CE - present
దొరసాని,సాని,Telugu,600 CE - present
శ్రీనగర్,श्री,Sanskrit,1500 BCE - present (liturgical/classical)
చీపురుకట్ట,చీపురు,Telugu,600 CE - present
చీపురుకట్ట,కట్ట,Telugu,600 CE - present
దుమ్ముగూడెం,దుమ్ము,Telugu,600 CE - present
దుమ్ముగూడెం,గూడెం,Telugu,600 CE - present
యూరోపియను,European,English,1550 CE - present
లండను,London,English,1550 CE - present
ద్రావిడ,द्राविड,Sanskrit,1500 BCE - present (liturgical/classical)
నాడు,*nāṭu,Proto-Dravidian,3000 BCE - 1500 BCE (disputed)
ఆకాశనీలం,आकाश,Sanskrit,1500 BCE - present (liturgical/classical)
నీలిమందు,నీలి,Telugu,600 CE - present
నీలిమందు,మందు,Telugu,600 CE - present
పేకమేడ,పేక,Telugu,600 CE - present
పేకమేడ,మేడ,Telugu,600 CE - present
మహాలయము,మహా,Telugu,600 CE - present
మహాలయము,లయము,Telugu,600 CE - present
ఇనస్పెక్టరు,inspector,English,1550 CE - present
రిబ్బను,ribbon,English,1550 CE - present
రబ్బరు,rubber,English,1550 CE - present
చెవిపోటు,చెవి,Telugu,600 CE - present
చెవిపోటు,పోటు,Telugu,600 CE - present
గయ,गया,Sanskrit,1500 BCE - present (liturgical/classical)
అత్రి,अत्रि,Sanskrit,1500 BCE - present (liturgical/classical)
సెంచరీ,century,English,1550 CE - present
బౌండరీ,boundary,English,1550 CE - present
ఔటు,out,English,1550 CE - present
కల్లూరు,కల్లు,Telugu,600 CE - present
కల్లూరు,ఊరు,Telugu,600 CE - present
సిల్వరు,silver,English,1550 CE - present
వెండికొండ,వెండి,Telugu,600 CE - present
వెండికొండ,కొండ,Telugu,600 CE - present
పుట్టినరోజు,పుట్టిన,Telugu,600 CE - present
పుట్టినరోజు,రోజు,Telugu,600 CE - present
ద్రాక్షచక్కెర,ద్రాక్ష,Telugu,600 CE - present
ద్రాక్షచక్కెర,చక్కెర,Telugu,600 CE - present
పండ్లచక్కెర,పండ్ల,Telugu,600 CE - present
పండ్లచక్కెర,చక్కెర,Telugu,600 CE - present
కొదమసింగము,కొదమ,Telugu,600 CE - present
కొదమసింగము,సింగము,Telugu,600 CE - present
విచారణకర్త,విచారణ,Telugu,600 CE - present
విచారణకర్త,కర్త,Telugu,600 CE - present
మలమలమరుగు,మలమల,Telugu,600 CE - present
మలమలమరుగు,మరుగు,Telugu,600 CE - present
మలమలమాడు,మలమల,Telugu,600 CE - present
మలమలమాడు,మాడు,Telugu,600 CE - present
ముక్కాలిపీట,మూడు,Telugu,600 CE - present
ముక్కాలిపీట,కాలి,Telugu,600 CE - present
ముక్కాలిపీట,పీట,Telugu,600 CE - present
ముమ్మారు,మూడు,Telugu,600 CE - present
ముమ్మారు,మారు,Telugu,600 CE - present
ముమ్మూడు,మూడు,Telugu,600 CE - present
మూడుమూళ్లు,మూడు,Telugu,600 CE - present
మూడుమూళ్లు,మూళ్లు,Telugu,600 CE - present
కొట్టము,गोष्ठ,Sanskrit,1500 BCE - present (liturgical/classical)
కొట్టము,*kōṭṭ-ay,Proto-Dravidian,3000 BCE - 1500 BCE (disputed)
ఇత్యాది,ఇతి,Telugu,600 CE - present
ఇత్యాది,ఆది,Telugu,600 CE - present
శకము,शक,Sanskrit,1500 BCE - present (liturgical/classical)
ఎయిడ్స్,AIDS,English,1550 CE - present
బోర్డు,board,English,1550 CE - present
రైటరు,writer,English,1550 CE - present
ప్లాటినము,platinum,English,1550 CE - present
ఘటన,घटना,Sanskrit,1500 BCE - present (liturgical/classical)
నాగులచవితి,నాగుల,Telugu,600 CE - present
నాగులచవితి,చవితి,Telugu,600 CE - present
ఎర్ర జెండా,ఎర్ర,Telugu,600 CE - present
ఎర్ర జెండా,జెండా,Telugu,600 CE - present
ఎర్ర,*er,Proto-Dravidian,3000 BCE - 1500 BCE (disputed)
ఎర్ర,*eṟur̤,Proto-Dravidian,3000 BCE - 1500 BCE (disputed)
లక్కవరం,లక్క,Telugu,600 CE - present
లక్కవరం,వరం,Telugu,600 CE - present
కథాసరిత్సాగరము,कथासरित्सागर,Sanskrit,1500 BCE - present (liturgical/classical)
పుంగవము,పుం,Telugu,600 CE - present
పుంగవము,గవము,Telugu,600 CE - present
నిశాని,निशान,Hindi,not available
నిశాని,نشان,Urdu,not available
నిశాని,نشان,Persian,1000 CE - present
పెద్దాపురము,పెద్ద,Telugu,600 CE - present
పెద్దాపురము,పురము,Telugu,600 CE - present
కావలివాడు,కావలి,Telugu,600 CE - present
కావలివాడు,వాడు,Telugu,600 CE - present
తురుతు,द्रुत,Sanskrit,1500 BCE - present (liturgical/classical)
తురుతు,तुरत्,Sanskrit,1500 BCE - present (liturgical/classical)
తురుతు,तुरंत,Prakrit,500 BCE - 1000 CE
నెమ్మది,నెర,Telugu,600 CE - present
నెమ్మది,మది,Telugu,600 CE - present
సంగోరు,సగము,Telugu,600 CE - present
సంగోరు,కోరు,Telugu,600 CE - present
గుణవంతురాలు,గుణవంత,Telugu,600 CE - present
గుణవంతురాలు,ఆలు,Telugu,600 CE - present
ధీరురాలు,ధీర,Telugu,600 CE - present
ధీరురాలు,ర,Telugu,600 CE - present
ధీరురాలు,ఆలు,Telugu,600 CE - present
బాలింతరాలు,బాలింత,Telugu,600 CE - present
బాలింతరాలు,ర,Telugu,600 CE - present
బాలింతరాలు,ఆలు,Telugu,600 CE - present
గొడ్డురాలు,గొడ్డు,Telugu,600 CE - present
గొడ్డురాలు,ఆలు,Telugu,600 CE - present
మోటార్ సైకిల్,motorcycle,English,1550 CE - present
వేములవాడ,వేముల,Telugu,600 CE - present
వేములవాడ,వాడ,Telugu,600 CE - present
ప్రదేశ్,प्रदेश,Sanskrit,1500 BCE - present (liturgical/classical)
అగపడు,అగ్గము,Telugu,600 CE - present
అగపడు,పడు,Telugu,600 CE - present
పగలు,*pakal,Proto-Dravidian,3000 BCE - 1500 BCE (disputed)
ఉప్పుచేప,ఉప్పు,Telugu,600 CE - present
ఉప్పుచేప,చేప,Telugu,600 CE - present
ఉప్పుపర్ర,ఉప్పు,Telugu,600 CE - present
ఉప్పుపర్ర,పర్ర,Telugu,600 CE - present
తనువు,तनू,Sanskrit,1500 BCE - present (liturgical/classical)
కాశి,काशि,Sanskrit,1500 BCE - present (liturgical/classical)
శూద్రురాలు,శూద్ర,Telugu,600 CE - present
శూద్రురాలు,ర,Telugu,600 CE - present
శూద్రురాలు,ఆలు,Telugu,600 CE - present
ఆయా,aia,Portuguese,1516 CE - present
అందాజు,اندازه,Classical Persian,800 CE - 1900 CE
అలగా,अलग,Hindi,not available
మంచివాడు,మంచి,Telugu,600 CE - present
మంచివాడు,వాడు,Telugu,600 CE - present
రావిపాటివారు,రావిపాడు,Telugu,600 CE - present
రావిపాటివారు,వారు,Telugu,600 CE - present
అక్కసముద్రం,అక్క,Telugu,600 CE - present
అక్కసముద్రం,సముద్రం,Telugu,600 CE - present
అల్లంపాడు,అల్లం,Telugu,600 CE - present
అల్లంపాడు,పాడు,Telugu,600 CE - present
సంజ్ఞ,संज्ञा,Sanskrit,1500 BCE - present (liturgical/classical)
మహాధమని,మహా,Telugu,600 CE - present
మహాధమని,ధమని,Telugu,600 CE - present
చిన్నక్క,చిన్న,Telugu,600 CE - present
చిన్నక్క,అక్క,Telugu,600 CE - present
ఒప్పులకుప్ప,ఒప్పుల,Telugu,600 CE - present
ఒప్పులకుప్ప,కుప్ప,Telugu,600 CE - present
పునర్నిర్మాణం,పునః,Telugu,600 CE - present
పునర్నిర్మాణం,నిర్మాణం,Telugu,600 CE - present
కారూరు,కారు,Telugu,600 CE - present
కారూరు,ఊరు,Telugu,600 CE - present
మణుగూరు,మణుగు,Telugu,600 CE - present
మణుగూరు,ఊరు,Telugu,600 CE - present
రసీదు,رسید,Persian,1000 CE - present
రశీదు,receipt,English,1550 CE - present
ఘనుడు,घन,Sanskrit,1500 BCE - present (liturgical/classical)
రుబ్బురాయి,రుబ్బు,Telugu,600 CE - present
రుబ్బురాయి,రాయి,Telugu,600 CE - present
వానరాయి,వాన,Telugu,600 CE - present
వానరాయి,రాయి,Telugu,600 CE - present
గోరువెచ్చని,గోరు,Telugu,600 CE - present
గోరువెచ్చని,వెచ్చని,Telugu,600 CE - present
గ్రుడ్లగూబ,గ్రుడ్ల,Telugu,600 CE - present
గ్రుడ్లగూబ,గూబ,Telugu,600 CE - present
నమ్మదగిన,నమ్ము,Telugu,600 CE - present
నమ్మదగిన,తగిన,Telugu,600 CE - present
నమ్మదగని,నమ్ము,Telugu,600 CE - present
నమ్మదగని,తగని,Telugu,600 CE - present
పెన్నిధి,పెను,Telugu,600 CE - present
పెన్నిధి,నిధి,Telugu,600 CE - present
పెంచుకొను,పెంచు,Telugu,600 CE - present
పెంచుకొను,కొను,Telugu,600 CE - present
పెనుకొండ,పెను,Telugu,600 CE - present
పెనుకొండ,కొండ,Telugu,600 CE - present
ఎవడు,ఏ,Telugu,600 CE - present
ఎవడు,వాడు,Telugu,600 CE - present
ఎచట,ఏ,Telugu,600 CE - present
ఎచట,చోటు,Telugu,600 CE - present
ఏది,ఏ,Telugu,600 CE - present
ఏది,అది,Telugu,600 CE - present
ఏదుము,ఏను,Telugu,600 CE - present
ఏదుము,తూము,Telugu,600 CE - present
ఏబలము,ఏను,Telugu,600 CE - present
ఏబలము,పలము,Telugu,600 CE - present
ఏవి,ఏ,Telugu,600 CE - present
ఏవి,అవి,Telugu,600 CE - present
ఎయ్యది,ఏ,Telugu,600 CE - present
ఎయ్యది,అది,Telugu,600 CE - present
ఏవాడు,ఏ,Telugu,600 CE - present
ఏవాడు,వాడు,Telugu,600 CE - present
ఏపె,ఏ,Telugu,600 CE - present
ఏపె,అప్ప,Telugu,600 CE - present
పార్టీ,party,English,1550 CE - present
తాజా,ताज़ा,Hindi,not available
పెద్దమెదడు,పెద్ద,Telugu,600 CE - present
పెద్దమెదడు,మెదడు,Telugu,600 CE - present
చిన్నమెదడు,చిన్న,Telugu,600 CE - present
చిన్నమెదడు,మెదడు,Telugu,600 CE - present
ఎముకల గూడు,ఎముకల,Telugu,600 CE - present
ఎముకల గూడు,గూడు,Telugu,600 CE - present
నాశము,नाश,Sanskrit,1500 BCE - present (liturgical/classical)
ఎనమందుము,ఎనిమిది,Telugu,600 CE - present
ఎనమందుము,తూము,Telugu,600 CE - present
ఇద్దుము,ఇరు,Telugu,600 CE - present
ఇద్దుము,తూము,Telugu,600 CE - present
తొమ్మందుము,తొమ్మిది,Telugu,600 CE - present
తొమ్మందుము,తూము,Telugu,600 CE - present
పందుము,పది,Telugu,600 CE - present
పందుము,తూము,Telugu,600 CE - present
ఇల్లము,ఇరు,Telugu,600 CE - present
ఇల్లము,పలము,Telugu,600 CE - present
అబ్బబ్బ,అబ్బ,Telugu,600 CE - present
నమకచమకములు,నమకము,Telugu,600 CE - present
నమకచమకములు,చమకము,Telugu,600 CE - present
ఆకాకర,ఆకు,Telugu,600 CE - present
ఆకాకర,కాకర,Telugu,600 CE - present
పొట్టికాకర,పొట్టి,Telugu,600 CE - present
పొట్టికాకర,కాకర,Telugu,600 CE - present
ప్రతిఘాతము,ప్రతి,Telugu,600 CE - present
ప్రతిఘాతము,ఘాతము,Telugu,600 CE - present
బారచాచు,బార,Telugu,600 CE - present
బారచాచు,చాచు,Telugu,600 CE - present
అంకురించు,अङ्कुर,Sanskrit,1500 BCE - present (liturgical/classical)
దుర్భాష,దుః,Telugu,600 CE - present
దుర్భాష,భాష,Telugu,600 CE - present
పునర్విచారణ,పునః,Telugu,600 CE - present
పునర్విచారణ,విచారణ,Telugu,600 CE - present
పునఃప్రతిష్ఠ,పునః,Telugu,600 CE - present
పునఃప్రతిష్ఠ,ప్రతిష్ఠ,Telugu,600 CE - present
పునరుక్తము,పునః,Telugu,600 CE - present
పునరుక్తము,ఉక్తము,Telugu,600 CE - present
ఉప్పొంగు,ఉబ్బు,Telugu,600 CE - present
ఉప్పొంగు,పొంగు,Telugu,600 CE - present
పునరుక్తి,పునః,Telugu,600 CE - present
పునరుక్తి,ఉక్తి,Telugu,600 CE - present
ప్రతిబింబము,ప్రతి,Telugu,600 CE - present
ప్రతిబింబము,బింబము,Telugu,600 CE - present
మీటింగు,meeting,English,1550 CE - present
బూటు,boot,English,1550 CE - present
బోటు,boat,English,1550 CE - present
బిల్లు,bill,English,1550 CE - present
రొమ్ముఎముక,రొమ్ము,Telugu,600 CE - present
రొమ్ముఎముక,ఎముక,Telugu,600 CE - present
కోలెమ్ము,కోల,Telugu,600 CE - present
కోలెమ్ము,ఎమ్ము,Telugu,600 CE - present
దున్నపోతు,దున్న,Telugu,600 CE - present
దున్నపోతు,పోతు,Telugu,600 CE - present
పోతుటేనుగు,పోతు,Telugu,600 CE - present
పోతుటేనుగు,ఏనుగు,Telugu,600 CE - present
నక్కపోతు,నక్క,Telugu,600 CE - present
నక్కపోతు,పోతు,Telugu,600 CE - present
ఆబోతు,ఆవు,Telugu,600 CE - present
ఆబోతు,పోతు,Telugu,600 CE - present
పోతుపిల్లి,పోతు,Telugu,600 CE - present
పోతుపిల్లి,పిల్లి,Telugu,600 CE - present
ఇర్రింక,ఇర్రి,Telugu,600 CE - present
ఇర్రింక,జింక,Telugu,600 CE - present
ఆరెచెట్టు,ఆరె,Telugu,600 CE - present
ఆరెచెట్టు,చెట్టు,Telugu,600 CE - present
పీఠము,पीठ,Sanskrit,1500 BCE - present (liturgical/classical)
వేటకుక్క,వేట,Telugu,600 CE - present
వేటకుక్క,కుక్క,Telugu,600 CE - present
ఝషము,झष,Sanskrit,1500 BCE - present (liturgical/classical)
ఘటీయంత్రము,घटी,Sanskrit,1500 BCE - present (liturgical/classical)
పయస్సు,पयस्,Sanskrit,1500 BCE - present (liturgical/classical)
దాహముతీర్చు,దాహము,Telugu,600 CE - present
దాహముతీర్చు,తీర్చు,Telugu,600 CE - present
నేతపలక,నేత,Telugu,600 CE - present
నేతపలక,పలక,Telugu,600 CE - present
నేయించు,నేయు,Telugu,600 CE - present
నేయించు,ఇంచు,Telugu,600 CE - present
నేతపురుగు,నేత,Telugu,600 CE - present
నేతపురుగు,పురుగు,Telugu,600 CE - present
సవ్యము,सव्य,Sanskrit,1500 BCE - present (liturgical/classical)
అట్లతద్దె,అట్ల,Telugu,600 CE - present
అట్లతద్దె,తద్దె,Telugu,600 CE - present
కామునిపండుగ,కాముని,Telugu,600 CE - present
కామునిపండుగ,పండుగ,Telugu,600 CE - present
కీర్తికాముడు,కీర్తి,Telugu,600 CE - present
కీర్తికాముడు,కాముడు,Telugu,600 CE - present
మహాపద్మము,మహా,Telugu,600 CE - present
మహాపద్మము,పద్మము,Telugu,600 CE - present
నూరుకోట్లు,నూరు,Telugu,600 CE - present
నూరుకోట్లు,కోట్లు,Telugu,600 CE - present
క్షితి,क्षिति,Sanskrit,1500 BCE - present (liturgical/classical)
పొంగూరు,పొంగు,Telugu,600 CE - present
పొంగూరు,ఊరు,Telugu,600 CE - present
పొంగారు,పొంగు,Telugu,600 CE - present
పొంగారు,ఆరు,Telugu,600 CE - present
వలకడ,వల,Telugu,600 CE - present
వలకడ,కడ,Telugu,600 CE - present
బలి,बलि,Sanskrit,1500 BCE - present (liturgical/classical)
మినపపప్పు,మినప,Telugu,600 CE - present
మినపపప్పు,పప్పు,Telugu,600 CE - present
ప్రసిద్ధి,प्रसिद्धि,Classical Sanskrit,500 BCE - 1000 CE
కురుచవేల్పు,కురుచ,Telugu,600 CE - present
కురుచవేల్పు,వేల్పు,Telugu,600 CE - present
ఎదురీదు,ఎదురు,Telugu,600 CE - present
ఎదురీదు,ఈదు,Telugu,600 CE - present
ఎదురేగు,ఎదురు,Telugu,600 CE - present
ఎదురేగు,ఏగు,Telugu,600 CE - present
ఎదురాడు,ఎదురు,Telugu,600 CE - present
ఎదురాడు,ఆడు,Telugu,600 CE - present
ఎదురీదుట,ఎదురు,Telugu,600 CE - present
ఎదురీదుట,ఈదు,Telugu,600 CE - present
తేలాడు,తేలు,Telugu,600 CE - present
తేలాడు,ఆడు,Telugu,600 CE - present
తాళముతీయు,తాళము,Telugu,600 CE - present
తాళముతీయు,తీయు,Telugu,600 CE - present
ఎక్కుపెట్టు,ఎక్కు,Telugu,600 CE - present
ఎక్కుపెట్టు,పెట్టు,Telugu,600 CE - present
కొండెక్కు,కొండ,Telugu,600 CE - present
కొండెక్కు,ఎక్కు,Telugu,600 CE - present
గుణమిచ్చు,గుణము,Telugu,600 CE - present
గుణమిచ్చు,ఇచ్చు,Telugu,600 CE - present
ముత్యమంత,ముత్యము,Telugu,600 CE - present
ముత్యమంత,అంత,Telugu,600 CE - present
పూబంతి,పూ,Telugu,600 CE - present
పూబంతి,బంతి,Telugu,600 CE - present
హారము,हार,Sanskrit,1500 BCE - present (liturgical/classical)
వసతి,वसति,Sanskrit,1500 BCE - present (liturgical/classical)
అష్టకము,अष्टक,Sanskrit,1500 BCE - present (liturgical/classical)
విషయము,विषय,Sanskrit,1500 BCE - present (liturgical/classical)
వైద్యశాల,वैद्य,Telugu,600 CE - present
వైద్యశాల,శాల,Telugu,600 CE - present
వెలుపల,వెలి,Telugu,600 CE - present
వెలుపల,పల,Telugu,600 CE - present
ఒకప్పుడు,ఒక,Telugu,600 CE - present
ఒకప్పుడు,అప్పుడు,Telugu,600 CE - present
ఒకటొకటిగా,ఒకటి,Telugu,600 CE - present
ఒకటొకటిగా,గా,Telugu,600 CE - present
ఒకటిచేయు,ఒకటి,Telugu,600 CE - present
ఒకటిచేయు,చేయు,Telugu,600 CE - present
రైల్వే,railway,English,1550 CE - present
బెల్జియము,Belgium,English,1550 CE - present
గ్రాహం,Graham,English,1550 CE - present
ఉత్సాహము,उत्साह,Sanskrit,1500 BCE - present (liturgical/classical)
గేహము,गेह,Sanskrit,1500 BCE - present (liturgical/classical)
పోరు,*pōr,Proto-Dravidian,3000 BCE - 1500 BCE (disputed)
సాల,शाला,Sanskrit,1500 BCE - present (liturgical/classical)
ఆస్ట్రియా,Ostarrîchi,Old High German,750 CE - 1050 CE
ఆస్ట్రియా,*austraz,Proto-Germanic,500 BCE - 500 CE
ఆస్ట్రియా,Marchia austriaca,Latin,700 BCE - 500 CE
సాలు,साल,Hindi,not available
సాలు,سال,Persian,1000 CE - present
మొక్కలువేయు,మొక్కలు,Telugu,600 CE - present
మొక్కలువేయు,వేయు,Telugu,600 CE - present
శర్కర,शर्करा,Sanskrit,1500 BCE - present (liturgical/classical)
కృతము,कृत,Sanskrit,1500 BCE - present (liturgical/classical)
వేటాడు,వేట,Telugu,600 CE - present
వేటాడు,ఆడు,Telugu,600 CE - present
చర్చి,church,English,1550 CE - present
ఇచ్చట,ఈ,Telugu,600 CE - present
ఇచ్చట,చోటు,Telugu,600 CE - present
ఇచట,ఈ,Telugu,600 CE - present
ఇచట,చోటు,Telugu,600 CE - present
కోటు,coat,English,1550 CE - present
బేలు,bale,English,1550 CE - present
ఊరేగు,ఊరు,Telugu,600 CE - present
ఊరేగు,ఏగు,Telugu,600 CE - present
నేయి,*ney,Proto-Dravidian,3000 BCE - 1500 BCE (disputed)
చిన్నయేరు,చిన్న,Telugu,600 CE - present
చిన్నయేరు,ఏరు,Telugu,600 CE - present
దీక్ష,दीक्षा,Sanskrit,1500 BCE - present (liturgical/classical)
పట్టంచు,పట్టు,Telugu,600 CE - present
పట్టంచు,అంచు,Telugu,600 CE - present
పట్టుబట్ట,పట్టు,Telugu,600 CE - present
పట్టుబట్ట,బట్ట,Telugu,600 CE - present
దాపుడుచీర,దాపుడు,Telugu,600 CE - present
దాపుడుచీర,చీర,Telugu,600 CE - present
దాదాపు,దాపు,Telugu,600 CE - present
మట్టుపెట్టు,మట్టు,Telugu,600 CE - present
మట్టుపెట్టు,పెట్టు,Telugu,600 CE - present
కేయూరము,केयूर,Sanskrit,1500 BCE - present (liturgical/classical)
మలయాళము,മലയാളം,Malayalam,1200 CE - present (disputed)
అరబ్బీ,अरबी,Hindi,not available
అరబ్బీ,عربی,Urdu,not available
అరబ్బీ,عربی,Classical Persian,800 CE - 1900 CE
అరబ్బీ,عَرَبِيّ,Arabic,600 CE - present
ఫిరంగి,فرنگی,Persian,1000 CE - present
ఫిరంగి,फ़िरंगी,Hindi,not available
ఫిరంగి,فرنگی,Urdu,not available
ఫిరంగి,franc,Old French,800 CE - 1400 CE
జన్మమెత్తు,జన్మము,Telugu,600 CE - present
జన్మమెత్తు,ఎత్తు,Telugu,600 CE - present
పుట్టిల్లు,పుట్టు,Telugu,600 CE - present
పుట్టిల్లు,ఇల్లు,Telugu,600 CE - present
పోరాట,పోరు,Telugu,600 CE - present
పోరాట,ఆట,Telugu,600 CE - present
పోరుపెట్టు,పోరు,Telugu,600 CE - present
పోరుపెట్టు,పెట్టు,Telugu,600 CE - present
పొడికొట్టు,పొడి,Telugu,600 CE - present
పొడికొట్టు,కొట్టు,Telugu,600 CE - present
మొక్కజొన్న,మొక్క,Telugu,600 CE - present
మొక్కజొన్న,జొన్న,Telugu,600 CE - present
మొలకెత్తు,మొలక,Telugu,600 CE - present
మొలకెత్తు,ఎత్తు,Telugu,600 CE - present
చకారము,చ,Telugu,600 CE - present
చకారము,కారము,Telugu,600 CE - present
తాను,*tāṉ,Proto-Dravidian,3000 BCE - 1500 BCE (disputed)
శాపము,शाप,Sanskrit,1500 BCE - present (liturgical/classical)
కాలంబు,काल,Sanskrit,1500 BCE - present (liturgical/classical)
ఇరుమూడు,ఇరు,Telugu,600 CE - present
ఇరుమూడు,మూడు,Telugu,600 CE - present
పదునయిదు,పది,Telugu,600 CE - present
పదునయిదు,అయిదు,Telugu,600 CE - present
పదునైదు,పది,Telugu,600 CE - present
పదునైదు,ఐదు,Telugu,600 CE - present
పదునయిదవ,పది,Telugu,600 CE - present
పదునయిదవ,అయిదవ,Telugu,600 CE - present
పదునైదవ,పది,Telugu,600 CE - present
పదునైదవ,ఐదవ,Telugu,600 CE - present
పదునెనిమిది,పది,Telugu,600 CE - present
పదునెనిమిది,ఎనిమిది,Telugu,600 CE - present
ముయ్యారు,మూడు,Telugu,600 CE - present
ముయ్యారు,ఆరు,Telugu,600 CE - present
డజను,dozen,English,1550 CE - present
శోకంబు,शोक,Sanskrit,1500 BCE - present (liturgical/classical)
ఆండ్రూ,Andrew,English,1550 CE - present
వయా,viā,Latin,700 BCE - 500 CE
కొయ్యతొలుచుపురుగు,కొయ్య,Telugu,600 CE - present
కొయ్యతొలుచుపురుగు,తొలుచు,Telugu,600 CE - present
కొయ్యతొలుచుపురుగు,పురుగు,Telugu,600 CE - present
తోకపురుగు,తోక,Telugu,600 CE - present
తోకపురుగు,పురుగు,Telugu,600 CE - present
తొలిప్రేమ,తొలి,Telugu,600 CE - present
తొలిప్రేమ,ప్రేమ,Telugu,600 CE - present
చేమంతి,చేయి,Telugu,600 CE - present
చేమంతి,బంతి,Telugu,600 CE - present
చేతులెత్తు,చేతులు,Telugu,600 CE - present
చేతులెత్తు,ఎత్తు,Telugu,600 CE - present
నిద్రపోవు,నిద్ర,Telugu,600 CE - present
నిద్రపోవు,పోవు,Telugu,600 CE - present
పరవాలేదు,పరవా,Telugu,600 CE - present
పరవాలేదు,లేదు,Telugu,600 CE - present
ప్రేమలోపడు,ప్రేమ,Telugu,600 CE - present
ప్రేమలోపడు,లో,Telugu,600 CE - present
ప్రేమలోపడు,పడు,Telugu,600 CE - present
శుద్ధమైన,శుద్ధము,Telugu,600 CE - present
శుద్ధమైన,ఐన,Telugu,600 CE - present
అధికారి,अधिकारिन्,Sanskrit,1500 BCE - present (liturgical/classical)
నగుబాటు,నగు,Telugu,600 CE - present
నగుబాటు,పాటు,Telugu,600 CE - present
ముత్తుము,మూడు,Telugu,600 CE - present
ముత్తుము,తూము,Telugu,600 CE - present
ముత్తాత,మూడు,Telugu,600 CE - present
ముత్తాత,తాత,Telugu,600 CE - present
ముక్తము,मुक्त,Sanskrit,1500 BCE - present (liturgical/classical)
జారుముడి,జారు,Telugu,600 CE - present
జారుముడి,ముడి,Telugu,600 CE - present
దూయుముడి,దూయు,Telugu,600 CE - present
దూయుముడి,ముడి,Telugu,600 CE - present
క్రొమ్ముడి,క్రొ,Telugu,600 CE - present
క్రొమ్ముడి,ముడి,Telugu,600 CE - present
గండుపిల్లి,గండు,Telugu,600 CE - present
గండుపిల్లి,పిల్లి,Telugu,600 CE - present
పిల్లికూన,పిల్లి,Telugu,600 CE - present
పిల్లికూన,కూన,Telugu,600 CE - present
పిల్లికూత,పిల్లి,Telugu,600 CE - present
పిల్లికూత,కూత,Telugu,600 CE - present
కేళికాగృహము,కేళిక,Telugu,600 CE - present
కేళికాగృహము,గృహము,Telugu,600 CE - present
అక్షతము,अक्षत,Sanskrit,1500 BCE - present (liturgical/classical)
చిచ్చుటమ్ము,చిచ్చు,Telugu,600 CE - present
చిచ్చుటమ్ము,అమ్ము,Telugu,600 CE - present
ఒడ్డోలగము,ఒడ్డు,Telugu,600 CE - present
ఒడ్డోలగము,ఓలగము,Telugu,600 CE - present
ఓలగము,अवलग्न,Sanskrit,1500 BCE - present (liturgical/classical)
కలు,*kal,Proto-Dravidian,3000 BCE - 1500 BCE (disputed)
వలసదేశము,వలస,Telugu,600 CE - present
వలసదేశము,దేశము,Telugu,600 CE - present
పదునుపెట్టు,పదును,Telugu,600 CE - present
పదునుపెట్టు,పెట్టు,Telugu,600 CE - present
పదునైన,పదును,Telugu,600 CE - present
పదునైన,ఐన,Telugu,600 CE - present
చిత్తడి,చిత్త,Telugu,600 CE - present
చిత్తడి,తడి,Telugu,600 CE - present
చేతులు కడుగుకొను,చేతులు,Telugu,600 CE - present
చేతులు కడుగుకొను,కడుగుకొను,Telugu,600 CE - present
ఆడగొర్రె,ఆడ,Telugu,600 CE - present
ఆడగొర్రె,గొర్రె,Telugu,600 CE - present
తక్షణము,తత్,Telugu,600 CE - present
తక్షణము,క్షణము,Telugu,600 CE - present
తదనంతరము,తత్,Telugu,600 CE - present
తదనంతరము,అనంతరము,Telugu,600 CE - present
తద్దినము,తత్,Telugu,600 CE - present
తద్దినము,దినము,Telugu,600 CE - present
తద్వారా,తత్,Telugu,600 CE - present
తద్వారా,ద్వారా,Telugu,600 CE - present
అరవిరి,అర,Telugu,600 CE - present
అరవిరి,విరి,Telugu,600 CE - present
మల్లుపెనగు,మల్లు,Telugu,600 CE - present
మల్లుపెనగు,పెనగు,Telugu,600 CE - present
తులదూగు,తుల,Telugu,600 CE - present
తులదూగు,తూగు,Telugu,600 CE - present
ఫీజు,fee,English,1550 CE - present
శార్దూలము,शार्दूल,Sanskrit,1500 BCE - present (liturgical/classical)
రాఖీ,राखी,Hindi,not available
ఉబ్బురోగము,ఉబ్బు,Telugu,600 CE - present
ఉబ్బురోగము,రోగము,Telugu,600 CE - present
జబ్బుచేయు,జబ్బు,Telugu,600 CE - present
జబ్బుచేయు,చేయు,Telugu,600 CE - present
జబ్బుపడు,జబ్బు,Telugu,600 CE - present
జబ్బుపడు,పడు,Telugu,600 CE - present
లేచిపోవు,లేచు,Telugu,600 CE - present
లేచిపోవు,పోవు,Telugu,600 CE - present
బయలు,*wayal,Proto-Dravidian,3000 BCE - 1500 BCE (disputed)
బయటపడు,బయట,Telugu,600 CE - present
బయటపడు,పడు,Telugu,600 CE - present
బయటపెట్టు,బయట,Telugu,600 CE - present
బయటపెట్టు,పెట్టు,Telugu,600 CE - present
వడపప్పు,వడ,Telugu,600 CE - present
వడపప్పు,పప్పు,Telugu,600 CE - present
కుంపిణి,company,English,1550 CE - present
అప్పిచ్చు,అప్పు,Telugu,600 CE - present
అప్పిచ్చు,ఇచ్చు,Telugu,600 CE - present
అప్పుయిచ్చు,అప్పు,Telugu,600 CE - present
అప్పుయిచ్చు,ఇచ్చు,Telugu,600 CE - present
అప్పుపడు,అప్పు,Telugu,600 CE - present
అప్పుపడు,పడు,Telugu,600 CE - present
అంటుకట్టు,అంటు,Telugu,600 CE - present
అంటుకట్టు,కట్టు,Telugu,600 CE - present
తలంటు,తల,Telugu,600 CE - present
తలంటు,అంటు,Telugu,600 CE - present
నల్లబడు,నల్ల,Telugu,600 CE - present
నల్లబడు,పడు,Telugu,600 CE - present
నలుపుచేయు,నలుపు,Telugu,600 CE - present
నలుపుచేయు,చేయు,Telugu,600 CE - present
ఎర్రబడు,ఎర్ర,Telugu,600 CE - present
ఎర్రబడు,పడు,Telugu,600 CE - present
తెల్లబడు,తెల్ల,Telugu,600 CE - present
తెల్లబడు,పడు,Telugu,600 CE - present
ఎర్రచీమ,ఎర్ర,Telugu,600 CE - present
ఎర్రచీమ,చీమ,Telugu,600 CE - present
జడకట్టు,జడ,Telugu,600 CE - present
జడకట్టు,కట్టు,Telugu,600 CE - present
జడ్జి,judge,English,1550 CE - present
బుసకొట్టు,బుస,Telugu,600 CE - present
బుసకొట్టు,కొట్టు,Telugu,600 CE - present
శరణార్థి,शरणार्थी,Sanskrit,1500 BCE - present (liturgical/classical)
ఈడ,ఈ,Telugu,600 CE - present
ఈడ,కడ,Telugu,600 CE - present
పైవిలాసము,పై,Telugu,600 CE - present
పైవిలాసము,విలాసము,Telugu,600 CE - present
చిక్కుదీయు,చిక్కు,Telugu,600 CE - present
చిక్కుదీయు,తీయు,Telugu,600 CE - present
చికిత్సచేయు,చికిత్స,Telugu,600 CE - present
చికిత్సచేయు,చేయు,Telugu,600 CE - present
పొదుగుచేయు,పొదుగు,Telugu,600 CE - present
పొదుగుచేయు,చేయు,Telugu,600 CE - present
సర్వాధికారి,సర్వము,Telugu,600 CE - present
సర్వాధికారి,అధికారి,Telugu,600 CE - present
సమస్తము,समस्त,Sanskrit,1500 BCE - present (liturgical/classical)
చివర,قِمَّة,Arabic,600 CE - present
వ్యాధికారకం,వ్యాధి,Telugu,600 CE - present
వ్యాధికారకం,కారకం,Telugu,600 CE - present
మట్టినూనె,మట్టి,Telugu,600 CE - present
మట్టినూనె,నూనె,Telugu,600 CE - present
కూకవేయు,కూక,Telugu,600 CE - present
కూకవేయు,వేయు,Telugu,600 CE - present
కూకపెట్టు,కూక,Telugu,600 CE - present
కూకపెట్టు,పెట్టు,Telugu,600 CE - present
అంకురము,अङ्कुर,Sanskrit,1500 BCE - present (liturgical/classical)
అందాక,అంత,Telugu,600 CE - present
అందాక,దాక,Telugu,600 CE - present
మితిమీరు,మితి,Telugu,600 CE - present
మితిమీరు,మీరు,Telugu,600 CE - present
హద్దుమీరు,హద్దు,Telugu,600 CE - present
హద్దుమీరు,మీరు,Telugu,600 CE - present
వెలకట్టు,వెల,Telugu,600 CE - present
వెలకట్టు,కట్టు,Telugu,600 CE - present
వాసనచూచు,వాసన,Telugu,600 CE - present
వాసనచూచు,చూచు,Telugu,600 CE - present
సరిచూచు,సరి,Telugu,600 CE - present
సరిచూచు,చూచు,Telugu,600 CE - present
-జ,ज,Sanskrit,1500 BCE - present (liturgical/classical)
మేనకాత్మజ,మేనక,Telugu,600 CE - present
మేనకాత్మజ,ఆత్మ,Telugu,600 CE - present
మేదిని,मेदिनी,Sanskrit,1500 BCE - present (liturgical/classical)
సదాశివుడు,सदाशिव,Sanskrit,1500 BCE - present (liturgical/classical)
సదాశివుడు,సదా,Telugu,600 CE - present
సదాశివుడు,శివుడు,Telugu,600 CE - present
ఆబోతురౌతు,ఆబోతు,Telugu,600 CE - present
ఆబోతురౌతు,రౌతు,Telugu,600 CE - present
శూలపాణి,శూల,Telugu,600 CE - present
శూలపాణి,పాణి,Telugu,600 CE - present
వినతి,विनति,Sanskrit,1500 BCE - present (liturgical/classical)
పొత్తూరు,పొత్తు,Telugu,600 CE - present
పొత్తూరు,ఊరు,Telugu,600 CE - present
అభ్రపుష్పము,అభ్ర,Telugu,600 CE - present
అభ్రపుష్పము,పుష్పము,Telugu,600 CE - present
అమ్మలక్కలు,అమ్మ,Telugu,600 CE - present
అమ్మలక్కలు,అక్క,Telugu,600 CE - present
ఆటవిడుపు,ఆట,Telugu,600 CE - present
ఆటవిడుపు,విడుపు,Telugu,600 CE - present
ఆటపాటలు,ఆట,Telugu,600 CE - present
ఆటపాటలు,పాట,Telugu,600 CE - present
గుర్తుచేయు,గుర్తు,Telugu,600 CE - present
గుర్తుచేయు,చేయు,Telugu,600 CE - present
నాగుబాము,నాగు,Telugu,600 CE - present
నాగుబాము,పాము,Telugu,600 CE - present
హేమలంబ,हेमलम्ब,Sanskrit,1500 BCE - present (liturgical/classical)
ఇరారు,ఇరు,Telugu,600 CE - present
ఇరారు,ఆరు,Telugu,600 CE - present
ఇనుమారు,ఇను,Telugu,600 CE - present
ఇనుమారు,మారు,Telugu,600 CE - present
ఆకాశసౌధము,ఆకాశము,Telugu,600 CE - present
ఆకాశసౌధము,సౌధము,Telugu,600 CE - present
సిద్ధురాలు,ర,Telugu,600 CE - present
సిద్ధురాలు,ఆలు,Telugu,600 CE - present
ఇంటావిడ,ఇంటి,Telugu,600 CE - present
ఇంటావిడ,ఆవిడ,Telugu,600 CE - present
ఇంటాయన,ఇంటి,Telugu,600 CE - present
ఇంటాయన,ఆయన,Telugu,600 CE - present
ఇంటికాపు,ఇంటి,Telugu,600 CE - present
ఇంటికాపు,కాపు,Telugu,600 CE - present
ఇంటిమగడు,ఇంటి,Telugu,600 CE - present
ఇంటిమగడు,మగడు,Telugu,600 CE - present
ఆనతిచ్చు,ఆనతి,Telugu,600 CE - present
ఆనతిచ్చు,ఇచ్చు,Telugu,600 CE - present
ఈరేడు,ఈరు,Telugu,600 CE - present
ఈరేడు,ఏడు,Telugu,600 CE - present
ఉంకుటుంగరము,ఉంకు,Telugu,600 CE - present
ఉంకుటుంగరము,ట,Telugu,600 CE - present
ఉంకుటుంగరము,ఉంగరము,Telugu,600 CE - present
ఉత్పలము,उत्पल,Sanskrit,1500 BCE - present (liturgical/classical)
ఉత్పలమాల,उत्पलमाला,Sanskrit,1500 BCE - present (liturgical/classical)
ఉత్పలమాల,उत्पल,Sanskrit,1500 BCE - present (liturgical/classical)
ఉత్పలమాల,माला,Sanskrit,1500 BCE - present (liturgical/classical)
శార్దూలవిక్రీడితము,शार्दूलविक्रीडित,Sanskrit,1500 BCE - present (liturgical/classical)
ఆటవెలది,ఆట,Telugu,600 CE - present
ఆటవెలది,వెలది,Telugu,600 CE - present
ఎందాక,ఎంత,Telugu,600 CE - present
ఎందాక,దాక,Telugu,600 CE - present
గగనవీధి,गगन,Sanskrit,1500 BCE - present (liturgical/classical)
వీపుచూపు,వీపు,Telugu,600 CE - present
వీపుచూపు,చూపు,Telugu,600 CE - present
మకాము,مقام,Classical Persian,800 CE - 1900 CE
మకాము,مُقَام,Arabic,600 CE - present
అరి,*ari,Proto-Dravidian,3000 BCE - 1500 BCE (disputed)
అరి,अरि,Sanskrit,1500 BCE - present (liturgical/classical)
ఇల్లరి,ఇల్లు,Telugu,600 CE - present
ఇల్లరి,అరి,Telugu,600 CE - present
ఒంటరి,ఒంటి,Telugu,600 CE - present
ఒంటరి,అరి,Telugu,600 CE - present
ఓర్పరి,ఓర్పు,Telugu,600 CE - present
ఓర్పరి,అరి,Telugu,600 CE - present
తారు,tar,English,1550 CE - present
పచ్చరెక్క,పచ్చ,Telugu,600 CE - present
పచ్చరెక్క,రెక్క,Telugu,600 CE - present
తాగునీరు,తాగు,Telugu,600 CE - present
తాగునీరు,నీరు,Telugu,600 CE - present
త్రాగునీరు,త్రాగు,Telugu,600 CE - present
త్రాగునీరు,నీరు,Telugu,600 CE - present
నెమరువేయు,నెమరు,Telugu,600 CE - present
నెమరువేయు,వేయు,Telugu,600 CE - present
అర్ణవము,अर्णव,Sanskrit,1500 BCE - present (liturgical/classical)
ఓలలాడు,ఓలలు,Telugu,600 CE - present
ఓలలాడు,ఆడు,Telugu,600 CE - present
ఓలాడు,ఓల,Telugu,600 CE - present
ఓలాడు,ఆడు,Telugu,600 CE - present
గద్దముక్కు,గద్ద,Telugu,600 CE - present
గద్దముక్కు,ముక్కు,Telugu,600 CE - present
అడవినల్లగద్ద,అడవి,Telugu,600 CE - present
అడవినల్లగద్ద,నల్ల,Telugu,600 CE - present
అడవినల్లగద్ద,గద్ద,Telugu,600 CE - present
తేనెగద్ద,తేనె,Telugu,600 CE - present
తేనెగద్ద,గద్ద,Telugu,600 CE - present
పాములగద్ద,పాముల,Telugu,600 CE - present
పాములగద్ద,గద్ద,Telugu,600 CE - present
నల్లపాములగద్ద,నల్ల,Telugu,600 CE - present
నల్లపాములగద్ద,పాముల,Telugu,600 CE - present
నల్లపాములగద్ద,గద్ద,Telugu,600 CE - present
పిల్లిగద్ద,పిల్లి,Telugu,600 CE - present
పిల్లిగద్ద,గద్ద,Telugu,600 CE - present
తెల్లగద్ద,తెల్ల,Telugu,600 CE - present
తెల్లగద్ద,గద్ద,Telugu,600 CE - present
పీతిరిగద్ద,పీతిరి,Telugu,600 CE - present
పీతిరిగద్ద,గద్ద,Telugu,600 CE - present
రొక్కము,रोकड़,Hindi,not available
రొక్కము,रोक,Sanskrit,1500 BCE - present (liturgical/classical)
మునగకాడ,మునగ,Telugu,600 CE - present
మునగకాడ,కాడ,Telugu,600 CE - present
ఎరుకులవాడు,ఎరుకుల,Telugu,600 CE - present
ఎరుకులవాడు,వాడు,Telugu,600 CE - present
ఎరుకులసాని,ఎరుకుల,Telugu,600 CE - present
ఎరుకులసాని,సాని,Telugu,600 CE - present
ఎరుగు,*aṯ,Proto-Dravidian,3000 BCE - 1500 BCE (disputed)
వక్త్రము,वक्त्र,Sanskrit,1500 BCE - present (liturgical/classical)
రేడియో,radio,English,1550 CE - present
ప్రకటనచేయు,ప్రకటన,Telugu,600 CE - present
ప్రకటనచేయు,చేయు,Telugu,600 CE - present
ప్రకోష్ఠము,प्रकोष्ठ,Sanskrit,1500 BCE - present (liturgical/classical)
ముంజెయ్యి,ముందు,Telugu,600 CE - present
ముంజెయ్యి,చెయ్యి,Telugu,600 CE - present
ముంగేలు,ముందు,Telugu,600 CE - present
ముంగేలు,కేలు,Telugu,600 CE - present
నికేతనము,निकेतन,Sanskrit,1500 BCE - present (liturgical/classical)
తాకట్టు,తాకు,Telugu,600 CE - present
తాకట్టు,కట్టు,Telugu,600 CE - present
ఇల్లుటాలు,ఇల్లు,Telugu,600 CE - present
ఇల్లుటాలు,ట,Telugu,600 CE - present
ఇల్లుటాలు,ఆలు,Telugu,600 CE - present
వాదోడు,వా,Telugu,600 CE - present
వాదోడు,తోడు,Telugu,600 CE - present
లొట్టిపిట్ట,లొట్టి,Telugu,600 CE - present
లొట్టిపిట్ట,పిట్ట,Telugu,600 CE - present
పులిజూదము,పులి,Telugu,600 CE - present
పులిజూదము,జూదము,Telugu,600 CE - present
మత్కథ,మత్,Telugu,600 CE - present
మత్కథ,కథ,Telugu,600 CE - present
షట్,षट्,Sanskrit,1500 BCE - present (liturgical/classical)
షడ్రుచులు,షట్,Telugu,600 CE - present
షడ్రుచులు,రుచులు,Telugu,600 CE - present
షష్టి,षष्टि,Sanskrit,1500 BCE - present (liturgical/classical)
మేకపిల్ల,మేక,Telugu,600 CE - present
మేకపిల్ల,పిల్ల,Telugu,600 CE - present
పెట్టుబడి,పెట్టు,Telugu,600 CE - present
పెట్టుబడి,బడి,Telugu,600 CE - present
కనుమూయు,కను,Telugu,600 CE - present
కనుమూయు,మూయు,Telugu,600 CE - present
కనుదోయి,కను,Telugu,600 CE - present
కనుదోయి,దోయి,Telugu,600 CE - present
శాస్త్రి,शास्त्रिन्,Sanskrit,1500 BCE - present (liturgical/classical)
ఉక్షము,उक्षन्,Sanskrit,1500 BCE - present (liturgical/classical)
ఉక్కుసున్నము,ఉక్కు,Telugu,600 CE - present
ఉక్కుసున్నము,సున్నము,Telugu,600 CE - present
సున్నుండ,సున్ని,Telugu,600 CE - present
సున్నుండ,ఉండ,Telugu,600 CE - present
సుప్తి,सुप्ति,Sanskrit,1500 BCE - present (liturgical/classical)
ఛాయాదేవి,ఛాయ,Telugu,600 CE - present
ఛాయాదేవి,దేవి,Telugu,600 CE - present
ఛాయాపుత్రుడు,ఛాయ,Telugu,600 CE - present
ఛాయాపుత్రుడు,పుత్రుడు,Telugu,600 CE - present
మహర్షి,మహత్,Telugu,600 CE - present
మహర్షి,ఋషి,Telugu,600 CE - present
మహర్షి,महर्षि,Sanskrit,1500 BCE - present (liturgical/classical)
గొప్పవాడు,గొప్ప,Telugu,600 CE - present
గొప్పవాడు,వాడు,Telugu,600 CE - present
మహేంద్రుడు,మహా,Telugu,600 CE - present
మహేంద్రుడు,ఇంద్రుడు,Telugu,600 CE - present
జింకరవుతు,జింక,Telugu,600 CE - present
జింకరవుతు,రవుతు,Telugu,600 CE - present
జారిపోవు,జారు,Telugu,600 CE - present
జారిపోవు,పోవు,Telugu,600 CE - present
కోతకాలము,కోత,Telugu,600 CE - present
కోతకాలము,కాలము,Telugu,600 CE - present
కాలుదువ్వు,కాలు,Telugu,600 CE - present
కాలుదువ్వు,దువ్వు,Telugu,600 CE - present
కాలుద్రవ్వు,కాలు,Telugu,600 CE - present
కాలుద్రవ్వు,త్రవ్వు,Telugu,600 CE - present
హాల,हाला,Sanskrit,1500 BCE - present (liturgical/classical)
అంగారకము,अङ्गारक,Sanskrit,1500 BCE - present (liturgical/classical)
దగాచేయు,దగా,Telugu,600 CE - present
దగాచేయు,చేయు,Telugu,600 CE - present
ఆణిముత్తెము,ఆణి,Telugu,600 CE - present
ఆణిముత్తెము,ముత్తెము,Telugu,600 CE - present
నిద్రలేపు,నిద్ర,Telugu,600 CE - present
నిద్రలేపు,లేపు,Telugu,600 CE - present
శ్రావ్యమైన,శ్రావ్యము,Telugu,600 CE - present
శ్రావ్యమైన,ఐన,Telugu,600 CE - present
బధిరము,बधिर,Sanskrit,1500 BCE - present (liturgical/classical)
గుండెజబ్బు,గుండె,Telugu,600 CE - present
గుండెజబ్బు,జబ్బు,Telugu,600 CE - present
ప్రసూతివైద్యుడు,ప్రసూతి,Telugu,600 CE - present
ప్రసూతివైద్యుడు,వైద్యుడు,Telugu,600 CE - present
దంతవైద్యుడు,దంతము,Telugu,600 CE - present
దంతవైద్యుడు,వైద్యుడు,Telugu,600 CE - present
కోతివన్నె,కోతి,Telugu,600 CE - present
కోతివన్నె,వన్నె,Telugu,600 CE - present
శాఖామృగము,శాఖ,Telugu,600 CE - present
శాఖామృగము,మృగము,Telugu,600 CE - present
మ్రానుద్రిమ్మరి,మ్రాను,Telugu,600 CE - present
మ్రానుద్రిమ్మరి,ద్రిమ్మరి,Telugu,600 CE - present
కొండత్రిమ్మరి,కొండ,Telugu,600 CE - present
కొండత్రిమ్మరి,త్రిమ్మరి,Telugu,600 CE - present
గట్టుత్రిమ్మరి,గట్టు,Telugu,600 CE - present
గట్టుత్రిమ్మరి,త్రిమ్మరి,Telugu,600 CE - present
చెట్టుత్రిమ్మరి,చెట్టు,Telugu,600 CE - present
చెట్టుత్రిమ్మరి,త్రిమ్మరి,Telugu,600 CE - present
తరులమెకము,తరుల,Telugu,600 CE - present
తరులమెకము,మెకము,Telugu,600 CE - present
మసికోతి,మసి,Telugu,600 CE - present
మసికోతి,కోతి,Telugu,600 CE - present
మశకము,मशक,Sanskrit,1500 BCE - present (liturgical/classical)
పసరుచాయ,పసరు,Telugu,600 CE - present
పసరుచాయ,చాయ,Telugu,600 CE - present
పింగ,पिङ्ग,Sanskrit,1500 BCE - present (liturgical/classical)
పసుపుచాయ,పసుపు,Telugu,600 CE - present
పసుపుచాయ,చాయ,Telugu,600 CE - present
మొద్దుపోవు,మొద్దు,Telugu,600 CE - present
మొద్దుపోవు,పోవు,Telugu,600 CE - present
ముద్దిచ్చు,ముద్దు,Telugu,600 CE - present
ముద్దిచ్చు,ఇచ్చు,Telugu,600 CE - present
ముద్దుపెట్టు,ముద్దు,Telugu,600 CE - present
ముద్దుపెట్టు,పెట్టు,Telugu,600 CE - present
టోపీ,टोपी,Hindi,not available
టోపీపెట్టు,టోపీ,Telugu,600 CE - present
టోపీపెట్టు,పెట్టు,Telugu,600 CE - present
టోపీవేయు,టోపీ,Telugu,600 CE - present
టోపీవేయు,వేయు,Telugu,600 CE - present
నిరోధక,निरोधक,Sanskrit,1500 BCE - present (liturgical/classical)
కన్నముపెట్టు,కన్నము,Telugu,600 CE - present
కన్నముపెట్టు,పెట్టు,Telugu,600 CE - present
చవిచూచు,చవి,Telugu,600 CE - present
చవిచూచు,చూచు,Telugu,600 CE - present
పెట్టుకొను,పెట్టు,Telugu,600 CE - present
పెట్టుకొను,కొను,Telugu,600 CE - present
మారుమనువు,మారు,Telugu,600 CE - present
మారుమనువు,మనువు,Telugu,600 CE - present
మారురూపు,మారు,Telugu,600 CE - present
మారురూపు,రూపు,Telugu,600 CE - present
మారుమ్రోత,మారు,Telugu,600 CE - present
మారుమ్రోత,మ్రోత,Telugu,600 CE - present
బేరమాడు,బేరము,Telugu,600 CE - present
బేరమాడు,ఆడు,Telugu,600 CE - present
బేరముచేయు,బేరము,Telugu,600 CE - present
బేరముచేయు,చేయు,Telugu,600 CE - present
శాస్తి,शास्ति,Sanskrit,1500 BCE - present (liturgical/classical)
పుచ్చిపోవు,పుచ్చు,Telugu,600 CE - present
పుచ్చిపోవు,పోవు,Telugu,600 CE - present
కకారము,క,Telugu,600 CE - present
కకారము,కారము,Telugu,600 CE - present
ఫిర్యాదుచేయు,ఫిర్యాదు,Telugu,600 CE - present
ఫిర్యాదుచేయు,చేయు,Telugu,600 CE - present
నకలుచేయు,నకలు,Telugu,600 CE - present
నకలుచేయు,చేయు,Telugu,600 CE - present
మీరా,मीरा,Hindi,not available
ఉతికించు,ఉతుకు,Telugu,600 CE - present
ఉతికించు,ఇంచు,Telugu,600 CE - present
మదిర,मदिरा,Sanskrit,1500 BCE - present (liturgical/classical)
సెకండు,second,English,1550 CE - present
ఈనాడు,ఈ,Telugu,600 CE - present
ఈనాడు,నాడు,Telugu,600 CE - present
చుట్టుముట్టు,చుట్టు,Telugu,600 CE - present
చుట్టుముట్టు,ముట్టు,Telugu,600 CE - present
చదునుచేయు,చదును,Telugu,600 CE - present
చదునుచేయు,చేయు,Telugu,600 CE - present
ఊదుగొట్టము,ఊదు,Telugu,600 CE - present
ఊదుగొట్టము,గొట్టము,Telugu,600 CE - present
దెబ్బలుతిను,దెబ్బలు,Telugu,600 CE - present
దెబ్బలుతిను,తిను,Telugu,600 CE - present
దెబ్బలుకొట్టు,దెబ్బలు,Telugu,600 CE - present
దెబ్బలుకొట్టు,కొట్టు,Telugu,600 CE - present
దేవరాయికొంగ,దేవరాయి,Telugu,600 CE - present
దేవరాయికొంగ,కొంగ,Telugu,600 CE - present
తెడ్డుమూతికొంగ,తెడ్డు,Telugu,600 CE - present
తెడ్డుమూతికొంగ,మూతి,Telugu,600 CE - present
తెడ్డుమూతికొంగ,కొంగ,Telugu,600 CE - present
పంచప్రాణాలు,పంచ,Telugu,600 CE - present
పంచప్రాణాలు,ప్రాణాలు,Telugu,600 CE - present
అప్పుచేయు,అప్పు,Telugu,600 CE - present
అప్పుచేయు,చేయు,Telugu,600 CE - present
తదీయ,तदीय,Sanskrit,1500 BCE - present (liturgical/classical)
గూద,गुद,Sanskrit,1500 BCE - present (liturgical/classical)
వేనవేలు,వేలు,Telugu,600 CE - present
వశ,वशा,Sanskrit,1500 BCE - present (liturgical/classical)
వశి,वशि,Sanskrit,1500 BCE - present (liturgical/classical)
తలతన్యత,తలము,Telugu,600 CE - present
తలతన్యత,తన్యత,Telugu,600 CE - present
అబ్దుల్లా,عَبْدُ ٱللّٰه,Arabic,600 CE - present
ప్రతివాక్యము,ప్రతి,Telugu,600 CE - present
ప్రతివాక్యము,వాక్యము,Telugu,600 CE - present
దొంగయిసుక,దొంగ,Telugu,600 CE - present
దొంగయిసుక,ఇసుక,Telugu,600 CE - present
రవాణాచేయు,రవాణా,Telugu,600 CE - present
రవాణాచేయు,చేయు,Telugu,600 CE - present
-జీ,जीव,Sanskrit,1500 BCE - present (liturgical/classical)
సంస్థ,संस्था,Sanskrit,1500 BCE - present (liturgical/classical)
వ్యక్తి,व्यक्ति,Sanskrit,1500 BCE - present (liturgical/classical)
ప్రస్తుతము,प्रस्तुत,Sanskrit,1500 BCE - present (liturgical/classical)
నిర్మల,निर्मल,Sanskrit,1500 BCE - present (liturgical/classical)
బ్యాంకు,bank,English,1550 CE - present
సమస్య,समस्या,Sanskrit,1500 BCE - present (liturgical/classical)
శోధన,शोधन,Sanskrit,1500 BCE - present (liturgical/classical)
జీవితము,जीवित,Sanskrit,1500 BCE - present (liturgical/classical)
ఇవి,*iv,Proto-Dravidian,3000 BCE - 1500 BCE (disputed)
స్వామి,स्वामिन्,Sanskrit,1500 BCE - present (liturgical/classical)
మాత్రము,मात्र,Sanskrit,1500 BCE - present (liturgical/classical)
మాధుర్యము,माधुर्य,Sanskrit,1500 BCE - present (liturgical/classical)
సవతికూతురు,సవతి,Telugu,600 CE - present
సవతికూతురు,కూతురు,Telugu,600 CE - present
సవతితండ్రి,సవతి,Telugu,600 CE - present
సవతితండ్రి,తండ్రి,Telugu,600 CE - present
చెందించు,చెందు,Telugu,600 CE - present
చెందించు,ఇంచు,Telugu,600 CE - present
వివర్ణము,विवर्ण,Sanskrit,1500 BCE - present (liturgical/classical)
శిక్షణ,शिक्षण,Sanskrit,1500 BCE - present (liturgical/classical)
ఉత్పత్తిచేయు,ఉత్పత్తి,Telugu,600 CE - present
ఉత్పత్తిచేయు,చేయు,Telugu,600 CE - present
శర్మ,शर्मन्,Sanskrit,1500 BCE - present (liturgical/classical)
దినపత్రిక,దినము,Telugu,600 CE - present
దినపత్రిక,పత్రిక,Telugu,600 CE - present
వారపత్రిక,వారము,Telugu,600 CE - present
వారపత్రిక,పత్రిక,Telugu,600 CE - present
మగగురి,మగ,Telugu,600 CE - present
మగగురి,గురి,Telugu,600 CE - present
తర్జని,तर्जनी,Sanskrit,1500 BCE - present (liturgical/classical)
పరిధి,परिधि,Sanskrit,1500 BCE - present (liturgical/classical)
మహారాజు,महाराजन्,Sanskrit,1500 BCE - present (liturgical/classical)
మహారాజు,మహా,Telugu,600 CE - present
మహారాజు,రాజు,Telugu,600 CE - present
జంఘ,जङ्घा,Sanskrit,1500 BCE - present (liturgical/classical)
స్వప్న,स्वप्न,Sanskrit,1500 BCE - present (liturgical/classical)
విలువైన,విలువ,Telugu,600 CE - present
విలువైన,ఐన,Telugu,600 CE - present
విలువయిన,విలువ,Telugu,600 CE - present
విలువయిన,అయిన,Telugu,600 CE - present
బద్దలగు,బద్దలు,Telugu,600 CE - present
బద్దలగు,అగు,Telugu,600 CE - present
ప్రయాణమగు,ప్రయాణము,Telugu,600 CE - present
ప్రయాణమగు,అగు,Telugu,600 CE - present
సరియగు,సరి,Telugu,600 CE - present
సరియగు,య,Telugu,600 CE - present
సరియగు,అగు,Telugu,600 CE - present
వెల్లనగు,వెల్లన,Telugu,600 CE - present
వెల్లనగు,అగు,Telugu,600 CE - present
తెల్లనగు,తెల్లన,Telugu,600 CE - present
తెల్లనగు,అగు,Telugu,600 CE - present
మనసగు,మనసు,Telugu,600 CE - present
మనసగు,అగు,Telugu,600 CE - present
పూజ్యుడైన,పూజ్యుడు,Telugu,600 CE - present
పూజ్యుడైన,ఐన,Telugu,600 CE - present
మర్యాదైన,మర్యాద,Telugu,600 CE - present
మర్యాదైన,ఐన,Telugu,600 CE - present
రద్దైన,రద్దు,Telugu,600 CE - present
రద్దైన,ఐన,Telugu,600 CE - present
రద్దు,رد,Classical Persian,800 CE - 1900 CE
రద్దు,رَدّ,Arabic,600 CE - present
రుజువుచేయు,రుజువు,Telugu,600 CE - present
రుజువుచేయు,చేయు,Telugu,600 CE - present
రుజువైన,రుజువు,Telugu,600 CE - present
రుజువైన,ఐన,Telugu,600 CE - present
సొంపైన,సొంపు,Telugu,600 CE - present
సొంపైన,ఐన,Telugu,600 CE - present
చదునైన,చదును,Telugu,600 CE - present
చదునైన,ఐన,Telugu,600 CE - present
గళితమైన,గళితము,Telugu,600 CE - present
గళితమైన,ఐన,Telugu,600 CE - present
పనికిరాని,పనికి,Telugu,600 CE - present
పనికిరాని,రాని,Telugu,600 CE - present
హవేలి,हवेली,Hindi,not available
అగడ్త,*akaẓ-tt-ay,Proto-Dravidian,3000 BCE - 1500 BCE (disputed)
ప్రెగ్గడ,*perkaṭa,Proto-Dravidian,3000 BCE - 1500 BCE (disputed)
లేనివాడు,లేని,Telugu,600 CE - present
లేనివాడు,వాడు,Telugu,600 CE - present
గుడ్డివాడు,గుడ్డి,Telugu,600 CE - present
గుడ్డివాడు,వాడు,Telugu,600 CE - present
భూమధ్యరేఖ,భూ,Telugu,600 CE - present
భూమధ్యరేఖ,మధ్య,Telugu,600 CE - present
భూమధ్యరేఖ,రేఖ,Telugu,600 CE - present
రేఖాగణితము,రేఖ,Telugu,600 CE - present
రేఖాగణితము,గణితము,Telugu,600 CE - present
రేఖావర్ణమాల,రేఖ,Telugu,600 CE - present
రేఖావర్ణమాల,వర్ణమాల,Telugu,600 CE - present
వర్ణన,वर्णन,Sanskrit,1500 BCE - present (liturgical/classical)
భూతభవిష్యద్వర్తమానకాలములు,भूत,Sanskrit,1500 BCE - present (liturgical/classical)
చాట్,चाट,Hindi,not available
గాథ,गाथा,Sanskrit,1500 BCE - present (liturgical/classical)
గాయత్రి,गायत्री,Sanskrit,1500 BCE - present (liturgical/classical)
గింజలేరు,గింజలు,Telugu,600 CE - present
గింజలేరు,ఏరు,Telugu,600 CE - present
కన్నెరికముతీయు,కన్నెరికము,Telugu,600 CE - present
కన్నెరికముతీయు,తీయు,Telugu,600 CE - present
గిబ్బరౌతు,గిబ్బ,Telugu,600 CE - present
గిబ్బరౌతు,రౌతు,Telugu,600 CE - present
గిరిమల్లిక,గిరి,Telugu,600 CE - present
గిరిమల్లిక,మల్లిక,Telugu,600 CE - present
గిరికర్ణిక,గిరి,Telugu,600 CE - present
గిరికర్ణిక,కర్ణిక,Telugu,600 CE - present
శిరీషము,शिरीष,Sanskrit,1500 BCE - present (liturgical/classical)
గిల్లుకొను,గిల్లు,Telugu,600 CE - present
గిల్లుకొను,కొను,Telugu,600 CE - present
గీరుడు,గీరు,Telugu,600 CE - present
గీరుడు,డు,Telugu,600 CE - present
ప్రతిబంధము,प्रतिबन्ध,Sanskrit,1500 BCE - present (liturgical/classical)
చేబియ్యము,చే,Telugu,600 CE - present
చేబియ్యము,బియ్యము,Telugu,600 CE - present
నటీనటులు,నటి,Telugu,600 CE - present
నటీనటులు,నటుడు,Telugu,600 CE - present
నాటుకొను,నాటు,Telugu,600 CE - present
నాటుకొను,కొను,Telugu,600 CE - present
తూర్పునాడు,తూర్పు,Telugu,600 CE - present
తూర్పునాడు,నాడు,Telugu,600 CE - present
పలాస్త్రి,plaster,English,1550 CE - present
ఫిడేలు,fiddle,English,1550 CE - present
తోటమాలి,తోట,Telugu,600 CE - present
తోటమాలి,మాలి,Telugu,600 CE - present
గలాసు,glass,English,1550 CE - present
చూడామణి,चूडामणि,Sanskrit,1500 BCE - present (liturgical/classical)
కొటికలపూడి,కొటికల,Telugu,600 CE - present
కొటికలపూడి,పూడి,Telugu,600 CE - present
కత్తిపూడి,కత్తి,Telugu,600 CE - present
కత్తిపూడి,పూడి,Telugu,600 CE - present
పూడిమడక,పూడి,Telugu,600 CE - present
పూడిమడక,మడక,Telugu,600 CE - present
అరకాడు,అరక,Telugu,600 CE - present
అరకాడు,కాడు,Telugu,600 CE - present
అరకులోయ,అరకు,Telugu,600 CE - present
అరకులోయ,లోయ,Telugu,600 CE - present
కొత్తిమీర,कुस्तुम्बरी,Sanskrit,1500 BCE - present (liturgical/classical)
భగీరథుడు,भगीरथ,Sanskrit,1500 BCE - present (liturgical/classical)
భటుడు,भट,Sanskrit,1500 BCE - present (liturgical/classical)
స్త్రీశక్తి,స్త్రీ,Telugu,600 CE - present
స్త్రీశక్తి,శక్తి,Telugu,600 CE - present
శపించు,शपति,Sanskrit,1500 BCE - present (liturgical/classical)
పగవాడు,పగ,Telugu,600 CE - present
పగవాడు,వాడు,Telugu,600 CE - present
పనివాడు,పని,Telugu,600 CE - present
పనివాడు,వాడు,Telugu,600 CE - present
కలవాడు,కల,Telugu,600 CE - present
కలవాడు,వాడు,Telugu,600 CE - present
వెన్నపూస,వెన్న,Telugu,600 CE - present
వెన్నపూస,పూస,Telugu,600 CE - present
మెడపూస,మెడ,Telugu,600 CE - present
మెడపూస,పూస,Telugu,600 CE - present
అడవిమల్లె,అడవి,Telugu,600 CE - present
అడవిమల్లె,మల్లె,Telugu,600 CE - present
మసిబుడ్డి,మసి,Telugu,600 CE - present
మసిబుడ్డి,బుడ్డి,Telugu,600 CE - present
జర,जरा,Sanskrit,1500 BCE - present (liturgical/classical)
గేదెదూడ,గేదె,Telugu,600 CE - present
గేదెదూడ,దూడ,Telugu,600 CE - present
గేటు,gate,English,1550 CE - present
గేదెకాళ్లు,గేదె,Telugu,600 CE - present
గేదెకాళ్లు,కాళ్లు,Telugu,600 CE - present
నిమ్మకాయ,నిమ్మ,Telugu,600 CE - present
నిమ్మకాయ,కాయ,Telugu,600 CE - present
దండెత్తు,దండు,Telugu,600 CE - present
దండెత్తు,ఎత్తు,Telugu,600 CE - present
దుమ్ములగొండి,దుమ్ముల,Telugu,600 CE - present
దుమ్ములగొండి,గొండి,Telugu,600 CE - present
గొబ్బిచెట్టు,గొబ్బి,Telugu,600 CE - present
గొబ్బిచెట్టు,చెట్టు,Telugu,600 CE - present
శయ్య,शय्या,Sanskrit,1500 BCE - present (liturgical/classical)
శయనము,शयन,Sanskrit,1500 BCE - present (liturgical/classical)
స్వప్రయోజనము,స్వ,Telugu,600 CE - present
స్వప్రయోజనము,ప్రయోజనము,Telugu,600 CE - present
మాధురి,माधुरी,Sanskrit,1500 BCE - present (liturgical/classical)
మాదిగవాడు,మాదిగ,Telugu,600 CE - present
మాదిగవాడు,వాడు,Telugu,600 CE - present
సేవకురాలు,सेवक,Sanskrit,1500 BCE - present (liturgical/classical)
మానవాశనుడు,मानवाशन,Sanskrit,1500 BCE - present (liturgical/classical)
ఐదువరాలు,ఐదువ,Telugu,600 CE - present
ఐదువరాలు,ర,Telugu,600 CE - present
ఐదువరాలు,ఆలు,Telugu,600 CE - present
ముత్తైదువ,ముత్త,Telugu,600 CE - present
ముత్తైదువ,ఐదువ,Telugu,600 CE - present
ముల్లాకురాయి,ముల్లు,Telugu,600 CE - present
ముల్లాకురాయి,ఆకురాయి,Telugu,600 CE - present
బల్లకూర్పు,బల్ల,Telugu,600 CE - present
బల్లకూర్పు,కూర్పు,Telugu,600 CE - present
నక్కతోక,నక్క,Telugu,600 CE - present
నక్కతోక,తోక,Telugu,600 CE - present
ఏల,*ēla,Proto-Dravidian,3000 BCE - 1500 BCE (disputed)
ఏలు,*yāḷ,Proto-Dravidian,3000 BCE - 1500 BCE (disputed)
రఘుపతి,रघुपति,Sanskrit,1500 BCE - present (liturgical/classical)
తోడుపాటు,తోడు,Telugu,600 CE - present
తోడుపాటు,పాటు,Telugu,600 CE - present
తోడుపడు,తోడు,Telugu,600 CE - present
తోడుపడు,పడు,Telugu,600 CE - present
క్షురము,क्षुर,Sanskrit,1500 BCE - present (liturgical/classical)
తోలువాద్యము,తోలు,Telugu,600 CE - present
తోలువాద్యము,వాద్యము,Telugu,600 CE - present
పడద్రోయు,పడు,Telugu,600 CE - present
పడద్రోయు,త్రోయు,Telugu,600 CE - present
తూనికవేయు,తూనిక,Telugu,600 CE - present
తూనికవేయు,వేయు,Telugu,600 CE - present
కొండమల్లె,కొండ,Telugu,600 CE - present
కొండమల్లె,మల్లె,Telugu,600 CE - present
వెలుపలి చెవి,వెలుపలి,Telugu,600 CE - present
వెలుపలి చెవి,చెవి,Telugu,600 CE - present
ఎదురుపడు,ఎదురు,Telugu,600 CE - present
ఎదురుపడు,పడు,Telugu,600 CE - present
ఎదురుగాలి,ఎదురు,Telugu,600 CE - present
ఎదురుగాలి,గాలి,Telugu,600 CE - present
పాతిపెట్టు,పాతు,Telugu,600 CE - present
పాతిపెట్టు,పెట్టు,Telugu,600 CE - present
తప్పుపట్టు,తప్పు,Telugu,600 CE - present
తప్పుపట్టు,పట్టు,Telugu,600 CE - present
తుప్పుపట్టు,తుప్పు,Telugu,600 CE - present
తుప్పుపట్టు,పట్టు,Telugu,600 CE - present
కొవ్వుపట్టు,కొవ్వు,Telugu,600 CE - present
కొవ్వుపట్టు,పట్టు,Telugu,600 CE - present
ఆనవాలుపట్టు,ఆనవాలు,Telugu,600 CE - present
ఆనవాలుపట్టు,పట్టు,Telugu,600 CE - present
గురుతుపట్టు,గురుతు,Telugu,600 CE - present
గురుతుపట్టు,పట్టు,Telugu,600 CE - present
పట్టుకొను,పట్టు,Telugu,600 CE - present
పట్టుకొను,కొను,Telugu,600 CE - present
తలపెట్టు,తల,Telugu,600 CE - present
తలపెట్టు,పెట్టు,Telugu,600 CE - present
ఆత్మప్రశంస,ఆత్మ,Telugu,600 CE - present
ఆత్మప్రశంస,ప్రశంస,Telugu,600 CE - present
ఆత్మస్తుతి,ఆత్మ,Telugu,600 CE - present
ఆత్మస్తుతి,స్తుతి,Telugu,600 CE - present
నోరుమూయు,నోరు,Telugu,600 CE - present
నోరుమూయు,మూయు,Telugu,600 CE - present
ఓజస్సు,ओजस्,Sanskrit,1500 BCE - present (liturgical/classical)
జ్ఞానమీమాంస,జ్ఞానము,Telugu,600 CE - present
జ్ఞానమీమాంస,మాంస,Telugu,600 CE - present
కమలము,कमल,Sanskrit,1500 BCE - present (liturgical/classical)
మహావీరుడు,మహా,Telugu,600 CE - present
మహావీరుడు,వీరుడు,Telugu,600 CE - present
వీరుండు,वीर,Sanskrit,1500 BCE - present (liturgical/classical)
వేరుపడు,వేరు,Telugu,600 CE - present
వేరుపడు,పడు,Telugu,600 CE - present
గొఱ్ఱెపిల్ల,గొఱ్ఱె,Telugu,600 CE - present
గొఱ్ఱెపిల్ల,పిల్ల,Telugu,600 CE - present
ఆవుదూడ,ఆవు,Telugu,600 CE - present
ఆవుదూడ,దూడ,Telugu,600 CE - present
సముద్రపుదూడ,సముద్రపు,Telugu,600 CE - present
సముద్రపుదూడ,దూడ,Telugu,600 CE - present
నూకలుచెల్లు,నూకలు,Telugu,600 CE - present
నూకలుచెల్లు,చెల్లు,Telugu,600 CE - present
పగులజేయు,పగులు,Telugu,600 CE - present
పగులజేయు,చేయు,Telugu,600 CE - present
పానముచేయు,పానము,Telugu,600 CE - present
పానముచేయు,చేయు,Telugu,600 CE - present
పాతర,పాతు,Telugu,600 CE - present
పాతర,అర,Telugu,600 CE - present
త్రిపురసుందరి,త్రిపుర,Telugu,600 CE - present
త్రిపురసుందరి,సుందరి,Telugu,600 CE - present
సుందరి,सुन्दरी,Sanskrit,1500 BCE - present (liturgical/classical)
సుబా,صوبہ,Urdu,not available
దండోరావేయు,దండోరా,Telugu,600 CE - present
దండోరావేయు,వేయు,Telugu,600 CE - present
గుంజుకొను,గుంజు,Telugu,600 CE - present
గుంజుకొను,కొను,Telugu,600 CE - present
చిచ్చుపెట్టు,చిచ్చు,Telugu,600 CE - present
చిచ్చుపెట్టు,పెట్టు,Telugu,600 CE - present
దీనత్వము,दीन,Sanskrit,1500 BCE - present (liturgical/classical)
వేపచెట్టు,వేప,Telugu,600 CE - present
వేపచెట్టు,చెట్టు,Telugu,600 CE - present
పద్మాక్షి,पद्माक्षी,Sanskrit,1500 BCE - present (liturgical/classical)
ద్వారపాలుడు,द्वारपाल,Sanskrit,1500 BCE - present (liturgical/classical)
ఈలకొట్టు,ఈల,Telugu,600 CE - present
ఈలకొట్టు,కొట్టు,Telugu,600 CE - present
ఈలవేయు,ఈల,Telugu,600 CE - present
ఈలవేయు,వేయు,Telugu,600 CE - present
సోదాచేయు,సోదా,Telugu,600 CE - present
సోదాచేయు,చేయు,Telugu,600 CE - present
జారుడుబల్ల,జారుడు,Telugu,600 CE - present
జారుడుబల్ల,బల్ల,Telugu,600 CE - present
పసివాడు,పసి,Telugu,600 CE - present
పసివాడు,వాడు,Telugu,600 CE - present
భక్తిమార్గము,భక్తి,Telugu,600 CE - present
భక్తిమార్గము,మార్గము,Telugu,600 CE - present
పక్కయెముక,పక్క,Telugu,600 CE - present
పక్కయెముక,య,Telugu,600 CE - present
పక్కయెముక,ఎముక,Telugu,600 CE - present
గుడిదీర్ఘము,గుడి,Telugu,600 CE - present
గుడిదీర్ఘము,దీర్ఘము,Telugu,600 CE - present
మాలపిల్ల,మాల,Telugu,600 CE - present
మాలపిల్ల,పిల్ల,Telugu,600 CE - present
కోడిపిల్ల,కోడి,Telugu,600 CE - present
కోడిపిల్ల,పిల్ల,Telugu,600 CE - present
వడమాల,వడ,Telugu,600 CE - present
వడమాల,మాల,Telugu,600 CE - present
ఇస్త్రీ,estirar,Portuguese,1516 CE - present
అత్యల్పము,అతి,Telugu,600 CE - present
అత్యల్పము,అల్పము,Telugu,600 CE - present
కీడుమేళ్లు,కీడు,Telugu,600 CE - present
కీడుమేళ్లు,మేలు,Telugu,600 CE - present
టంకసాల,టంకం,Telugu,600 CE - present
టంకసాల,సాల,Telugu,600 CE - present
త్యజించు,त्यजति,Sanskrit,1500 BCE - present (liturgical/classical)
బదులిచ్చు,బదులు,Telugu,600 CE - present
బదులిచ్చు,ఇచ్చు,Telugu,600 CE - present
కదంబము,कदम्ब,Sanskrit,1500 BCE - present (liturgical/classical)
వావిలికొలను,వావిలి,Telugu,600 CE - present
వావిలికొలను,కొలను,Telugu,600 CE - present
వరంబు,वर,Sanskrit,1500 BCE - present (liturgical/classical)
శార్దూలంబు,शार्दूल,Sanskrit,1500 BCE - present (liturgical/classical)
పల్లెపడుచు,పల్లె,Telugu,600 CE - present
పల్లెపడుచు,పడుచు,Telugu,600 CE - present
తస్స,*tačay,Proto-Dravidian,3000 BCE - 1500 BCE (disputed)
గణనయంత్రము,గణన,Telugu,600 CE - present
గణనయంత్రము,యంత్రము,Telugu,600 CE - present
దూరవాణి,దూరము,Telugu,600 CE - present
దూరవాణి,వాణి,Telugu,600 CE - present
చరవాణి,చరము,Telugu,600 CE - present
చరవాణి,వాణి,Telugu,600 CE - present
యూరప్,Europe,English,1550 CE - present
జిందగీ,زندگی,Urdu,not available
జిందగీ,ज़िन्दगी,Hindi,not available
మనస్పూర్తిగా,మనసు,Telugu,600 CE - present
మనస్పూర్తిగా,పూర్తిగా,Telugu,600 CE - present
చెన్నపట్నం,చెన్న,Telugu,600 CE - present
చెన్నపట్నం,పట్నం,Telugu,600 CE - present
సీమకోడి,సీమ,Telugu,600 CE - present
సీమకోడి,కోడి,Telugu,600 CE - present
దినోత్సవము,దినము,Telugu,600 CE - present
దినోత్సవము,ఉత్సవము,Telugu,600 CE - present
అంతర్జాలము,Internet,English,1550 CE - present
రాయబార కార్యాలయం,రాయభారము,Telugu,600 CE - present
రాయబార కార్యాలయం,కార్యాలయం,Telugu,600 CE - present
పిజ్జా,pizza,English,1550 CE - present
జ్ఞా,జ,Telugu,600 CE - present
జ్ఞా,్,Telugu,600 CE - present
జ్ఞా,ఞ,Telugu,600 CE - present
జ్ఞా,ా,Telugu,600 CE - present
జాపత్రి,जातिपत्री,Sanskrit,1500 BCE - present (liturgical/classical)
జవనిక,यवनिका,Sanskrit,1500 BCE - present (liturgical/classical)
ప్రణాళిక,प्रणालिका,Sanskrit,1500 BCE - present (liturgical/classical)
ఆసక్తి,आसक्ति,Sanskrit,1500 BCE - present (liturgical/classical)
సత్తా,सप्त,Sanskrit,1500 BCE - present (liturgical/classical)
అమూలాగ్రం,ఆ-,Telugu,600 CE - present
అమూలాగ్రం,మూలాగ్రం,Telugu,600 CE - present
దేవదారువు,देवदारु,Sanskrit,1500 BCE - present (liturgical/classical)
దిమాక్,دماغ,Urdu,not available
దిమాక్,दिमाग़,Hindi,not available
ప్రపంచవ్యాప్తంగా,ప్రపంచ,Telugu,600 CE - present
ప్రపంచవ్యాప్తంగా,వ్యాప్తంగా,Telugu,600 CE - present
కోల్‌కాతా,কলকাতা,Bengali,not available
హాస్పిటల్,hospital,English,1550 CE - present
బంగాళాదుంప,బంగాళా,Telugu,600 CE - present
బంగాళాదుంప,దుంప,Telugu,600 CE - present
ఉర్లగడ్డ,ಉರುಳೆಗಡ್ಡೆ,Kannada,450 CE - present
ఉర్లగడ్డ,ఉర్ల,Telugu,600 CE - present
ఉర్లగడ్డ,గడ్డ,Telugu,600 CE - present
తక్కాళీ,தக்காளி,Tamil,300 BCE - present
దౌత్య కార్యాలయం,దౌత్య,Telugu,600 CE - present
దౌత్య కార్యాలయం,కార్యాలయం,Telugu,600 CE - present
తక్‌దీర్,تقدیر,Urdu,not available
తక్‌దీర్,تَقْدِير,Arabic,600 CE - present
ఆంగ్ల,Anglo-,English,1550 CE - present
అంతర్జాతీయ ద్రవ్యనిధి,అంతర్జాతీయ,Telugu,600 CE - present
అంతర్జాతీయ ద్రవ్యనిధి,ద్రవ్యము,Telugu,600 CE - present
అంతర్జాతీయ ద్రవ్యనిధి,నిధి,Telugu,600 CE - present
కాబిల్,قابل,Urdu,not available
మెంటల్,mental,English,1550 CE - present
విమాన వాహక నౌక,విమానము,Telugu,600 CE - present
విమాన వాహక నౌక,వాహకము,Telugu,600 CE - present
విమాన వాహక నౌక,నౌక,Telugu,600 CE - present
అచ్చ,𑀅𑀘𑁆𑀙,pra,not available
అచ్చ,अच्छ,Sanskrit,1500 BCE - present (liturgical/classical)
సందేశము,संदेश,Sanskrit,1500 BCE - present (liturgical/classical)
సమాచారము,समाचार,Sanskrit,1500 BCE - present (liturgical/classical)
అధినేత,अभिनेतृ,Sanskrit,1500 BCE - present (liturgical/classical)
కన్నడ,ಕನ್ನಡ,Kannada,450 CE - present
ఆజాద్,آزاد‎,Urdu,not available
ఆజాద్,आज़ाद,Hindi,not available
ఖరీదు,خریدن,Persian,1000 CE - present
మేజా,mesa,Portuguese,1516 CE - present
మేజా,میز,Persian,1000 CE - present
మేజా,mess,English,1550 CE - present
అలమర,armário,Portuguese,1516 CE - present
చేమ,*keyampu,Proto-Dravidian,3000 BCE - 1500 BCE (disputed)
తుపాకి,تفنك,Ottoman Turkish,not available
పెయ్య,*pac-V-,Proto-Dravidian,3000 BCE - 1500 BCE (disputed)
కప్పము,*kapp-am,Proto-Dravidian,3000 BCE - 1500 BCE (disputed)
కమీజు,camisa,Portuguese,1516 CE - present
అని,*aṇi,Proto-Dravidian,3000 BCE - 1500 BCE (disputed)
కలను,*kaḷ-an,Proto-Dravidian,3000 BCE - 1500 BCE (disputed)
ఓటము,*ōṭ-ṭam,Proto-Dravidian,3000 BCE - 1500 BCE (disputed)
తేపు,*tē-,Proto-Dravidian,3000 BCE - 1500 BCE (disputed)
ఐక్యము,एक,Sanskrit,1500 BCE - present (liturgical/classical)
అగ్గిపెట్టె,అగ్గి,Telugu,600 CE - present
అగ్గిపెట్టె,పెట్టె,Telugu,600 CE - present
అగ్గిపెట్టు,అగ్గి,Telugu,600 CE - present
అగ్గిపెట్టు,పెట్టు,Telugu,600 CE - present
ప్రజ,प्रजा,Sanskrit,1500 BCE - present (liturgical/classical)
ఏడుకొండలు,ఏడు,Telugu,600 CE - present
ఏడుకొండలు,కొండలు,Telugu,600 CE - present
సినీనటుడు,సినిమా,Telugu,600 CE - present
సినీనటుడు,నటుడు,Telugu,600 CE - present
సినీనటి,సినిమా,Telugu,600 CE - present
సినీనటి,నటి,Telugu,600 CE - present
ప్రపంచ బ్యాంకు,World Bank,English,1550 CE - present
కృప,कृपा,Sanskrit,1500 BCE - present (liturgical/classical)
ఇలాతికాయ,ولائتی,Telugu,600 CE - present
ఇలాతికాయ,కాయ,Telugu,600 CE - present
ఇలాతికాయ,ఇలాతి,Telugu,600 CE - present
స్వర్గము,स्वर्ग,Sanskrit,1500 BCE - present (liturgical/classical)
ధన్యవాదాలు,धन्य,Sanskrit,1500 BCE - present (liturgical/classical)
బహుమూత్రము,బహు,Telugu,600 CE - present
బహుమూత్రము,మూత్రము,Telugu,600 CE - present
ఇక్షుమేహము,इक्षु,Telugu,600 CE - present
ఇక్షుమేహము,మేహము,Telugu,600 CE - present
ఇక్షుమేహము,ఇక్షువు,Telugu,600 CE - present
ఎర్రగడ్డ,ఎర్ర,Telugu,600 CE - present
ఎర్రగడ్డ,గడ్డ,Telugu,600 CE - present
షుగరు,sugar,English,1550 CE - present
షుగర్,sugar,English,1550 CE - present
కంప్యూటర్,computer,English,1550 CE - present
అగ్గినిప్పు,అగ్గి,Telugu,600 CE - present
అగ్గినిప్పు,నిప్పు,Telugu,600 CE - present
రేరాజు,రే,Telugu,600 CE - present
రేరాజు,రాజు,Telugu,600 CE - present
క్షప,क्षप्,Sanskrit,1500 BCE - present (liturgical/classical)
ట్రయిను,train,English,1550 CE - present
ప్రచ్ఛన్నయుద్ధము,ప్రచ్ఛన్నము,Telugu,600 CE - present
ప్రచ్ఛన్నయుద్ధము,యుద్ధము,Telugu,600 CE - present
అగ్రరాజ్యము,అగ్రము,Telugu,600 CE - present
అగ్రరాజ్యము,రాజ్యము,Telugu,600 CE - present
కాపి,copy,English,1550 CE - present
దరఖాస్తు,درخواست,Persian,1000 CE - present
సెనగ,चण,Sanskrit,1500 BCE - present (liturgical/classical)
ఇష్టపడు,ఇష్టము,Telugu,600 CE - present
ఇష్టపడు,పడు,Telugu,600 CE - present
తునితగవు,తుని,Telugu,600 CE - present
తునితగవు,తగవు,Telugu,600 CE - present
బోనము,भोजन,Sanskrit,1500 BCE - present (liturgical/classical)
రేడియోసినిమా,రేడియో,Telugu,600 CE - present
రేడియోసినిమా,సినిమా,Telugu,600 CE - present
అరుసు,राजन्,Sanskrit,1500 BCE - present (liturgical/classical)
అరుసు,ಅರಸು,Kannada,450 CE - present
డాకడ,డా,Telugu,600 CE - present
డాకడ,కడ,Telugu,600 CE - present
వడకుగుబ్బలి,వడకు,Telugu,600 CE - present
వడకుగుబ్బలి,గుబ్బలి,Telugu,600 CE - present
వడకుకొండ,వడకు,Telugu,600 CE - present
వడకుకొండ,కొండ,Telugu,600 CE - present
చన్నుగవ,చన్ను,Telugu,600 CE - present
చన్నుగవ,కవ,Telugu,600 CE - present
చన్నుపాలు,చన్ను,Telugu,600 CE - present
చన్నుపాలు,పాలు,Telugu,600 CE - present
బువ్వదిండి,బువ్వ,Telugu,600 CE - present
బువ్వదిండి,తిండి,Telugu,600 CE - present
నిరాహార,निराहार,Sanskrit,1500 BCE - present (liturgical/classical)
పడుచులతిండి,పడుచులు,Telugu,600 CE - present
పడుచులతిండి,తిండి,Telugu,600 CE - present
పొలదిండి,పొల,Telugu,600 CE - present
పొలదిండి,తిండి,Telugu,600 CE - present
తిండిపంద,తిండి,Telugu,600 CE - present
తిండిపంద,పంద,Telugu,600 CE - present
ఎరచితిండి,ఎరచి,Telugu,600 CE - present
ఎరచితిండి,తిండి,Telugu,600 CE - present
దుస్-,दुस्-,Sanskrit,1500 BCE - present (liturgical/classical)
దుస్-,*duš-,Proto-Indo-Aryan,2000 BCE - 1500 BCE
దుస్-,*duš-,Proto-Indo-Iranian,2200 BCE - 1800 BCE
దుస్-,*dus-,Proto-Indo-European,4500 BCE - 2500 BCE
పడుండు,పడి,Telugu,600 CE - present
పడుండు,ఉండు,Telugu,600 CE - present
వాకిలితలుపు,వాకిలి,Telugu,600 CE - present
వాకిలితలుపు,తలుపు,Telugu,600 CE - present
భటురాలు,भट,Sanskrit,1500 BCE - present (liturgical/classical)
వాకిటిలెంక,వాకిటి,Telugu,600 CE - present
వాకిటిలెంక,లెంక,Telugu,600 CE - present
చావుపడక,చావు,Telugu,600 CE - present
చావుపడక,పడక,Telugu,600 CE - present
త్రావునీరు,త్రావు,Telugu,600 CE - present
త్రావునీరు,నీరు,Telugu,600 CE - present
త్రావుబోతు,త్రావు,Telugu,600 CE - present
త్రావుబోతు,పోతు,Telugu,600 CE - present
చుట్టతాగు,చుట్ట,Telugu,600 CE - present
చుట్టతాగు,తాగు,Telugu,600 CE - present
చుట్టత్రావు,చుట్ట,Telugu,600 CE - present
చుట్టత్రావు,త్రావు,Telugu,600 CE - present
చుట్టత్రాగు,చుట్ట,Telugu,600 CE - present
చుట్టత్రాగు,త్రాగు,Telugu,600 CE - present
చుట్టపట్టు,చుట్ట,Telugu,600 CE - present
చుట్టపట్టు,పట్టు,Telugu,600 CE - present
పొగమంచు,పొగ,Telugu,600 CE - present
పొగమంచు,మంచు,Telugu,600 CE - present
మంచుగడ్డ,మంచు,Telugu,600 CE - present
మంచుగడ్డ,గడ్డ,Telugu,600 CE - present
పొగబాణము,పొగ,Telugu,600 CE - present
పొగబాణము,బాణము,Telugu,600 CE - present
పొగచెట్టు,పొగ,Telugu,600 CE - present
పొగచెట్టు,చెట్టు,Telugu,600 CE - present
పొగాకుచెట్టు,పొగ,Telugu,600 CE - present
పొగాకుచెట్టు,ఆకు,Telugu,600 CE - present
పొగాకుచెట్టు,చెట్టు,Telugu,600 CE - present
పొగకర్ర,పొగ,Telugu,600 CE - present
పొగకర్ర,కర్ర,Telugu,600 CE - present
పొగగూడు,పొగ,Telugu,600 CE - present
పొగగూడు,గూడు,Telugu,600 CE - present
మరుగుదొడ్డి,మరుగు,Telugu,600 CE - present
మరుగుదొడ్డి,దొడ్డి,Telugu,600 CE - present
మరుగుపెరడు,మరుగు,Telugu,600 CE - present
మరుగుపెరడు,పెరడు,Telugu,600 CE - present
కూరపెరడు,కూర,Telugu,600 CE - present
కూరపెరడు,పెరడు,Telugu,600 CE - present
పెరటిగుమ్మము,పెరటి,Telugu,600 CE - present
పెరటిగుమ్మము,గుమ్మము,Telugu,600 CE - present
పెరటిదోవ,పెరటి,Telugu,600 CE - present
పెరటిదోవ,దోవ,Telugu,600 CE - present
సాలెవాడు,సాలె,Telugu,600 CE - present
సాలెవాడు,వాడు,Telugu,600 CE - present
సాలె,जालिक,Sanskrit,1500 BCE - present (liturgical/classical)
బువ్వకుడుపు,బువ్వ,Telugu,600 CE - present
బువ్వకుడుపు,కుడుపు,Telugu,600 CE - present
అన్నప్రాశనము,अन्नप्राशन,Sanskrit,1500 BCE - present (liturgical/classical)
చావుదెబ్బ,చావు,Telugu,600 CE - present
చావుదెబ్బ,దెబ్బ,Telugu,600 CE - present
తొలిబువ్వము,తొలి,Telugu,600 CE - present
తొలిబువ్వము,బువ్వము,Telugu,600 CE - present
హరిబువ్వము,హరి,Telugu,600 CE - present
హరిబువ్వము,బువ్వము,Telugu,600 CE - present
ప్రొద్దుతిరుగుడు,ప్రొద్దు,Telugu,600 CE - present
ప్రొద్దుతిరుగుడు,తిరుగుడు,Telugu,600 CE - present
కలుకోట,కలు,Telugu,600 CE - present
కలుకోట,కోట,Telugu,600 CE - present
కలుగానుగ,కలు,Telugu,600 CE - present
కలుగానుగ,గానుగ,Telugu,600 CE - present
రాతిగానుగ,రాతి,Telugu,600 CE - present
రాతిగానుగ,గానుగ,Telugu,600 CE - present
కలుగుండు,కలు,Telugu,600 CE - present
కలుగుండు,గుండు,Telugu,600 CE - present
పెద్దరాయి,పెద్ద,Telugu,600 CE - present
పెద్దరాయి,రాయి,Telugu,600 CE - present
గండశైలము,गण्डशैल,Sanskrit,1500 BCE - present (liturgical/classical)
గండశిల,गण्डशिला,Sanskrit,1500 BCE - present (liturgical/classical)
తిరుగుడుచీల,తిరుగుడు,Telugu,600 CE - present
తిరుగుడుచీల,చీల,Telugu,600 CE - present
తిరుగుడునొక్కు,తిరుగుడు,Telugu,600 CE - present
తిరుగుడునొక్కు,నొక్కు,Telugu,600 CE - present
మలుచుట్టుచీల,మలుచుట్టు,Telugu,600 CE - present
మలుచుట్టుచీల,చీల,Telugu,600 CE - present
మలుచుట్టు,మలు,Telugu,600 CE - present
మలుచుట్టు,చుట్టు,Telugu,600 CE - present
మరచుట్టుచీల,మరచుట్టు,Telugu,600 CE - present
మరచుట్టుచీల,చీల,Telugu,600 CE - present
మరచుట్టు,మర,Telugu,600 CE - present
మరచుట్టు,చుట్టు,Telugu,600 CE - present
తక్కెడముల్లు,తక్కెడ,Telugu,600 CE - present
తక్కెడముల్లు,ముల్లు,Telugu,600 CE - present
త్రాసుముల్లు,త్రాసు,Telugu,600 CE - present
త్రాసుముల్లు,ముల్లు,Telugu,600 CE - present
తిరుగాణి,తిరుగు,Telugu,600 CE - present
తిరుగాణి,ఆణి,Telugu,600 CE - present
చెరుకుగానుగ,చెరుకు,Telugu,600 CE - present
చెరుకుగానుగ,గానుగ,Telugu,600 CE - present
గానుగరోలు,గానుగ,Telugu,600 CE - present
గానుగరోలు,రోలు,Telugu,600 CE - present
గానుగాడు,గానుగ,Telugu,600 CE - present
గానుగాడు,ఆడు,Telugu,600 CE - present
గానుగపిండి,గానుగ,Telugu,600 CE - present
గానుగపిండి,పిండి,Telugu,600 CE - present
పండుకొను,పండు,Telugu,600 CE - present
పండుకొను,కొను,Telugu,600 CE - present
పండబెట్టు,పండు,Telugu,600 CE - present
పండబెట్టు,పెట్టు,Telugu,600 CE - present
వాచచ్చిననాడు,వా,Telugu,600 CE - present
వాచచ్చిననాడు,చచ్చిన,Telugu,600 CE - present
వాచచ్చిననాడు,వాడు,Telugu,600 CE - present
బీగపుచెవి,బీగపు,Telugu,600 CE - present
బీగపుచెవి,చెవి,Telugu,600 CE - present
బీగమువేయు,బీగము,Telugu,600 CE - present
బీగమువేయు,వేయు,Telugu,600 CE - present
బీగముతీయు,బీగము,Telugu,600 CE - present
బీగముతీయు,తీయు,Telugu,600 CE - present
తాళపుచెవి,తాళపు,Telugu,600 CE - present
తాళపుచెవి,చెవి,Telugu,600 CE - present
తాళమువేయు,తాళము,Telugu,600 CE - present
తాళమువేయు,వేయు,Telugu,600 CE - present
చవిగొను,చవి,Telugu,600 CE - present
చవిగొను,కొను,Telugu,600 CE - present
చవికాని,చవి,Telugu,600 CE - present
చవికాని,కాని,Telugu,600 CE - present
వాచవి,వా,Telugu,600 CE - present
వాచవి,చవి,Telugu,600 CE - present
వాతెర,వా,Telugu,600 CE - present
వాతెర,తెర,Telugu,600 CE - present
వాపాఠము,వా,Telugu,600 CE - present
వాపాఠము,పాఠము,Telugu,600 CE - present
వాచరచు,వా,Telugu,600 CE - present
వాచరచు,చరచు,Telugu,600 CE - present
వాకట్టు,వా,Telugu,600 CE - present
వాకట్టు,కట్టు,Telugu,600 CE - present
తాటికల్లు,తాటి,Telugu,600 CE - present
తాటికల్లు,కల్లు,Telugu,600 CE - present
నారికేళపుకల్లు,నారికేళపు,Telugu,600 CE - present
నారికేళపుకల్లు,కల్లు,Telugu,600 CE - present
కొబ్బరికల్లు,కొబ్బరి,Telugu,600 CE - present
కొబ్బరికల్లు,కల్లు,Telugu,600 CE - present
కల్లుకుండ,కల్లు,Telugu,600 CE - present
కల్లుకుండ,కుండ,Telugu,600 CE - present
కల్లుపెంట,కల్లు,Telugu,600 CE - present
కల్లుపెంట,పెంట,Telugu,600 CE - present
కొవ్విరకల్లు,కొవ్విర,Telugu,600 CE - present
కొవ్విరకల్లు,కల్లు,Telugu,600 CE - present
ఉట్టిచీల,ఉట్టి,Telugu,600 CE - present
ఉట్టిచీల,చీల,Telugu,600 CE - present
నిడుపుచీల,నిడుపు,Telugu,600 CE - present
నిడుపుచీల,చీల,Telugu,600 CE - present
అడ్డచీల,అడ్డ,Telugu,600 CE - present
అడ్డచీల,చీల,Telugu,600 CE - present
నాగేటిచీల,నాగేటి,Telugu,600 CE - present
నాగేటిచీల,చీల,Telugu,600 CE - present
చీలమన్ను,చీల,Telugu,600 CE - present
చీలమన్ను,మన్ను,Telugu,600 CE - present
చేతివెల,చెతి,Telugu,600 CE - present
చేతివెల,వెల,Telugu,600 CE - present
ఋణము,ऋण,Sanskrit,1500 BCE - present (liturgical/classical)
బాంకి,bank,English,1550 CE - present
మేమరువు,మే,Telugu,600 CE - present
మేమరువు,మరువు,Telugu,600 CE - present
ఒడలిమరువు,ఒడలి,Telugu,600 CE - present
ఒడలిమరువు,మరువు,Telugu,600 CE - present
taxi,taximètre,French,1600 CE - present
taxi,Taxameter,German,750 CE - present
taxi,taxa,Medieval Latin,600 CE - 1400 CE
January,Januarie,Middle English,1150 CE - 1500 CE
January,genever,Anglo-Norman,not available
January,iānuārius,Latin,700 BCE - 500 CE
January,*h₁ey-,Proto-Indo-European,4500 BCE - 2500 BCE
February,Februarie,Middle English,1150 CE - 1500 CE
February,Februārius,Latin,700 BCE - 500 CE
February,*dʰewh₂-,Proto-Indo-European,4500 BCE - 2500 BCE
February,θεῖον,Ancient Greek,1500 BCE - 300 BCE
February,*dʰegʷʰris,Proto-Indo-European,4500 BCE - 2500 BCE
February,feoverel,Middle English,1150 CE - 1500 CE
February,feverier,Old French,800 CE - 1400 CE
भाषा,*bʰáHṣaH,Proto-Indo-Aryan,2000 BCE - 1500 BCE
भाषा,*bʰáHšaH,Proto-Indo-Iranian,2200 BCE - 1800 BCE
भाषा,*bʰeh₂-,Proto-Indo-European,4500 BCE - 2500 BCE
नदी,*nadíH,Proto-Indo-Iranian,2200 BCE - 1800 BCE
चक्र,*ćakrám,Proto-Indo-Aryan,2000 BCE - 1500 BCE
चक्र,*čakrám,Proto-Indo-Iranian,2200 BCE - 1800 BCE
चक्र,*kʷékʷlos,Proto-Indo-European,4500 BCE - 2500 BCE
मुष्टि,*muštíš,Proto-Indo-Iranian,2200 BCE - 1800 BCE
आशा,*ā́śā,Proto-Indo-Aryan,2000 BCE - 1500 BCE
आशा,*ā́ćā,Proto-Indo-Iranian,2200 BCE - 1800 BCE
कवि,*káwHiš,Proto-Indo-Iranian,2200 BCE - 1800 BCE
آلو,आलु,Sanskrit,1500 BCE - present (liturgical/classical)
रङ्ग,*reg-,Proto-Indo-European,4500 BCE - 2500 BCE
मणि,*maníṣ,Proto-Indo-Aryan,2000 BCE - 1500 BCE
मणि,*maníš,Proto-Indo-Iranian,2200 BCE - 1800 BCE
द्वार,*dwā́ram,Proto-Indo-Aryan,2000 BCE - 1500 BCE
द्वार,*dʰwā́ram,Proto-Indo-Iranian,2200 BCE - 1800 BCE
द्वार,*dʰworom,Proto-Indo-European,4500 BCE - 2500 BCE
सेना,*sáynaH,Proto-Indo-Iranian,2200 BCE - 1800 BCE
अग्नि,*Hagníṣ,Proto-Indo-Aryan,2000 BCE - 1500 BCE
अग्नि,*Hagnís,Proto-Indo-Iranian,2200 BCE - 1800 BCE
अग्नि,*h₁n̥gʷnís,Proto-Indo-European,4500 BCE - 2500 BCE
तारक,*Hstar-,Proto-Indo-Iranian,2200 BCE - 1800 BCE
तारक,*h₂stḗr,Proto-Indo-European,4500 BCE - 2500 BCE
आत्मन्,*HáHtmā,Proto-Indo-Aryan,2000 BCE - 1500 BCE
आत्मन्,*HáHtmā,Proto-Indo-Iranian,2200 BCE - 1800 BCE
द्वीप,*dwiHpás,Proto-Indo-Iranian,2200 BCE - 1800 BCE
hospital,hospital,Old Portuguese,870 CE - 1400 CE
hospital,hospitālis,Late Latin,200 CE - 600 CE
hospital,hospitālis,Latin,700 BCE - 500 CE
गो,*gā́wš,Proto-Indo-Iranian,2200 BCE - 1800 BCE
गो,*gʷṓws,Proto-Indo-European,4500 BCE - 2500 BCE
कन्या,*kanyáH,Proto-Indo-Iranian,2200 BCE - 1800 BCE
कन्या,*ken-,Proto-Indo-European,4500 BCE - 2500 BCE
समुद्र,*wódr̥,Proto-Indo-European,4500 BCE - 2500 BCE
हंस,*ȷ́ʰansás,Proto-Indo-Iranian,2200 BCE - 1800 BCE
हंस,*ǵʰh₂éns,Proto-Indo-European,4500 BCE - 2500 BCE
स्त्री,*stríH,Proto-Indo-Iranian,2200 BCE - 1800 BCE
गुहा,*gʰawȷ́ʰ-,Proto-Indo-Iranian,2200 BCE - 1800 BCE
मात्र,*mā́tram,Proto-Indo-Iranian,2200 BCE - 1800 BCE
स्नेह,*snáyźʰas,Proto-Indo-Aryan,2000 BCE - 1500 BCE
स्नेह,*snáyǰʰas,Proto-Indo-Iranian,2200 BCE - 1800 BCE
स्नेह,*snóygʷʰos,Proto-Indo-European,4500 BCE - 2500 BCE
chave,chave,Old Portuguese,870 CE - 1400 CE
chave,clāvis,Latin,700 BCE - 500 CE
chave,*klāwis,Proto-Italic,1000 BCE - 700 BCE (disputed)
chave,*(s)kleh₂w-,Proto-Indo-European,4500 BCE - 2500 BCE
मुख,*múkʰam,Proto-Indo-Aryan,2000 BCE - 1500 BCE
मुख,*múkʰam,Proto-Indo-Iranian,2200 BCE - 1800 BCE
मूत्र,*múHtrom,Proto-Indo-European,4500 BCE - 2500 BCE
योनि,*yawni,Proto-Indo-Iranian,2200 BCE - 1800 BCE
New York,new,English,1550 CE - present
New York,York,English,1550 CE - present
दक्षिण,*dáćšinas,Proto-Indo-Iranian,2200 BCE - 1800 BCE
ज़िला,ضِلْع,Arabic,600 CE - present
বাংলা,بنگاله,Persian,1000 CE - present
বাংলা,वङ्ग,Sanskrit,1500 BCE - present (liturgical/classical)
Shanghai,上海,Chinese,not available
Singapore,Singapura,Malay,not available
Singapore,सिंहपुर,Sanskrit,1500 BCE - present (liturgical/classical)
Singapore,सिंह,Sanskrit,1500 BCE - present (liturgical/classical)
Singapore,पुर,Sanskrit,1500 BCE - present (liturgical/classical)
विष्णु,*weys-,Proto-Indo-European,4500 BCE - 2500 BCE
हक़,حَقّ,Arabic,600 CE - present
حق,حَقّ,Arabic,600 CE - present
حق,حَقّ,Arabic,600 CE - present
March,March,Middle English,1150 CE - 1500 CE
March,marche,Anglo-Norman,not available
March,marz,Old French,800 CE - 1400 CE
March,mensis Mārtius,Latin,700 BCE - 500 CE
April,apprile,Middle English,1150 CE - 1500 CE
April,avrill,Old French,800 CE - 1400 CE
April,Aprīlis,Latin,700 BCE - 500 CE
April,𐌀𐌐𐌓𐌖,Etruscan,not available
April,Ἀφροδίτη,Ancient Greek,1500 BCE - 300 BCE
June,June,Middle English,1150 CE - 1500 CE
June,Juyn,Middle English,1150 CE - 1500 CE
June,juing,Old French,800 CE - 1400 CE
June,iūnius,Latin,700 BCE - 500 CE
June,*h₂yéwHō,Proto-Indo-European,4500 BCE - 2500 BCE
June,*h₂óyu,Proto-Indo-European,4500 BCE - 2500 BCE
May,May,Middle English,1150 CE - 1500 CE
May,mai,Old French,800 CE - 1400 CE
May,Māius,Latin,700 BCE - 500 CE
July,Julie,Middle English,1150 CE - 1500 CE
July,julie,Anglo-Norman,not available
July,jule,Old French,800 CE - 1400 CE
July,iūlius,Latin,700 BCE - 500 CE
August,August,Middle English,1150 CE - 1500 CE
August,Agustus,Old English,450 CE - 1150 CE
August,augustus,Latin,700 BCE - 500 CE
August,Augustus,Latin,700 BCE - 500 CE
September,septembre,Old French,800 CE - 1400 CE
September,september,Latin,700 BCE - 500 CE
September,*septḿ̥,Proto-Indo-European,4500 BCE - 2500 BCE
September,-ber,Latin,700 BCE - 500 CE
October,octobre,Old French,800 CE - 1400 CE
October,octōber,Latin,700 BCE - 500 CE
October,octō,Latin,700 BCE - 500 CE
October,*oḱtṓw,Proto-Indo-European,4500 BCE - 2500 BCE
October,-ber,Latin,700 BCE - 500 CE
November,Novembre,Middle English,1150 CE - 1500 CE
November,novembre,Old French,800 CE - 1400 CE
November,november,Latin,700 BCE - 500 CE
November,*h₁néwn̥,Proto-Indo-European,4500 BCE - 2500 BCE
November,-ber,Latin,700 BCE - 500 CE
December,December,Middle English,1150 CE - 1500 CE
December,decembre,Old French,800 CE - 1400 CE
December,december,Latin,700 BCE - 500 CE
December,decem,Latin,700 BCE - 500 CE
December,-ber,Latin,700 BCE - 500 CE
क्षीर,*kšiHrám,Proto-Indo-Iranian,2200 BCE - 1800 BCE
सरस्वती,*SáraswatiH,Proto-Indo-Aryan,2000 BCE - 1500 BCE
सरस्वती,*SáraswatiH,Proto-Indo-Iranian,2200 BCE - 1800 BCE
सरस्वती,*séles-wn̥t-ih₂,Proto-Indo-European,4500 BCE - 2500 BCE
फल,*paẓam,Proto-Dravidian,3000 BCE - 1500 BCE (disputed)
फल,*bʰel-,Proto-Indo-European,4500 BCE - 2500 BCE
क्रीडा,*kriẓḍ-,Proto-Indo-Aryan,2000 BCE - 1500 BCE
उदक,*wódr̥,Proto-Indo-European,4500 BCE - 2500 BCE
श्वेत,*ćwaytás,Proto-Indo-Iranian,2200 BCE - 1800 BCE
papa,papa,French,1600 CE - present
द्राक्षा,*dráHgẓʰaH,Proto-Indo-Aryan,2000 BCE - 1500 BCE
द्राक्षा,*dʰráHȷ́žʰaH,Proto-Indo-Iranian,2200 BCE - 1800 BCE
अम्बा,*(H)anmáH,Proto-Indo-Iranian,2200 BCE - 1800 BCE
वृषभ,*(w)r̥šabʰás,Proto-Indo-Iranian,2200 BCE - 1800 BCE
रहस्य,*raȷ́ʰ-,Proto-Indo-Iranian,2200 BCE - 1800 BCE
आलय,*sley-,Proto-Indo-European,4500 BCE - 2500 BCE
अमृत,*amŕ̥tas,Proto-Indo-Iranian,2200 BCE - 1800 BCE
अमृत,*n̥mr̥tós,Proto-Indo-European,4500 BCE - 2500 BCE
गोधूम,गो,Sanskrit,1500 BCE - present (liturgical/classical)
गोधूम,धूम,Sanskrit,1500 BCE - present (liturgical/classical)
चर्मन्,*čárma,Proto-Indo-Iranian,2200 BCE - 1800 BCE
चर्मन्,*(s)ker-,Proto-Indo-European,4500 BCE - 2500 BCE
पूर्ण,*pr̥Hnás,Proto-Indo-Iranian,2200 BCE - 1800 BCE
पूर्ण,*pl̥h₁nós,Proto-Indo-European,4500 BCE - 2500 BCE
अक्ष,*Háṭṣas,Proto-Indo-Aryan,2000 BCE - 1500 BCE
अक्ष,*Háćšas,Proto-Indo-Iranian,2200 BCE - 1800 BCE
अक्ष,*h₂eḱs-,Proto-Indo-European,4500 BCE - 2500 BCE
जननी,*ǵenh₁-,Proto-Indo-European,4500 BCE - 2500 BCE
जाति,*ȷ́aHtíṣ,Proto-Indo-Aryan,2000 BCE - 1500 BCE
जाति,*ȷ́áHtiš,Proto-Indo-Iranian,2200 BCE - 1800 BCE
जाति,*ǵénh₁tis,Proto-Indo-European,4500 BCE - 2500 BCE
रवि,*h₂rewi-,Proto-Indo-European,4500 BCE - 2500 BCE
युवन्,*HyúHā,Proto-Indo-Iranian,2200 BCE - 1800 BCE
युवन्,*h₂yéwHō,Proto-Indo-European,4500 BCE - 2500 BCE
barley,barly,Middle English,1150 CE - 1500 CE
barley,bærlīċ,Old English,450 CE - 1150 CE
barley,*baraz,Proto-Germanic,500 BCE - 500 CE
barley,*bʰars-,Proto-Indo-European,4500 BCE - 2500 BCE
teak,teca,Portuguese,1516 CE - present
teak,തേക്ക്,Malayalam,1200 CE - present (disputed)
teak,தேக்கு,Tamil,300 BCE - present
मध्य,*mádʰyas,Proto-Indo-Iranian,2200 BCE - 1800 BCE
मध्य,*médʰyos,Proto-Indo-European,4500 BCE - 2500 BCE
मन्,*man-,Proto-Indo-Iranian,2200 BCE - 1800 BCE
मन्,*men-,Proto-Indo-European,4500 BCE - 2500 BCE
मनस्,*mánas,Proto-Indo-Iranian,2200 BCE - 1800 BCE
मनस्,*ménos,Proto-Indo-European,4500 BCE - 2500 BCE
Cuba,cubao,Taíno,not available
श्री,*ćriHrás,Proto-Indo-Iranian,2200 BCE - 1800 BCE
नमस्कार,*némos,Proto-Indo-European,4500 BCE - 2500 BCE
राजन्,*h₃rḗǵs,Proto-Indo-European,4500 BCE - 2500 BCE
कपट,*kh₂emp-,Proto-Indo-European,4500 BCE - 2500 BCE
नगर,नृ,Sanskrit,1500 BCE - present (liturgical/classical)
नगर,*गर,Sanskrit,1500 BCE - present (liturgical/classical)
रात्रि,*HráHtriH,Proto-Indo-Aryan,2000 BCE - 1500 BCE
रात्रि,*HráHtriH,Proto-Indo-Iranian,2200 BCE - 1800 BCE
रात्रि,*Hréh₁trih₂,Proto-Indo-European,4500 BCE - 2500 BCE
रेखा,*h₁reh₁-,Proto-Indo-European,4500 BCE - 2500 BCE
धीर,*dʰer-,Proto-Indo-European,4500 BCE - 2500 BCE
धीर,*dʰeyh₂-,Proto-Indo-European,4500 BCE - 2500 BCE
धेनु,*dʰa(H)inúš,Proto-Indo-Iranian,2200 BCE - 1800 BCE
धेनु,*dʰeh₁(y)-,Proto-Indo-European,4500 BCE - 2500 BCE
हस्त,*ȷ́ʰástas,Proto-Indo-Iranian,2200 BCE - 1800 BCE
हस्त,*ǵʰes-,Proto-Indo-European,4500 BCE - 2500 BCE
pato,pato,Old Portuguese,870 CE - 1400 CE
pato,بَطّ,Andalusian Arabic,not available
pato,بَطّ,Arabic,600 CE - present
pato,بت,Persian,1000 CE - present
car,carre,Anglo-Norman,not available
car,carra,Latin,700 BCE - 500 CE
car,*karros,Gaulish,not available
car,*karros,Proto-Celtic,1000 BCE - 500 BCE (disputed)
car,*karzijaną,Proto-Germanic,500 BCE - 500 CE
car,*gers-,Proto-Indo-European,4500 BCE - 2500 BCE
वृक,*wŕ̥kas,Proto-Indo-Iranian,2200 BCE - 1800 BCE
वृक,*wĺ̥kʷos,Proto-Indo-European,4500 BCE - 2500 BCE
वृक्ष,*wr̥ćšás,Proto-Indo-Iranian,2200 BCE - 1800 BCE
इतिहास,इति,Sanskrit,1500 BCE - present (liturgical/classical)
इतिहास,ह,Sanskrit,1500 BCE - present (liturgical/classical)
इतिहास,आस,Sanskrit,1500 BCE - present (liturgical/classical)
जानु,*ȷ́ā́nu,Proto-Indo-Iranian,2200 BCE - 1800 BCE
जानु,*ǵónu,Proto-Indo-European,4500 BCE - 2500 BCE
काल,*kār,Proto-Dravidian,3000 BCE - 1500 BCE (disputed)
भक्ति,*bʰaktíṣ,Proto-Indo-Aryan,2000 BCE - 1500 BCE
भक्ति,*bʰaktíš,Proto-Indo-Iranian,2200 BCE - 1800 BCE
भक्ति,*bʰeh₂g-,Proto-Indo-European,4500 BCE - 2500 BCE
राम,*raHmás,Proto-Indo-Iranian,2200 BCE - 1800 BCE
राम,*reh₁mós,Proto-Indo-European,4500 BCE - 2500 BCE
कृष्ण,*kr̥šnás,Proto-Indo-Iranian,2200 BCE - 1800 BCE
कृष्ण,*kr̥snós,Proto-Indo-European,4500 BCE - 2500 BCE
tea,thee,Dutch,1500 CE - present
tea,茶,Min Nan,not available
tea,*s-la,Proto-Sino-Tibetan,not available
tea,茶,Chinese,not available
जय,*gʷey-,Proto-Indo-European,4500 BCE - 2500 BCE
वीर,*wiHrás,Proto-Indo-Iranian,2200 BCE - 1800 BCE
वीर,*wiHrós,Proto-Indo-European,4500 BCE - 2500 BCE
सप्तन्,*saptá,Proto-Indo-Aryan,2000 BCE - 1500 BCE
सप्तन्,*saptá,Proto-Indo-Iranian,2200 BCE - 1800 BCE
सप्तन्,*septḿ̥,Proto-Indo-European,4500 BCE - 2500 BCE
मांस,*māmsám,Proto-Indo-Iranian,2200 BCE - 1800 BCE
अर्घ,*Hargʰás,Proto-Indo-Iranian,2200 BCE - 1800 BCE
अर्घ,*h₂elgʷʰ-ós,Proto-Indo-European,4500 BCE - 2500 BCE
नारी,*Hnā́riš,Proto-Indo-Iranian,2200 BCE - 1800 BCE
Calcutta,কলকাতা,Bengali,not available
میدان,مَيْدَان,Arabic,600 CE - present
میدان,*médʰyos,Proto-Indo-European,4500 BCE - 2500 BCE
दर्भ,*darbʰás,Proto-Indo-Aryan,2000 BCE - 1500 BCE
दर्भ,*darbʰás,Proto-Indo-Iranian,2200 BCE - 1800 BCE
दर्भ,*derbʰ-,Proto-Indo-European,4500 BCE - 2500 BCE
عطر,عِطْر,Arabic,600 CE - present
bus,omnibus,English,1550 CE - present
ऋतु,*Hr̥túš,Proto-Indo-Iranian,2200 BCE - 1800 BCE
प्लव,*plew-,Proto-Indo-European,4500 BCE - 2500 BCE
प्लव,*prew-,Proto-Indo-European,4500 BCE - 2500 BCE
बहुधान्य,बहु,Sanskrit,1500 BCE - present (liturgical/classical)
बहुधान्य,धान्य,Sanskrit,1500 BCE - present (liturgical/classical)
वर,*wáras,Proto-Indo-Aryan,2000 BCE - 1500 BCE
वर,*wáras,Proto-Indo-Iranian,2200 BCE - 1800 BCE
वर,*wer-,Proto-Indo-European,4500 BCE - 2500 BCE
वर,*welh₁-,Proto-Indo-European,4500 BCE - 2500 BCE
mètre,metrum,Latin,700 BCE - 500 CE
mètre,μέτρον,Ancient Greek,1500 BCE - 300 BCE
harmonium,harmonium,French,1600 CE - present
अश्व,*Háśwas,Proto-Indo-Aryan,2000 BCE - 1500 BCE
अश्व,*Háćwas,Proto-Indo-Iranian,2200 BCE - 1800 BCE
अश्व,*h₁éḱwos,Proto-Indo-European,4500 BCE - 2500 BCE
खर,*kh₂er-,Proto-Indo-European,4500 BCE - 2500 BCE
खर,*kʰáras,Proto-Indo-Iranian,2200 BCE - 1800 BCE
चित्रभानु,चित्र,Sanskrit,1500 BCE - present (liturgical/classical)
चित्रभानु,भानु,Sanskrit,1500 BCE - present (liturgical/classical)
विक्रम,*weys-,Proto-Indo-European,4500 BCE - 2500 BCE
व्यय,वि-,Sanskrit,1500 BCE - present (liturgical/classical)
व्यय,इ,Sanskrit,1500 BCE - present (liturgical/classical)
व्यय,-अ,Sanskrit,1500 BCE - present (liturgical/classical)
जल,*ȷ́alám,Proto-Indo-Aryan,2000 BCE - 1500 BCE
collector,collectour,Middle English,1150 CE - 1500 CE
collector,collectour,Anglo-Norman,not available
collector,collector,Late Latin,200 CE - 600 CE
collector,colligō,Latin,700 BCE - 500 CE
अक्षि,*Hákṣi,Proto-Indo-Aryan,2000 BCE - 1500 BCE
अक्षि,*Hákši,Proto-Indo-Iranian,2200 BCE - 1800 BCE
अक्षि,*h₃ókʷs,Proto-Indo-European,4500 BCE - 2500 BCE
हरि,*źʰárHiṣ,Proto-Indo-Aryan,2000 BCE - 1500 BCE
हरि,*ȷ́ʰárHiš,Proto-Indo-Iranian,2200 BCE - 1800 BCE
हरि,*ǵʰelh₃-,Proto-Indo-European,4500 BCE - 2500 BCE
शर्करा,*śárkaraH,Proto-Indo-Aryan,2000 BCE - 1500 BCE
शर्करा,*ćárkaraH,Proto-Indo-Iranian,2200 BCE - 1800 BCE
शर्करा,*ḱorkeh₂,Proto-Indo-European,4500 BCE - 2500 BCE
सिंह,*sinźʰás,Proto-Indo-Aryan,2000 BCE - 1500 BCE
सिंह,*sinȷ́ʰás,Proto-Indo-Iranian,2200 BCE - 1800 BCE
सिंह,*sinǵʰo-,Proto-Indo-European,4500 BCE - 2500 BCE
abba,ἀββα,Ancient Greek,1500 BCE - 300 BCE
abba,אבא,Aramaic,not available
אבא,*ʔabw-,Proto-Semitic,not available
घोष,*gʰáwṣas,Proto-Indo-Aryan,2000 BCE - 1500 BCE
घोष,*gʰáwšas,Proto-Indo-Iranian,2200 BCE - 1800 BCE
ace,as,Old French,800 CE - 1400 CE
ace,as,Latin,700 BCE - 500 CE
ace,*h₁éǵʰs,Proto-Indo-European,4500 BCE - 2500 BCE
ace,*h₂eḱ-,Proto-Indo-European,4500 BCE - 2500 BCE
पत्नी,*pátniH,Proto-Indo-Iranian,2200 BCE - 1800 BCE
पत्नी,*pótnih₂,Proto-Indo-European,4500 BCE - 2500 BCE
पति,*pátiš,Proto-Indo-Iranian,2200 BCE - 1800 BCE
पति,*pótis,Proto-Indo-European,4500 BCE - 2500 BCE
भूमि,*bʰúHmiš,Proto-Indo-Iranian,2200 BCE - 1800 BCE
भूमि,*bʰuH-,Proto-Indo-European,4500 BCE - 2500 BCE
sabão,sabon,Old Portuguese,870 CE - 1400 CE
sabão,sāpōnem,Latin,700 BCE - 500 CE
sabão,*saipǭ,Proto-Germanic,500 BCE - 500 CE
sabão,*seyb-,Proto-Indo-European,4500 BCE - 2500 BCE
तराज़ू,𐬙𐬀𐬭𐬁𐬰𐬎,Avestan,not available
असुर,*Hásuras,Proto-Indo-Aryan,2000 BCE - 1500 BCE
असुर,*Hásuras,Proto-Indo-Iranian,2200 BCE - 1800 BCE
असुर,*h₂ems-,Proto-Indo-European,4500 BCE - 2500 BCE
गिरि,*gr̥Híš,Proto-Indo-Iranian,2200 BCE - 1800 BCE
गिरि,*gl̥h₁éys,Proto-Indo-European,4500 BCE - 2500 BCE
दण्ड,*taṇṭa,Proto-Dravidian,3000 BCE - 1500 BCE (disputed)
दन्त,*Hdánts,Proto-Indo-Iranian,2200 BCE - 1800 BCE
दन्त,*h₃dónts,Proto-Indo-European,4500 BCE - 2500 BCE
pump,pumpe,Middle English,1150 CE - 1500 CE
pump,pompe,Middle Dutch,1150 CE - 1500 CE
pump,pumpe,Middle Low German,1200 CE - 1600 CE
pump,pampoesje,Dutch,1500 CE - present
pump,pampus,Javanese,not available
pump,پاپوش,Persian,1000 CE - present
pump,بَابُوش,Arabic,600 CE - present
टीका,টিকা,Bengali,not available
टीका,तिलक,Sanskrit,1500 BCE - present (liturgical/classical)
टीका,टीका,Sanskrit,1500 BCE - present (liturgical/classical)
ध्वनि,*dʰwaníṣ,Proto-Indo-Aryan,2000 BCE - 1500 BCE
ध्वनि,*dʰwaníš,Proto-Indo-Iranian,2200 BCE - 1800 BCE
ध्वनि,*dʰwen-,Proto-Indo-European,4500 BCE - 2500 BCE
इष्ट,*Hiṣṭás,Proto-Indo-Aryan,2000 BCE - 1500 BCE
इष्ट,*Hištás,Proto-Indo-Iranian,2200 BCE - 1800 BCE
शोक,*śṓcati,Proto-Indo-Iranian,2200 BCE - 1800 BCE
शोक,*ḱewk-,Proto-Indo-European,4500 BCE - 2500 BCE
क्षम्,*ḍẓʰáHs,Proto-Indo-Aryan,2000 BCE - 1500 BCE
क्षम्,*ȷ́ʰžʰáHs,Proto-Indo-Iranian,2200 BCE - 1800 BCE
क्षम्,*dʰéǵʰōm,Proto-Indo-European,4500 BCE - 2500 BCE
क्षम्,*kšamH-,Proto-Indo-Iranian,2200 BCE - 1800 BCE
गणपति,गण,Sanskrit,1500 BCE - present (liturgical/classical)
गणपति,पति,Sanskrit,1500 BCE - present (liturgical/classical)
शुक,*kū-,Proto-Indo-European,4500 BCE - 2500 BCE
गृह,*gʰr̥dʰás,Proto-Indo-Iranian,2200 BCE - 1800 BCE
प्रभाकर,प्रभा,Sanskrit,1500 BCE - present (liturgical/classical)
प्रभाकर,कर,Sanskrit,1500 BCE - present (liturgical/classical)
मातृ,*máHtā,Proto-Indo-Iranian,2200 BCE - 1800 BCE
मातृ,*méh₂tēr,Proto-Indo-European,4500 BCE - 2500 BCE
धर्म,*dʰármas,Proto-Indo-Aryan,2000 BCE - 1500 BCE
अद्रि,*Hádriṣ,Proto-Indo-Aryan,2000 BCE - 1500 BCE
अद्रि,*Hádriš,Proto-Indo-Iranian,2200 BCE - 1800 BCE
अङ्ग,*Hángas,Proto-Indo-Aryan,2000 BCE - 1500 BCE
अङ्ग,*Hángas,Proto-Indo-Iranian,2200 BCE - 1800 BCE
अङ्ग,*h₂eng-,Proto-Indo-European,4500 BCE - 2500 BCE
दीपावलि,दीप,Sanskrit,1500 BCE - present (liturgical/classical)
दीपावलि,आवलि,Sanskrit,1500 BCE - present (liturgical/classical)
गर्भ,*gárbʰas,Proto-Indo-Iranian,2200 BCE - 1800 BCE
Panama,Panamá,Spanish,1600 CE - present
लघु,*Hlagʰúṣ,Proto-Indo-Aryan,2000 BCE - 1500 BCE
लघु,*Hlagʰúš,Proto-Indo-Iranian,2200 BCE - 1800 BCE
लघु,*h₁léngʰus,Proto-Indo-European,4500 BCE - 2500 BCE
शास्त्र,*śāstra,Proto-Indo-Aryan,2000 BCE - 1500 BCE
शास्त्र,*ḱeh₁s-,Proto-Indo-European,4500 BCE - 2500 BCE
pack,pak,Middle English,1150 CE - 1500 CE
pack,pæcca,Old English,450 CE - 1150 CE
pack,pak,Middle Dutch,1150 CE - 1500 CE
pack,*pakkô,Proto-Germanic,500 BCE - 500 CE
pack,pakken,Middle English,1150 CE - 1500 CE
दिन,*dinám,Proto-Indo-Aryan,2000 BCE - 1500 BCE
दिन,*dinám,Proto-Indo-Iranian,2200 BCE - 1800 BCE
दिन,*dyew-,Proto-Indo-European,4500 BCE - 2500 BCE
हिमालय,हिम,Sanskrit,1500 BCE - present (liturgical/classical)
हिमालय,आलय,Sanskrit,1500 BCE - present (liturgical/classical)
हृदय,*źʰŕ̥dayam,Proto-Indo-Aryan,2000 BCE - 1500 BCE
हृदय,*ȷ́ʰŕ̥dayam,Proto-Indo-Iranian,2200 BCE - 1800 BCE
हृदय,*ḱr̥d-,Proto-Indo-European,4500 BCE - 2500 BCE
नामन्,*Hnā́ma,Proto-Indo-Iranian,2200 BCE - 1800 BCE
नामन्,*h₁nómn̥,Proto-Indo-European,4500 BCE - 2500 BCE
शिरस्,*śŕ̥Has,Proto-Indo-Aryan,2000 BCE - 1500 BCE
शिरस्,*ćŕ̥Has,Proto-Indo-Iranian,2200 BCE - 1800 BCE
नाग,𒀭𒈾,Sumerian,not available
नाग,*negʷ-,Proto-Indo-European,4500 BCE - 2500 BCE
carbon,carbō,Latin,700 BCE - 500 CE
carbon,*kerh₃-,Proto-Indo-European,4500 BCE - 2500 BCE
गति,*gátiš,Proto-Indo-Iranian,2200 BCE - 1800 BCE
गति,*gʷémtis,Proto-Indo-European,4500 BCE - 2500 BCE
pencil,pincil,Old French,800 CE - 1400 CE
pencil,pēnicillum,Latin,700 BCE - 500 CE
κάλαμος,*ḱolh₂mos,Proto-Indo-European,4500 BCE - 2500 BCE
अरण्य,*h₂el-,Proto-Indo-European,4500 BCE - 2500 BCE
गृध्र,*gr̥dʰrás,Proto-Indo-Iranian,2200 BCE - 1800 BCE
राशि,*rāśíṣ,Proto-Indo-Aryan,2000 BCE - 1500 BCE
राशि,*rāćíš,Proto-Indo-Iranian,2200 BCE - 1800 BCE
दीर्घ,*dr̥Hgʰás,Proto-Indo-Iranian,2200 BCE - 1800 BCE
दीर्घ,*dl̥h₁gʰós,Proto-Indo-European,4500 BCE - 2500 BCE
राष्ट्रपति,राष्ट्रपति,Sanskrit,1500 BCE - present (liturgical/classical)
अहम्,*aźʰám,Proto-Indo-Aryan,2000 BCE - 1500 BCE
अहम्,*aȷ́ʰám,Proto-Indo-Iranian,2200 BCE - 1800 BCE
अहम्,*éǵh₂,Proto-Indo-European,4500 BCE - 2500 BCE
सु-,*Hsu-,Proto-Indo-Aryan,2000 BCE - 1500 BCE
सु-,*Hsu-,Proto-Indo-Iranian,2200 BCE - 1800 BCE
सु-,*h₁su-,Proto-Indo-European,4500 BCE - 2500 BCE
मति,*matíš,Proto-Indo-Iranian,2200 BCE - 1800 BCE
मति,*méntis,Proto-Indo-European,4500 BCE - 2500 BCE
जन,*ȷ́ánHas,Proto-Indo-Aryan,2000 BCE - 1500 BCE
जन,*ȷ́ánHas,Proto-Indo-Iranian,2200 BCE - 1800 BCE
जन,*ǵénh₁os,Proto-Indo-European,4500 BCE - 2500 BCE
rail,rail,Middle English,1150 CE - 1500 CE
rail,regol,Old English,450 CE - 1150 CE
rail,reille,Old French,800 CE - 1400 CE
rail,regula,Latin,700 BCE - 500 CE
rail,râle,French,1600 CE - present
rail,raalle,Middle French,1340 CE - 1610 CE
rail,rasle,Old French,800 CE - 1400 CE
rail,railler,Middle French,1340 CE - 1610 CE
rail,hræġl,Old English,450 CE - 1150 CE
rail,raier,Anglo-Norman,not available
rail,raier,Middle French,1340 CE - 1610 CE
विधवा,*HwidʰáwaH,Proto-Indo-Iranian,2200 BCE - 1800 BCE
विधवा,*h₁widʰéwh₂,Proto-Indo-European,4500 BCE - 2500 BCE
भुज्,*bʰewgʰ-,Proto-Indo-European,4500 BCE - 2500 BCE
भुज्,*bʰewg-,Proto-Indo-European,4500 BCE - 2500 BCE
नष्ट,*naṣṭás,Proto-Indo-Aryan,2000 BCE - 1500 BCE
नष्ट,*naštás,Proto-Indo-Iranian,2200 BCE - 1800 BCE
आशु,*HaHśúṣ,Proto-Indo-Aryan,2000 BCE - 1500 BCE
आशु,*HaHćúš,Proto-Indo-Iranian,2200 BCE - 1800 BCE
शिव,*ḱey-,Proto-Indo-European,4500 BCE - 2500 BCE
शिव,*ḱewh₁-,Proto-Indo-European,4500 BCE - 2500 BCE
जीव,*ǰiHwás,Proto-Indo-Iranian,2200 BCE - 1800 BCE
जीव,*gʷih₃wós,Proto-Indo-European,4500 BCE - 2500 BCE
रुधिर,*Hrudʰrás,Proto-Indo-Aryan,2000 BCE - 1500 BCE
रुधिर,*Hrudʰrás,Proto-Indo-Iranian,2200 BCE - 1800 BCE
रुधिर,*h₁rudʰrós,Proto-Indo-European,4500 BCE - 2500 BCE
दश,*dáśa,Proto-Indo-Aryan,2000 BCE - 1500 BCE
दश,*dáća,Proto-Indo-Iranian,2200 BCE - 1800 BCE
दश,*déḱm̥,Proto-Indo-European,4500 BCE - 2500 BCE
दुहितृ,*dʰugʰdʰā,Proto-Indo-Iranian,2200 BCE - 1800 BCE
दुहितृ,*dʰugh₂tḗr,Proto-Indo-European,4500 BCE - 2500 BCE
जिह्वा,*ȷ́iźʰwáH,Proto-Indo-Aryan,2000 BCE - 1500 BCE
जिह्वा,*ȷ́iȷ́ʰwáH,Proto-Indo-Iranian,2200 BCE - 1800 BCE
जिह्वा,*dn̥ǵʰwéh₂s,Proto-Indo-European,4500 BCE - 2500 BCE
नक्त,*nókʷts,Proto-Indo-European,4500 BCE - 2500 BCE
पितृ,*pHtā́,Proto-Indo-Iranian,2200 BCE - 1800 BCE
पितृ,*ph₂tḗr,Proto-Indo-European,4500 BCE - 2500 BCE
विंशति,*HwiHćatí,Proto-Indo-Iranian,2200 BCE - 1800 BCE
विंशति,*h₁wih₁ḱm̥ti,Proto-Indo-European,4500 BCE - 2500 BCE
स्थिर,*stHrás,Proto-Indo-Iranian,2200 BCE - 1800 BCE
स्थिर,*steh₂-,Proto-Indo-European,4500 BCE - 2500 BCE
शिशिर,*ḱel-,Proto-Indo-European,4500 BCE - 2500 BCE
तन्त्र,*tántram,Proto-Indo-Aryan,2000 BCE - 1500 BCE
तन्त्र,*tántram,Proto-Indo-Iranian,2200 BCE - 1800 BCE
तन्त्र,*téntlom,Proto-Indo-European,4500 BCE - 2500 BCE
ऋषि,*ŕ̥ṣiṣ,Proto-Indo-Aryan,2000 BCE - 1500 BCE
ऋषि,*r̥šíš,Proto-Indo-Iranian,2200 BCE - 1800 BCE
तान,*tā́nas,Proto-Indo-Aryan,2000 BCE - 1500 BCE
तान,*tā́nas,Proto-Indo-Iranian,2200 BCE - 1800 BCE
तान,*tónos,Proto-Indo-European,4500 BCE - 2500 BCE
प्रीति,*priHtíš,Proto-Indo-Iranian,2200 BCE - 1800 BCE
अस्थि,*Hástʰi,Proto-Indo-Iranian,2200 BCE - 1800 BCE
Burma,ဗမာ,Burmese,not available
東京,東京,Vietnamese,not available
Persia,Περσίς,Ancient Greek,1500 BCE - 300 BCE
Baghdad,بَغْدَاد,Arabic,600 CE - present
Baghdad,بغداد,Persian,1000 CE - present
सिन्धु,*síndʰuṣ,Proto-Indo-Aryan,2000 BCE - 1500 BCE
सिन्धु,*síndʰuš,Proto-Indo-Iranian,2200 BCE - 1800 BCE
शाला,*ḱel-eh₂,Proto-Indo-European,4500 BCE - 2500 BCE
सर्व,*sárwas,Proto-Indo-Aryan,2000 BCE - 1500 BCE
सर्व,*sárwas,Proto-Indo-Iranian,2200 BCE - 1800 BCE
सर्व,*sólh₂wos,Proto-Indo-European,4500 BCE - 2500 BCE
पुत्र,*putrás,Proto-Indo-Iranian,2200 BCE - 1800 BCE
पुत्र,*peh₂w-,Proto-Indo-European,4500 BCE - 2500 BCE
सभापति,सभा,Sanskrit,1500 BCE - present (liturgical/classical)
सभापति,पति,Sanskrit,1500 BCE - present (liturgical/classical)
भूपति,भू,Sanskrit,1500 BCE - present (liturgical/classical)
भूपति,पति,Sanskrit,1500 BCE - present (liturgical/classical)
Ankara,Ankara,Turkish,not available
Ankara,آنقره,Ottoman Turkish,not available
Ankara,Ἄγκυρα,Ancient Greek,1500 BCE - 300 BCE
Ankara,آنقره,Ottoman Turkish,not available
पुरुष,*pŕ̥Hṣas,Proto-Indo-Aryan,2000 BCE - 1500 BCE
पुरुष,*perh₃-,Proto-Indo-European,4500 BCE - 2500 BCE
वरुण,*Hwárunas,Proto-Indo-Aryan,2000 BCE - 1500 BCE
वरुण,*Hwárunas,Proto-Indo-Iranian,2200 BCE - 1800 BCE
دربار,دربار,Persian,1000 CE - present
دیوان,dywʾn',Middle Persian,300 BCE - 651 CE
लाक्षा,*laḱs-,Proto-Indo-European,4500 BCE - 2500 BCE
लूट,लुण्ट्,Sanskrit,1500 BCE - present (liturgical/classical)
पैसा,पद,Sanskrit,1500 BCE - present (liturgical/classical)
पैसा,अंश,Sanskrit,1500 BCE - present (liturgical/classical)
पक्का,पक्व,Sanskrit,1500 BCE - present (liturgical/classical)
پرده,pltk',Middle Persian,300 BCE - 651 CE
پرده,*pleh₂-,Proto-Indo-European,4500 BCE - 2500 BCE
भय,*bʰeyh₂-,Proto-Indo-European,4500 BCE - 2500 BCE
दोष,*dáwṣas,Proto-Indo-Aryan,2000 BCE - 1500 BCE
दोष,*dáwšas,Proto-Indo-Iranian,2200 BCE - 1800 BCE
दोष,*dew-,Proto-Indo-European,4500 BCE - 2500 BCE
अभि,*Habʰí,Proto-Indo-Aryan,2000 BCE - 1500 BCE
अभि,*Habʰí,Proto-Indo-Iranian,2200 BCE - 1800 BCE
अभि,*h₂m̥bʰi,Proto-Indo-European,4500 BCE - 2500 BCE
आयुर्वेद,आयुस्,Sanskrit,1500 BCE - present (liturgical/classical)
आयुर्वेद,वेद,Sanskrit,1500 BCE - present (liturgical/classical)
bombe,bomba,Italian,1400 CE - present
bombe,bombus,Latin,700 BCE - 500 CE
degree,degre,Middle English,1150 CE - 1500 CE
degree,degré,Old French,800 CE - 1400 CE
degree,gradus,Latin,700 BCE - 500 CE
degré,gradus,Latin,700 BCE - 500 CE
coffee,koffie,Dutch,1500 CE - present
coffee,caffè,Italian,1400 CE - present
coffee,قهوه,Ottoman Turkish,not available
coffee,قَهْوَة,Arabic,600 CE - present
governor,governour,Middle English,1150 CE - 1500 CE
governor,gouvreneur,Old French,800 CE - 1400 CE
governor,gubernator,Latin,700 BCE - 500 CE
governor,κυβερνήτης,Ancient Greek,1500 BCE - 300 BCE
gouvreneur,gubernator,Latin,700 BCE - 500 CE
vote,vōtum,Latin,700 BCE - 500 CE
vote,*h₁wegʷʰ-,Proto-Indo-European,4500 BCE - 2500 BCE
प्रति,*per-,Proto-Indo-European,4500 BCE - 2500 BCE
दूत,*duHtás,Proto-Indo-Iranian,2200 BCE - 1800 BCE
दूत,*dweh₂-,Proto-Indo-European,4500 BCE - 2500 BCE
तीर्थ,*tr̥Htʰám,Proto-Indo-Aryan,2000 BCE - 1500 BCE
तीर्थ,*tr̥Htʰám,Proto-Indo-Iranian,2200 BCE - 1800 BCE
विश्व,*wíśwas,Proto-Indo-Aryan,2000 BCE - 1500 BCE
विश्व,*wíćwas,Proto-Indo-Iranian,2200 BCE - 1800 BCE
विश्व,*(h₁)wiḱ-wo-s,Proto-Indo-European,4500 BCE - 2500 BCE
नास्तिक,न,Sanskrit,1500 BCE - present (liturgical/classical)
नास्तिक,आस्तिक,Sanskrit,1500 BCE - present (liturgical/classical)
भाम,*bʰáHmas,Proto-Indo-Aryan,2000 BCE - 1500 BCE
भाम,*bʰáHmas,Proto-Indo-Iranian,2200 BCE - 1800 BCE
वास्तु,*Hwā́stu,Proto-Indo-Aryan,2000 BCE - 1500 BCE
वास्तु,*Hwā́stu,Proto-Indo-Iranian,2200 BCE - 1800 BCE
वास्तु,*h₂wóstu,Proto-Indo-European,4500 BCE - 2500 BCE
शिरोमणि,शिरस्,Sanskrit,1500 BCE - present (liturgical/classical)
शिरोमणि,मणि,Sanskrit,1500 BCE - present (liturgical/classical)
मुहूर्त,*mr̥ȷ́ʰúš,Proto-Indo-Iranian,2200 BCE - 1800 BCE
मुहूर्त,*mréǵʰus,Proto-Indo-European,4500 BCE - 2500 BCE
अहि,*Háǰʰiš,Proto-Indo-Iranian,2200 BCE - 1800 BCE
अहि,*h₁ógʷʰis,Proto-Indo-European,4500 BCE - 2500 BCE
شال,दुशाला,Hindi,not available
شال,शाटी,Sanskrit,1500 BCE - present (liturgical/classical)
नव्य,*náwyas,Proto-Indo-Aryan,2000 BCE - 1500 BCE
नव्य,*náwyas,Proto-Indo-Iranian,2200 BCE - 1800 BCE
नव्य,*néwyos,Proto-Indo-European,4500 BCE - 2500 BCE
Conley,Connlaodh,Irish,not available
Conley,Conláed,Old Irish,not available
Conley,Ó Conghalaigh,Irish,not available
बुद्धि,*bʰúddʰiṣ,Proto-Indo-Aryan,2000 BCE - 1500 BCE
बुद्धि,*bʰúdᶻdʰiš,Proto-Indo-Iranian,2200 BCE - 1800 BCE
वयस्,*wáyHas,Proto-Indo-Iranian,2200 BCE - 1800 BCE
वयस्,*weyh₁-,Proto-Indo-European,4500 BCE - 2500 BCE
अग्रज,अग्र,Sanskrit,1500 BCE - present (liturgical/classical)
अग्रज,ज,Sanskrit,1500 BCE - present (liturgical/classical)
सुधापाणि,सुधा,Sanskrit,1500 BCE - present (liturgical/classical)
सुधापाणि,पाणि,Sanskrit,1500 BCE - present (liturgical/classical)
राज्ञी,*h₃rḗǵnih₂,Proto-Indo-European,4500 BCE - 2500 BCE
𑘨𑘰𑘜𑘲,𑀭𑀸𑀡𑀻,Prakrit,500 BCE - 1000 CE
𑘨𑘰𑘜𑘲,राज्ञी,Sanskrit,1500 BCE - present (liturgical/classical)
रक्षति,*Hrákṣati,Proto-Indo-Aryan,2000 BCE - 1500 BCE
रक्षति,*Hrákšati,Proto-Indo-Iranian,2200 BCE - 1800 BCE
रक्षति,*h₂lékseti,Proto-Indo-European,4500 BCE - 2500 BCE
अन्नपूर्णा,अन्न,Sanskrit,1500 BCE - present (liturgical/classical)
अन्नपूर्णा,पूर्ण,Sanskrit,1500 BCE - present (liturgical/classical)
number,number,Middle English,1150 CE - 1500 CE
number,noumbre,Anglo-Norman,not available
number,nombre,Old French,800 CE - 1400 CE
number,numerus,Latin,700 BCE - 500 CE
number,*nem-,Proto-Indo-European,4500 BCE - 2500 BCE
पूर्व,*pr̥Hwás,Proto-Indo-Aryan,2000 BCE - 1500 BCE
पूर्व,*pr̥Hwás,Proto-Indo-Iranian,2200 BCE - 1800 BCE
शाखा,*śā́kʰaH,Proto-Indo-Aryan,2000 BCE - 1500 BCE
शाखा,*ćā́kʰaH,Proto-Indo-Iranian,2200 BCE - 1800 BCE
शाखा,*ḱókh₂eh₂,Proto-Indo-European,4500 BCE - 2500 BCE
लज्जा,*lazȷ́-,Proto-Indo-Aryan,2000 BCE - 1500 BCE
उद्र,*udrás,Proto-Indo-Iranian,2200 BCE - 1800 BCE
उद्र,*udrós,Proto-Indo-European,4500 BCE - 2500 BCE
ink,ynke,Middle English,1150 CE - 1500 CE
ink,enque,Old French,800 CE - 1400 CE
ink,encaustum,Latin,700 BCE - 500 CE
ink,ἔγκαυστον,Ancient Greek,1500 BCE - 300 BCE
encaustum,ἔγκαυστον,Ancient Greek,1500 BCE - 300 BCE
मनुष्य,*manuṣyás,Proto-Indo-Aryan,2000 BCE - 1500 BCE
मनुष्य,*manušyás,Proto-Indo-Iranian,2200 BCE - 1800 BCE
मनुष्य,*mon-,Proto-Indo-European,4500 BCE - 2500 BCE
stamp,stampen,Middle English,1150 CE - 1500 CE
stamp,*stampian,Old English,450 CE - 1150 CE
stamp,*stampōn,Proto-West Germanic,before 500 CE (unconfirmed)
stamp,*stampōną,Proto-Germanic,500 BCE - 500 CE
stamp,*stemb-,Proto-Indo-European,4500 BCE - 2500 BCE
Jerusalem,Ierusalem,Late Latin,200 CE - 600 CE
Jerusalem,Ἰερουσαλήμ,Ancient Greek,1500 BCE - 300 BCE
Jerusalem,יְרוּשָׁלַיִם,Biblical Hebrew,1000 BCE - 500 BCE
Ἰσραήλ,ישראל,Hebrew,900 BCE - 500 CE
police,police,Middle French,1340 CE - 1610 CE
police,polītīa,Latin,700 BCE - 500 CE
police,πολιτεία,Ancient Greek,1500 BCE - 300 BCE
politia,πολῑτείᾱ,Ancient Greek,1500 BCE - 300 BCE
potassium,potasch,Dutch,1500 CE - present
lithium,lithium,New Latin,not available
lithium,λίθος,Ancient Greek,1500 BCE - 300 BCE
मुष्क,मूष्,Sanskrit,1500 BCE - present (liturgical/classical)
मुष्क,-क,Sanskrit,1500 BCE - present (liturgical/classical)
मुष्क,*múHs,Proto-Indo-Iranian,2200 BCE - 1800 BCE
मुष्क,*muh₂s,Proto-Indo-European,4500 BCE - 2500 BCE
Japan,Jepang,Malay,not available
Japan,日本,Chinese,not available
चीन,秦,Old Chinese,not available
Ireland,", , , ",Middle English,1150 CE - 1500 CE
Ireland,Īrland,Old English,450 CE - 1150 CE
Ireland,Ériu,Old Irish,not available
Éire,Ériu,Old Irish,not available
Éire,*Φīweryū,Proto-Celtic,1000 BCE - 500 BCE (disputed)
Éire,*piHweryon-,Proto-Indo-European,4500 BCE - 2500 BCE
magnesium,magnēsium,New Latin,not available
magnesium,μαγνησία,Ancient Greek,1500 BCE - 300 BCE
helium,helium,New Latin,not available
helium,ἥλιος,Ancient Greek,1500 BCE - 300 BCE
fluorine,fluor,Latin,700 BCE - 500 CE
neon,νέον,Ancient Greek,1500 BCE - 300 BCE
neon,*newos,Proto-Hellenic,2200 BCE - 1800 BCE
neon,*néwos,Proto-Indo-European,4500 BCE - 2500 BCE
silicon,silex,Latin,700 BCE - 500 CE
chlorine,χλωρός,Ancient Greek,1500 BCE - 300 BCE
χλωρός,*kʰlōrós,Proto-Hellenic,2200 BCE - 1800 BCE
χλωρός,*ǵʰelh₃-,Proto-Indo-European,4500 BCE - 2500 BCE
argon,ἀργόν,Ancient Greek,1500 BCE - 300 BCE
calcium,calx,Latin,700 BCE - 500 CE
निद्रा,*HnidráH,Proto-Indo-Iranian,2200 BCE - 1800 BCE
शीघ्र,*śiHgʰrás,Proto-Indo-Aryan,2000 BCE - 1500 BCE
शीघ्र,*ćiHgʰrás,Proto-Indo-Iranian,2200 BCE - 1800 BCE
शीघ्र,*ḱeygʰ-,Proto-Indo-European,4500 BCE - 2500 BCE
soda,سُوَيْدَاء,Arabic,600 CE - present
परि,*pári,Proto-Indo-Aryan,2000 BCE - 1500 BCE
परि,*pári,Proto-Indo-Iranian,2200 BCE - 1800 BCE
परि,*per-,Proto-Indo-European,4500 BCE - 2500 BCE
telephone,téléphone,French,1600 CE - present
telephone,τῆλε,Ancient Greek,1500 BCE - 300 BCE
τῆλε,*kʷel-,Proto-Indo-European,4500 BCE - 2500 BCE
बहु,*baźʰúṣ,Proto-Indo-Aryan,2000 BCE - 1500 BCE
बहु,*bʰaȷ́ʰúš,Proto-Indo-Iranian,2200 BCE - 1800 BCE
बहु,*bʰénǵʰus,Proto-Indo-European,4500 BCE - 2500 BCE
chromium,chrome,French,1600 CE - present
chromium,χρῶμα,Ancient Greek,1500 BCE - 300 BCE
rum,saccharum,Latin,700 BCE - 500 CE
rum,roemer,Dutch,1500 CE - present
beer,bere,Middle English,1150 CE - 1500 CE
beer,bēor,Old English,450 CE - 1150 CE
beer,*beuʀ,Proto-West Germanic,before 500 CE (unconfirmed)
beer,*beuzą,Proto-Germanic,500 BCE - 500 CE
beer,beere,Middle English,1150 CE - 1500 CE
होरा,ὥρα,Ancient Greek,1500 BCE - 300 BCE
ὥρα,*yóh₁r̥,Proto-Indo-European,4500 BCE - 2500 BCE
European,Européen,French,1600 CE - present
European,europaeus,Latin,700 BCE - 500 CE
European,Εὐρωπαῖος,Ancient Greek,1500 BCE - 300 BCE
London,London,Middle English,1150 CE - 1500 CE
London,Lunden,Old English,450 CE - 1150 CE
London,Londinium,Latin,700 BCE - 500 CE
inspector,īnspector,Latin,700 BCE - 500 CE
ribbon,riban,Middle English,1150 CE - 1500 CE
ribbon,riban,Old French,800 CE - 1400 CE
century,centurie,Middle English,1150 CE - 1500 CE
century,centurie,Old French,800 CE - 1400 CE
century,centuria,Latin,700 BCE - 500 CE
out,out,Middle English,1150 CE - 1500 CE
out,ūt,Old English,450 CE - 1150 CE
out,*ūt,Proto-Germanic,500 BCE - 500 CE
out,ūte,Old English,450 CE - 1150 CE
out,*ūtai,Proto-Germanic,500 BCE - 500 CE
out,*úd,Proto-Indo-European,4500 BCE - 2500 BCE
silver,silver,Middle English,1150 CE - 1500 CE
silver,seolfor,Old English,450 CE - 1150 CE
silver,*silubr,Proto-West Germanic,before 500 CE (unconfirmed)
silver,*silubrą,Proto-Germanic,500 BCE - 500 CE
silver,Silberhochzeit,German,750 CE - present
गोष्ठ,गो,Sanskrit,1500 BCE - present (liturgical/classical)
गोष्ठ,स्थ,Sanskrit,1500 BCE - present (liturgical/classical)
board,bord,Middle English,1150 CE - 1500 CE
board,bord,Old English,450 CE - 1150 CE
board,*bord,Proto-West Germanic,before 500 CE (unconfirmed)
board,*burdą,Proto-Germanic,500 BCE - 500 CE
board,*bʰerdʰ-,Proto-Indo-European,4500 BCE - 2500 BCE
writer,writer,Middle English,1150 CE - 1500 CE
writer,wrītere,Old English,450 CE - 1150 CE
platinum,platina,Spanish,1600 CE - present
कथासरित्सागर,कथा,Sanskrit,1500 BCE - present (liturgical/classical)
कथासरित्सागर,सरित,Sanskrit,1500 BCE - present (liturgical/classical)
कथासरित्सागर,सागर,Sanskrit,1500 BCE - present (liturgical/classical)
motorcycle,motor,English,1550 CE - present
motorcycle,cycle,English,1550 CE - present
तनू,*tanúHs,Proto-Indo-Iranian,2200 BCE - 1800 BCE
तनू,*tenuh₂-,Proto-Indo-European,4500 BCE - 2500 BCE
अलग,अलग्न,Sanskrit,1500 BCE - present (liturgical/classical)
receipt,receipt,Middle English,1150 CE - 1500 CE
receipt,receite,Old Northern French,not available
receipt,recete,Old French,800 CE - 1400 CE
receipt,receptus,Latin,700 BCE - 500 CE
party,party,Middle English,1150 CE - 1500 CE
party,partie,Anglo-Norman,not available
party,partīta,Medieval Latin,600 CE - 1400 CE
party,partīta,Latin,700 BCE - 500 CE
party,parti,Old French,800 CE - 1400 CE
party,partītus,Latin,700 BCE - 500 CE
नाश,*nāśás,Proto-Indo-Aryan,2000 BCE - 1500 BCE
नाश,*nāćás,Proto-Indo-Iranian,2200 BCE - 1800 BCE
meeting,meeting,Middle English,1150 CE - 1500 CE
meeting,mēting,Old English,450 CE - 1150 CE
meeting,metynge,Middle English,1150 CE - 1500 CE
meeting,mētende,Old English,450 CE - 1150 CE
meeting,*mōtijandz,Proto-Germanic,500 BCE - 500 CE
meeting,*mōtijaną,Proto-Germanic,500 BCE - 500 CE
boot,boote,Middle English,1150 CE - 1500 CE
boot,bote,Old French,800 CE - 1400 CE
boot,bot,Old French,800 CE - 1400 CE
boot,*butt,Frankish,not available
boot,*buttaz,Proto-Germanic,500 BCE - 500 CE
boot,*bʰewt-,Proto-Indo-European,4500 BCE - 2500 BCE
boot,bōt,Old English,450 CE - 1150 CE
boot,*bōtō,Proto-Germanic,500 BCE - 500 CE
boot,*bʰed-,Proto-Indo-European,4500 BCE - 2500 BCE
boot,bootstrap,English,1550 CE - present
boat,bot,Middle English,1150 CE - 1500 CE
boat,bāt,Old English,450 CE - 1150 CE
boat,*baitaz,Proto-Germanic,500 BCE - 500 CE
boat,*bʰeyd-,Proto-Indo-European,4500 BCE - 2500 BCE
bill,bill,Middle English,1150 CE - 1500 CE
bill,bil,Old English,450 CE - 1150 CE
bill,*bilją,Proto-Germanic,500 BCE - 500 CE
bill,*bʰeyH-,Proto-Indo-European,4500 BCE - 2500 BCE
bill,bile,Old English,450 CE - 1150 CE
bill,bille,Middle English,1150 CE - 1500 CE
bill,bille,Anglo-Norman,not available
bill,bulle,Old French,800 CE - 1400 CE
bill,bulla,Medieval Latin,600 CE - 1400 CE
पयस्,*páyHas,Proto-Indo-Iranian,2200 BCE - 1800 BCE
पयस्,*peyH-,Proto-Indo-European,4500 BCE - 2500 BCE
सव्य,*sawyás,Proto-Indo-Iranian,2200 BCE - 1800 BCE
सव्य,*sewyós,Proto-Indo-European,4500 BCE - 2500 BCE
क्षिति,*gẓʰítiṣ,Proto-Indo-Aryan,2000 BCE - 1500 BCE
क्षिति,*gžʰítiš,Proto-Indo-Iranian,2200 BCE - 1800 BCE
क्षिति,*dʰgʷʰítis,Proto-Indo-European,4500 BCE - 2500 BCE
क्षिति,*ṭṣítiṣ,Proto-Indo-Aryan,2000 BCE - 1500 BCE
क्षिति,*ćšítiš,Proto-Indo-Iranian,2200 BCE - 1800 BCE
वसति,*Hwásati,Proto-Indo-Aryan,2000 BCE - 1500 BCE
वसति,*Hwásati,Proto-Indo-Iranian,2200 BCE - 1800 BCE
वसति,*h₂wéseti,Proto-Indo-European,4500 BCE - 2500 BCE
railway,rail,English,1550 CE - present
railway,way,English,1550 CE - present
Belgium,Belgium,Latin,700 BCE - 500 CE
Graham,grand,Old English,450 CE - 1150 CE
गेह,*gʰr̥dʰás,Proto-Indo-Aryan,2000 BCE - 1500 BCE
गेह,*gʰr̥dʰás,Proto-Indo-Iranian,2200 BCE - 1800 BCE
गेह,*gʰr̥dʰós,Proto-Indo-European,4500 BCE - 2500 BCE
साल,ŠNT,Middle Persian,300 BCE - 651 CE
साल,𐎰𐎼𐎭,Old Persian,600 BCE - 300 BCE
साल,*ćarHáts,Proto-Indo-Iranian,2200 BCE - 1800 BCE
साल,शाल,Sanskrit,1500 BCE - present (liturgical/classical)
साल,शल्य,Sanskrit,1500 BCE - present (liturgical/classical)
साल,शाला,Sanskrit,1500 BCE - present (liturgical/classical)
साल,शृगाल,Sanskrit,1500 BCE - present (liturgical/classical)
سال,𐭱𐭭𐭲,Middle Persian,300 BCE - 651 CE
سال,𐎰𐎼𐎭,Old Persian,600 BCE - 300 BCE
कृत,*kr̥tás,Proto-Indo-Iranian,2200 BCE - 1800 BCE
church,chirche,Middle English,1150 CE - 1500 CE
church,ċiriċe,Old English,450 CE - 1150 CE
church,*kirikā,Proto-West Germanic,before 500 CE (unconfirmed)
church,κυριακόν,Ancient Greek,1500 BCE - 300 BCE
church,*ḱewh₁-,Proto-Indo-European,4500 BCE - 2500 BCE
coat,cote,Middle English,1150 CE - 1500 CE
coat,cote,Old French,800 CE - 1400 CE
coat,cotta,Latin,700 BCE - 500 CE
coat,*kuttô,Proto-Germanic,500 BCE - 500 CE
coat,*gʷewd-,Proto-Indo-European,4500 BCE - 2500 BCE
bale,bale,Middle English,1150 CE - 1500 CE
bale,bealu,Old English,450 CE - 1150 CE
bale,*balu,Proto-West Germanic,before 500 CE (unconfirmed)
bale,*balwą,Proto-Germanic,500 BCE - 500 CE
bale,bǣl,Old English,450 CE - 1150 CE
bale,*bēlą,Proto-Germanic,500 BCE - 500 CE
bale,*bʰel-,Proto-Indo-European,4500 BCE - 2500 BCE
bale,bale,Old French,800 CE - 1400 CE
bale,bala,Medieval Latin,600 CE - 1400 CE
മലയാളം,മല,Malayalam,1200 CE - present (disputed)
മലയാളം,അളം,Malayalam,1200 CE - present (disputed)
മലയാളം,ആൾ,Malayalam,1200 CE - present (disputed)
മലയാളം,-അം,Malayalam,1200 CE - present (disputed)
अरबी,عَرَبِيّ,Arabic,600 CE - present
अरबी,आलुकी,Sanskrit,1500 BCE - present (liturgical/classical)
फ़िरंगी,franc,Old French,800 CE - 1400 CE
franc,francus,Latin,700 BCE - 500 CE
dozen,dozen,Middle English,1150 CE - 1500 CE
dozen,dozaine,Old French,800 CE - 1400 CE
dozen,duodecim,Latin,700 BCE - 500 CE
Andrew,Ἀνδρέας,Ancient Greek,1500 BCE - 300 BCE
अधिकारिन्,अधिकार,Sanskrit,1500 BCE - present (liturgical/classical)
अधिकारिन्,-इन्,Sanskrit,1500 BCE - present (liturgical/classical)
मुक्त,*muktás,Proto-Indo-Iranian,2200 BCE - 1800 BCE
fee,fee,Middle English,1150 CE - 1500 CE
fee,feoh,Old English,450 CE - 1150 CE
fee,fieu,Old French,800 CE - 1400 CE
fee,fevum,Medieval Latin,600 CE - 1400 CE
fee,*fehu,Frankish,not available
fee,*fehu,Proto-Germanic,500 BCE - 500 CE
fee,*péḱu,Proto-Indo-European,4500 BCE - 2500 BCE
company,companye,Middle English,1150 CE - 1500 CE
company,compaignie,Old French,800 CE - 1400 CE
judge,juge,Middle English,1150 CE - 1500 CE
judge,juge,Old French,800 CE - 1400 CE
judge,iūdex,Latin,700 BCE - 500 CE
judge,jugen,Middle English,1150 CE - 1500 CE
judge,juger,Anglo-Norman,not available
judge,jugier,Old French,800 CE - 1400 CE
judge,iūdicō,Latin,700 BCE - 500 CE
ज,*ȷ́ás,Proto-Indo-Aryan,2000 BCE - 1500 BCE
ज,*ȷ́ás,Proto-Indo-Iranian,2200 BCE - 1800 BCE
ज,*ǵenh₁-,Proto-Indo-European,4500 BCE - 2500 BCE
सदाशिव,सदा,Sanskrit,1500 BCE - present (liturgical/classical)
सदाशिव,शिव,Sanskrit,1500 BCE - present (liturgical/classical)
tar,ter,Middle English,1150 CE - 1500 CE
tar,teoru,Old English,450 CE - 1150 CE
tar,*teru,Proto-West Germanic,before 500 CE (unconfirmed)
tar,*terwą,Proto-Germanic,500 BCE - 500 CE
tar,*derwo-,Proto-Indo-European,4500 BCE - 2500 BCE
tar,تار,Persian,1000 CE - present
tar,طار,Arabic,600 CE - present
रोकड़,रोक,Sanskrit,1500 BCE - present (liturgical/classical)
रोक,*rawkás,Proto-Indo-Iranian,2200 BCE - 1800 BCE
वक्त्र,*wáktram,Proto-Indo-Aryan,2000 BCE - 1500 BCE
वक्त्र,*wáktram,Proto-Indo-Iranian,2200 BCE - 1800 BCE
वक्त्र,*wókʷtlom,Proto-Indo-European,4500 BCE - 2500 BCE
षष्टि,*ṣwaṭṣHtí,Proto-Indo-Aryan,2000 BCE - 1500 BCE
षष्टि,*šwaćšHtí,Proto-Indo-Iranian,2200 BCE - 1800 BCE
षष्टि,*swéḱsh₁ḱomt,Proto-Indo-European,4500 BCE - 2500 BCE
शास्त्रिन्,शास्त्र,Sanskrit,1500 BCE - present (liturgical/classical)
शास्त्रिन्,-इन्,Sanskrit,1500 BCE - present (liturgical/classical)
उक्षन्,*(H)ukšā́,Proto-Indo-Iranian,2200 BCE - 1800 BCE
उक्षन्,*uksḗn,Proto-Indo-European,4500 BCE - 2500 BCE
बधिर,*bʰodʰHrós,Proto-Indo-European,4500 BCE - 2500 BCE
मशक,*makáśas,Proto-Indo-Aryan,2000 BCE - 1500 BCE
मशक,*makáćas,Proto-Indo-Iranian,2200 BCE - 1800 BCE
पिङ्ग,*peyḱ-,Proto-Indo-European,4500 BCE - 2500 BCE
टोपी,टोपिका,Sanskrit,1500 BCE - present (liturgical/classical)
शास्ति,*śáHsti,Proto-Indo-Aryan,2000 BCE - 1500 BCE
शास्ति,*ćáHsti,Proto-Indo-Iranian,2200 BCE - 1800 BCE
मदिरा,*meh₂d-,Proto-Indo-European,4500 BCE - 2500 BCE
second,secunde,Middle English,1150 CE - 1500 CE
second,second,Old French,800 CE - 1400 CE
second,secundus,Latin,700 BCE - 500 CE
second,*sekʷ-,Proto-Indo-European,4500 BCE - 2500 BCE
second,seconde,Old French,800 CE - 1400 CE
second,secunda,Medieval Latin,600 CE - 1400 CE
second,seconder,Middle French,1340 CE - 1610 CE
second,secundō,Latin,700 BCE - 500 CE
गुद,*gudá-,Proto-Indo-Iranian,2200 BCE - 1800 BCE
bank,banke,Middle English,1150 CE - 1500 CE
bank,banque,Middle French,1340 CE - 1610 CE
bank,banca,Italian,1400 CE - present
bank,bank,Lombardic,not available
bank,*banki,Proto-West Germanic,before 500 CE (unconfirmed)
bank,*bankiz,Proto-Germanic,500 BCE - 500 CE
bank,*bʰeg-,Proto-Indo-European,4500 BCE - 2500 BCE
bank,bank,Middle English,1150 CE - 1500 CE
bank,hōbanca,Old English,450 CE - 1150 CE
bank,banc,Old English,450 CE - 1150 CE
bank,*bankô,Proto-Germanic,500 BCE - 500 CE
bank,banc,Old French,800 CE - 1400 CE
bank,*bank,Frankish,not available
bank,banc,French,1600 CE - present
स्वामिन्,*s(u)w-o-,Proto-Indo-European,4500 BCE - 2500 BCE
शर्मन्,*śárma,Proto-Indo-Aryan,2000 BCE - 1500 BCE
शर्मन्,*ćárma,Proto-Indo-Iranian,2200 BCE - 1800 BCE
महाराजन्,महा,Sanskrit,1500 BCE - present (liturgical/classical)
महाराजन्,राजन्,Sanskrit,1500 BCE - present (liturgical/classical)
जङ्घा,*źʰángʰaH,Proto-Indo-Aryan,2000 BCE - 1500 BCE
जङ्घा,*ȷ́ʰángʰas,Proto-Indo-Iranian,2200 BCE - 1800 BCE
जङ्घा,*ǵʰengʰ-,Proto-Indo-European,4500 BCE - 2500 BCE
स्वप्न,*swápnas,Proto-Indo-Iranian,2200 BCE - 1800 BCE
स्वप्न,*swépnos,Proto-Indo-European,4500 BCE - 2500 BCE
हवेली,حَوَالَيْ,Arabic,600 CE - present
भूत,*bʰuHtás,Proto-Indo-Iranian,2200 BCE - 1800 BCE
गाथा,*gaHtʰáH,Proto-Indo-Aryan,2000 BCE - 1500 BCE
गाथा,*gaHtʰáH,Proto-Indo-Iranian,2200 BCE - 1800 BCE
plaster,plaster,Old English,450 CE - 1150 CE
plaster,plastrum,Latin,700 BCE - 500 CE
plaster,emplastrum,Latin,700 BCE - 500 CE
fiddle,fithele,Middle English,1150 CE - 1500 CE
fiddle,fiþele,Old English,450 CE - 1150 CE
glass,glas,Middle English,1150 CE - 1500 CE
glass,glæs,Old English,450 CE - 1150 CE
glass,*glasą,Proto-Germanic,500 BCE - 500 CE
चूडामणि,चूडा,Sanskrit,1500 BCE - present (liturgical/classical)
चूडामणि,मणि,Sanskrit,1500 BCE - present (liturgical/classical)
gate,gate,Middle English,1150 CE - 1500 CE
gate,gæt,Old English,450 CE - 1150 CE
gate,*gatą,Proto-Germanic,500 BCE - 500 CE
gate,gata,Old Norse,700 CE - 1350 CE
gate,*gatwǭ,Proto-Germanic,500 BCE - 500 CE
क्षुर,*kšurás,Proto-Indo-Iranian,2200 BCE - 1800 BCE
ओजस्,*Háwǰas,Proto-Indo-Iranian,2200 BCE - 1800 BCE
त्यजति,*tyáȷ́ati,Proto-Indo-Aryan,2000 BCE - 1500 BCE
त्यजति,*tyáǰati,Proto-Indo-Iranian,2200 BCE - 1800 BCE
त्यजति,*tyegʷ-,Proto-Indo-European,4500 BCE - 2500 BCE
Europe,Europe,Middle English,1150 CE - 1500 CE
Europe,Europa,Latin,700 BCE - 500 CE
Europe,Εὐρώπη,Ancient Greek,1500 BCE - 300 BCE
pizza,pizza,Neapolitan,not available
pizza,πίτα,Byzantine Greek,not available
pizza,pīnctus,Latin,700 BCE - 500 CE
pizza,pite,Albanian,not available
pizza,פִיתָּא,Aramaic,not available
hospital,hospital,Middle English,1150 CE - 1500 CE
hospital,hospital,Old French,800 CE - 1400 CE
hospital,hospitālis,Late Latin,200 CE - 600 CE
hospital,hospitālis,Latin,700 BCE - 500 CE
Anglo-,Anglo-,New Latin,not available
Anglo-,Anglī,Late Latin,200 CE - 600 CE
Anglo-,Anglia,Latin,700 BCE - 500 CE
Anglo-,anglo-,French,1600 CE - present
قابل,قَابِل,Arabic,600 CE - present
mental,mental,Middle French,1340 CE - 1610 CE
mental,mentālis,Late Latin,200 CE - 600 CE
अच्छ,accha,Pali,500 BCE - 1 CE
अच्छ,ऋक्ष,Sanskrit,1500 BCE - present (liturgical/classical)
ಕನ್ನಡ,ಕಱೆ,Kannada,450 CE - present
ಕನ್ನಡ,ನಾಡು,Kannada,450 CE - present
आज़ाद,ʾcʾt',Middle Persian,300 BCE - 651 CE
आज़ाद,*𐎠𐏀𐎠𐎫,Old Persian,600 BCE - 300 BCE
आज़ाद,*āzāta-,Proto-Iranian,not available
خریدن,𐫟𐫡𐫏𐫗𐫏𐫅‎,Middle Persian,300 BCE - 651 CE
خریدن,*krináHti,Proto-Indo-Iranian,2200 BCE - 1800 BCE
خریدن,*kʷrinéh₂ti,Proto-Indo-European,4500 BCE - 2500 BCE
mesa,mesa,Old Portuguese,870 CE - 1400 CE
mesa,mēsa,Vulgar Latin,100 BCE - 600 CE
mesa,mēnsa,Latin,700 BCE - 500 CE
mess,mesh,Middle English,1150 CE - 1500 CE
mess,mes,Middle English,1150 CE - 1500 CE
mess,mēse,Old English,450 CE - 1150 CE
mess,mes,Old French,800 CE - 1400 CE
mess,missum,Late Latin,200 CE - 600 CE
armário,armārium,Latin,700 BCE - 500 CE
camisa,camisa,Old Portuguese,870 CE - 1400 CE
camisa,camisia,Late Latin,200 CE - 600 CE
camisa,*hamiþiją,Proto-Germanic,500 BCE - 500 CE
camisa,*ḱam-,Proto-Indo-European,4500 BCE - 2500 BCE
एक,*Háykas,Proto-Indo-Aryan,2000 BCE - 1500 BCE
एक,*Háykas,Proto-Indo-Iranian,2200 BCE - 1800 BCE
एक,*óynos,Proto-Indo-European,4500 BCE - 2500 BCE
कृपा,*krep-,Proto-Indo-European,4500 BCE - 2500 BCE
स्वर्ग,*suHargás,Proto-Indo-Aryan,2000 BCE - 1500 BCE
स्वर्ग,*suHargás,Proto-Indo-Iranian,2200 BCE - 1800 BCE
sugar,sugre,Middle English,1150 CE - 1500 CE
sugar,sucre,Middle French,1340 CE - 1610 CE
sugar,çucre,Old French,800 CE - 1400 CE
sugar,zucchero,Old Italian,not available
sugar,sucre,Old Catalan,not available
sugar,سُكَّر,Arabic,600 CE - present
sugar,شکر,Persian,1000 CE - present
sugar,शर्करा,Sanskrit,1500 BCE - present (liturgical/classical)
क्षप्,*kṣáps,Proto-Indo-Aryan,2000 BCE - 1500 BCE
क्षप्,*kšáps,Proto-Indo-Iranian,2200 BCE - 1800 BCE
क्षप्,*kʷséps,Proto-Indo-European,4500 BCE - 2500 BCE
train,trayne,Middle English,1150 CE - 1500 CE
train,train,Old French,800 CE - 1400 CE
train,*traginō,Vulgar Latin,100 BCE - 600 CE
train,trahō,Latin,700 BCE - 500 CE
train,*dʰregʰ-,Proto-Indo-European,4500 BCE - 2500 BCE
train,traine,Anglo-Norman,not available
train,traïne,Middle French,1340 CE - 1610 CE
train,traan,Dutch,1500 CE - present
train,trâen,Middle Dutch,1150 CE - 1500 CE
train,trān,Old Dutch,600 CE - 1200 CE
train,*trahnuz,Proto-Germanic,500 BCE - 500 CE
copy,copy,Middle English,1150 CE - 1500 CE
copy,copie,Old French,800 CE - 1400 CE
copy,copia,Medieval Latin,600 CE - 1400 CE
copy,cōpia,Latin,700 BCE - 500 CE
भोजन,*bʰewg-,Proto-Indo-European,4500 BCE - 2500 BCE
ಅರಸು,राजन्,Sanskrit,1500 BCE - present (liturgical/classical)
दुस्-,*duš-,Proto-Indo-Aryan,2000 BCE - 1500 BCE
दुस्-,*duš-,Proto-Indo-Iranian,2200 BCE - 1800 BCE
दुस्-,*dus-,Proto-Indo-European,4500 BCE - 2500 BCE
ऋण,*Hr̥nás,Proto-Indo-Iranian,2200 BCE - 1800 BCE
taximètre,Taxameter,German,750 CE - present
taximètre,taxa,Medieval Latin,600 CE - 1400 CE
taximètre,τάξις,Ancient Greek,1500 BCE - 300 BCE
θεῖον,*dʰewh₂-,Proto-Indo-European,4500 BCE - 2500 BCE
आलु,*HaHlu,Proto-Indo-Aryan,2000 BCE - 1500 BCE
आलु,*HaHlu,Proto-Indo-Iranian,2200 BCE - 1800 BCE
आलु,*h₂eHlu,Proto-Indo-European,4500 BCE - 2500 BCE
new,newe,Middle English,1150 CE - 1500 CE
new,nīewe,Old English,450 CE - 1150 CE
new,*niwjaz,Proto-Germanic,500 BCE - 500 CE
new,*néwyos,Proto-Indo-European,4500 BCE - 2500 BCE
York,York,Middle English,1150 CE - 1500 CE
York,Jórk,Old Norse,700 CE - 1350 CE
York,Eoforwīċ,Old English,450 CE - 1150 CE
York,Eborācum,Latin,700 BCE - 500 CE
York,*Eβrọg,Proto-Brythonic,not available
Singapura,सिंह,Sanskrit,1500 BCE - present (liturgical/classical)
सिंहपुर,सिंह,Sanskrit,1500 BCE - present (liturgical/classical)
सिंहपुर,पुर,Sanskrit,1500 BCE - present (liturgical/classical)
March,marche,Anglo-Norman,not available
March,mars,Old French,800 CE - 1400 CE
Ἀφροδίτη,ἀφρο,Ancient Greek,1500 BCE - 300 BCE
Ἀφροδίτη,δίτη,Ancient Greek,1500 BCE - 300 BCE
Ἀφροδίτη,Ištar,Akkadian,not available
augustus,*augostos,Proto-Italic,1000 BCE - 700 BCE (disputed)
augustus,*h₂ewgostos,Proto-Indo-European,4500 BCE - 2500 BCE
octobre,october,Latin,700 BCE - 500 CE
novembre,november,Latin,700 BCE - 500 CE
decembre,december,Latin,700 BCE - 500 CE
decem,*dekem,Proto-Italic,1000 BCE - 700 BCE (disputed)
decem,*déḱm̥,Proto-Indo-European,4500 BCE - 2500 BCE
papa,papa,Middle French,1340 CE - 1610 CE
धूम,*dʰuHmás,Proto-Indo-Iranian,2200 BCE - 1800 BCE
धूम,*dʰuh₂mós,Proto-Indo-European,4500 BCE - 2500 BCE
barly,bærlīċ,Old English,450 CE - 1150 CE
नृ,*Hnā́,Proto-Indo-Aryan,2000 BCE - 1500 BCE
नृ,*Hnā́,Proto-Indo-Iranian,2200 BCE - 1800 BCE
नृ,*h₂nḗr,Proto-Indo-European,4500 BCE - 2500 BCE
بت,bwt',Middle Persian,300 BCE - 651 CE
इति,*éy,Proto-Indo-European,4500 BCE - 2500 BCE
ह,*gʷʰen-,Proto-Indo-European,4500 BCE - 2500 BCE
ह,*ǵʰeh₁-,Proto-Indo-European,4500 BCE - 2500 BCE
आस,*HáHsas,Proto-Indo-Aryan,2000 BCE - 1500 BCE
आस,*HáHsas,Proto-Indo-Iranian,2200 BCE - 1800 BCE
आस,*h₂eHs-,Proto-Indo-European,4500 BCE - 2500 BCE
आस,*Hā́sa,Proto-Indo-Aryan,2000 BCE - 1500 BCE
आस,*Hā́sa,Proto-Indo-Iranian,2200 BCE - 1800 BCE
आस,*h₁ós-m̥,Proto-Indo-European,4500 BCE - 2500 BCE
thee,teh,Malay,not available
thee,茶,Min Nan,not available
茶,*la¹,Proto-Loloish,not available
茶,*s-la,Proto-Sino-Tibetan,not available
omnibus,omnibus,French,1600 CE - present
omnibus,omnibus,Latin,700 BCE - 500 CE
धान्य,*dʰeh₁(y)-,Proto-Indo-European,4500 BCE - 2500 BCE
metrum,μέτρον,Ancient Greek,1500 BCE - 300 BCE
μέτρον,*meh₁-,Proto-Indo-European,4500 BCE - 2500 BCE
चित्र,*čitrás,Proto-Indo-Iranian,2200 BCE - 1800 BCE
भानु,*bʰaHnúṣ,Proto-Indo-Aryan,2000 BCE - 1500 BCE
भानु,*bʰaHnúš,Proto-Indo-Iranian,2200 BCE - 1800 BCE
वि-,*wi,Proto-Indo-European,4500 BCE - 2500 BCE
इ,*Hay-,Proto-Indo-Aryan,2000 BCE - 1500 BCE
इ,*Hay-,Proto-Indo-Iranian,2200 BCE - 1800 BCE
इ,*h₁ey-,Proto-Indo-European,4500 BCE - 2500 BCE
-अ,*-os,Proto-Indo-European,4500 BCE - 2500 BCE
ἀββα,אַבָּא,Aramaic,not available
गण,*h₂ger-,Proto-Indo-European,4500 BCE - 2500 BCE
प्रभा,*pro-,Proto-Indo-European,4500 BCE - 2500 BCE
pak,*pæcca,Old English,450 CE - 1150 CE
pak,pak,Middle Dutch,1150 CE - 1500 CE
pak,*pakkô,Proto-Germanic,500 BCE - 500 CE
हिम,*źʰimás,Proto-Indo-Aryan,2000 BCE - 1500 BCE
हिम,*ȷ́ʰimás,Proto-Indo-Iranian,2200 BCE - 1800 BCE
हिम,*ǵʰéyōm,Proto-Indo-European,4500 BCE - 2500 BCE
राष्ट्रपति,राष्ट्र,Sanskrit,1500 BCE - present (liturgical/classical)
राष्ट्रपति,पति,Sanskrit,1500 BCE - present (liturgical/classical)
regol,regula,Latin,700 BCE - 500 CE
Περσίς,𐎱𐎠𐎼𐎿,Old Persian,600 BCE - 300 BCE
بغداد,𐭡𐭢𐭣𐭲,Middle Persian,300 BCE - 651 CE
بغداد,*Bagadātaʰ,Old Persian,600 BCE - 300 BCE
भू,*bʰuH-,Proto-Indo-European,4500 BCE - 2500 BCE
dywʾn',ṭuppum,Akkadian,not available
dywʾn',𒁾,Sumerian,not available
dywʾn',*h₂wes-,Proto-Indo-European,4500 BCE - 2500 BCE
पद,*padám,Proto-Indo-Aryan,2000 BCE - 1500 BCE
पद,*padám,Proto-Indo-Iranian,2200 BCE - 1800 BCE
पद,*ped-,Proto-Indo-European,4500 BCE - 2500 BCE
अंश,*Hánćas,Proto-Indo-Iranian,2200 BCE - 1800 BCE
अंश,*h₁ónḱos,Proto-Indo-European,4500 BCE - 2500 BCE
आयुस्,*Hā́yu,Proto-Indo-Aryan,2000 BCE - 1500 BCE
आयुस्,*Hā́yu,Proto-Indo-Iranian,2200 BCE - 1800 BCE
आयुस्,*h₂óyu,Proto-Indo-European,4500 BCE - 2500 BCE
वेद,*weyd-,Proto-Indo-European,4500 BCE - 2500 BCE
bombus,βόμβος,Ancient Greek,1500 BCE - 300 BCE
degre,degré,Old French,800 CE - 1400 CE
gradus,*graðus,Proto-Italic,1000 BCE - 700 BCE (disputed)
gradus,*gʰredʰ-,Proto-Indo-European,4500 BCE - 2500 BCE
koffie,caffè,Italian,1400 CE - present
koffie,قهوه,Ottoman Turkish,not available
koffie,قَهْوَة,Arabic,600 CE - present
caffè,قهوه,Ottoman Turkish,not available
caffè,قَهْوَة,Arabic,600 CE - present
قهوه,قَهْوَة,Arabic,600 CE - present
governour,gouvreneur,Old French,800 CE - 1400 CE
governour,gubernātor,Latin,700 BCE - 500 CE
न,*ná,Proto-Indo-Aryan,2000 BCE - 1500 BCE
न,*ná,Proto-Indo-Iranian,2200 BCE - 1800 BCE
न,*ne,Proto-Indo-European,4500 BCE - 2500 BCE
numerus,*nomezos,Proto-Italic,1000 BCE - 700 BCE (disputed)
numerus,*nem-,Proto-Indo-European,4500 BCE - 2500 BCE
ynke,enque,Old French,800 CE - 1400 CE
ynke,encaustum,Latin,700 BCE - 500 CE
ynke,ἔγκαυστον,Ancient Greek,1500 BCE - 300 BCE
stampen,*stampian,Old English,450 CE - 1150 CE
stampen,*stampijan,Proto-West Germanic,before 500 CE (unconfirmed)
stampen,*stampōną,Proto-Germanic,500 BCE - 500 CE
मूष्,*múh₂s,Proto-Indo-European,4500 BCE - 2500 BCE
Jepang,日本,Min Nan,not available
Ériu,*Φīweryū,Proto-Celtic,1000 BCE - 500 BCE (disputed)
Ériu,*piHweryon-,Proto-Indo-European,4500 BCE - 2500 BCE
ἥλιος,*hāwélios,Proto-Hellenic,2200 BCE - 1800 BCE
ἥλιος,*sóh₂wl̥,Proto-Indo-European,4500 BCE - 2500 BCE
fluor,*bʰlew-,Proto-Indo-European,4500 BCE - 2500 BCE
calx,χάλιξ,Ancient Greek,1500 BCE - 300 BCE
calx,*klHk(ᵂ)-(n)-,Proto-Indo-European,4500 BCE - 2500 BCE
chrome,χρῶμα,Ancient Greek,1500 BCE - 300 BCE
χρῶμα,*gʰrēw-,Proto-Indo-European,4500 BCE - 2500 BCE
bere,bera,Old English,450 CE - 1150 CE
bere,*berō,Proto-West Germanic,before 500 CE (unconfirmed)
bere,*berô,Proto-Germanic,500 BCE - 500 CE
europaeus,Εὐρωπαῖος,Ancient Greek,1500 BCE - 300 BCE
London,Lunden,Old English,450 CE - 1150 CE
London,Londinium,Latin,700 BCE - 500 CE
Lunden,Londinium,Latin,700 BCE - 500 CE
Lunden,*Lundeinju,Vulgar Latin,100 BCE - 600 CE
Londinium,*Londinyom,Proto-Celtic,1000 BCE - 500 BCE (disputed)
Londinium,*lendʰ-,Proto-Indo-European,4500 BCE - 2500 BCE
Londinium,*plew-,Proto-Indo-European,4500 BCE - 2500 BCE
riban,riban,Old French,800 CE - 1400 CE
riban,*bandiz,Proto-Germanic,500 BCE - 500 CE
silver,seolfor,Old English,450 CE - 1150 CE
seolfor,*silubr,Proto-West Germanic,before 500 CE (unconfirmed)
Silberhochzeit,Silber,German,750 CE - present
Silberhochzeit,Hochzeit,German,750 CE - present
bord,bord,Old English,450 CE - 1150 CE
bord,*bord,Proto-West Germanic,before 500 CE (unconfirmed)
bord,*burdą,Proto-Germanic,500 BCE - 500 CE
writer,wrītere,Old English,450 CE - 1150 CE
platina,platine,French,1600 CE - present
motor,mōtō,Latin,700 BCE - 500 CE
cycle,cicle,Middle English,1150 CE - 1500 CE
cycle,cyclus,Late Latin,200 CE - 600 CE
cycle,κύκλος,Ancient Greek,1500 BCE - 300 BCE
cycle,*kʷékʷlos,Proto-Indo-European,4500 BCE - 2500 BCE
bote,*bautan,Frankish,not available
bote,buttis,Latin,700 BCE - 500 CE
bot,*paddǭ,Proto-Germanic,500 BCE - 500 CE
bot,*buttan,Frankish,not available
bootstrap,boot,English,1550 CE - present
bootstrap,strap,English,1550 CE - present
bot,bāt,Old English,450 CE - 1150 CE
bot,búð,Old Norse,700 CE - 1350 CE
bot,batt,Old English,450 CE - 1150 CE
bot,bōt,Old English,450 CE - 1150 CE
bot,bote,Old French,800 CE - 1400 CE
bil,*bilją,Proto-Germanic,500 BCE - 500 CE
bulle,bulla,Latin,700 BCE - 500 CE
way,way,Middle English,1150 CE - 1500 CE
way,weġ,Old English,450 CE - 1150 CE
way,*weg,Proto-West Germanic,before 500 CE (unconfirmed)
way,*wegaz,Proto-Germanic,500 BCE - 500 CE
way,*weǵʰ-,Proto-Indo-European,4500 BCE - 2500 BCE
ŠNT,𐎰𐎼𐎭,Old Persian,600 BCE - 300 BCE
ŠNT,*carHdáh,Proto-Iranian,not available
ŠNT,*ćarHáts,Proto-Indo-Iranian,2200 BCE - 1800 BCE
ŠNT,*ḱelh₁-,Proto-Indo-European,4500 BCE - 2500 BCE
𐎰𐎼𐎭,*carHdáh,Proto-Iranian,not available
शल्य,*ḱel(h₃)-,Proto-Indo-European,4500 BCE - 2500 BCE
chirche,ċiriċe,Old English,450 CE - 1150 CE
chirche,*kirikā,Proto-West Germanic,before 500 CE (unconfirmed)
chirche,κυριακόν,Ancient Greek,1500 BCE - 300 BCE
cote,cote,Old French,800 CE - 1400 CE
cote,cotta,Latin,700 BCE - 500 CE
cote,*kuttô,Proto-Germanic,500 BCE - 500 CE
cotta,*kuttô,Proto-Germanic,500 BCE - 500 CE
bale,bealu,Old English,450 CE - 1150 CE
bale,*balu,Proto-West Germanic,before 500 CE (unconfirmed)
bale,*balwą,Proto-Germanic,500 BCE - 500 CE
bale,bǣl,Old English,450 CE - 1150 CE
bale,bál,Old Norse,700 CE - 1350 CE
bale,*bēlą,Proto-Germanic,500 BCE - 500 CE
bale,balla,Medieval Latin,600 CE - 1400 CE
bale,balla,Old High German,750 CE - 1050 CE
bale,*balluz,Proto-Germanic,500 BCE - 500 CE
bealu,*balu,Proto-West Germanic,before 500 CE (unconfirmed)
francus,*Frankō,Frankish,not available
francus,*frankô,Proto-Germanic,500 BCE - 500 CE
-इन्,*-iHnas,Proto-Indo-Iranian,2200 BCE - 1800 BCE
-इन्,*-iHnos,Proto-Indo-European,4500 BCE - 2500 BCE
feoh,*fehu,Proto-Germanic,500 BCE - 500 CE
fieu,*fehu,Frankish,not available
fieu,*fehu,Proto-Germanic,500 BCE - 500 CE
fieu,*peḱu-,Proto-Indo-European,4500 BCE - 2500 BCE
companye,compaignie,Old French,800 CE - 1400 CE
juge,juge,Old French,800 CE - 1400 CE
juge,iudex,Latin,700 BCE - 500 CE
juge,iūdicem,Latin,700 BCE - 500 CE
jugen,jugier,Old French,800 CE - 1400 CE
सदा,*sádaH,Proto-Indo-Iranian,2200 BCE - 1800 BCE
ter,teoru,Old English,450 CE - 1150 CE
ter,*terwą,Proto-Germanic,500 BCE - 500 CE
ter,*dérwom,Proto-Indo-European,4500 BCE - 2500 BCE
teoru,*terwą,Proto-Germanic,500 BCE - 500 CE
teoru,*derwo-,Proto-Indo-European,4500 BCE - 2500 BCE
teoru,*dóru,Proto-Indo-European,4500 BCE - 2500 BCE
تار,*temH-,Proto-Indo-European,4500 BCE - 2500 BCE
تار,*tánθram,Proto-Iranian,not available
تار,*ten-,Proto-Indo-European,4500 BCE - 2500 BCE
secunde,second,Old French,800 CE - 1400 CE
secunde,secundus,Latin,700 BCE - 500 CE
secunde,seconde,Old French,800 CE - 1400 CE
secunde,secunda,Medieval Latin,600 CE - 1400 CE
second,secundus,Latin,700 BCE - 500 CE
secundus,*sekʷontinos,Proto-Italic,1000 BCE - 700 BCE (disputed)
banque,banca,Italian,1400 CE - present
banque,bank,Old High German,750 CE - 1050 CE
banque,*banki,Proto-West Germanic,before 500 CE (unconfirmed)
banque,*bankiz,Proto-Germanic,500 BCE - 500 CE
banca,bank,Lombardic,not available
banca,*banki,Proto-West Germanic,before 500 CE (unconfirmed)
banca,*bankiz,Proto-Germanic,500 BCE - 500 CE
banca,*bʰeg-,Proto-Indo-European,4500 BCE - 2500 BCE
bank,hōbanca,Old English,450 CE - 1150 CE
bank,banc,Old English,450 CE - 1150 CE
bank,*bankô,Proto-Germanic,500 BCE - 500 CE
banc,banc,Old High German,750 CE - 1050 CE
banc,*banki,Proto-West Germanic,before 500 CE (unconfirmed)
banc,*bankiz,Proto-Germanic,500 BCE - 500 CE
emplastrum,ἔμπλαστρον,Ancient Greek,1500 BCE - 300 BCE
glas,*glas,Proto-West Germanic,before 500 CE (unconfirmed)
glas,*glasą,Proto-Germanic,500 BCE - 500 CE
glæs,*glas,Proto-West Germanic,before 500 CE (unconfirmed)
glæs,*glasą,Proto-Germanic,500 BCE - 500 CE
glæs,*ǵʰel-,Proto-Indo-European,4500 BCE - 2500 BCE
gate,ġeat,Old English,450 CE - 1150 CE
gate,*gat,Proto-West Germanic,before 500 CE (unconfirmed)
gate,*gatą,Proto-Germanic,500 BCE - 500 CE
gate,gata,Old Norse,700 CE - 1350 CE
gate,*gatwǭ,Proto-Germanic,500 BCE - 500 CE
gata,*gatwǭ,Proto-Germanic,500 BCE - 500 CE
Europa,Εὐρώπᾱ,Ancient Greek,1500 BCE - 300 BCE
pite,*pītu-,Proto-Albanian,not available
hospital,hospital,Old French,800 CE - 1400 CE
hospital,hospitālis,Latin,700 BCE - 500 CE
hospital,hospitālis,Late Latin,200 CE - 600 CE
hospital,hospitālis,Latin,700 BCE - 500 CE
ऋक्ष,*Hŕ̥ćšas,Proto-Indo-Iranian,2200 BCE - 1800 BCE
ऋक्ष,*h₂ŕ̥tḱos,Proto-Indo-European,4500 BCE - 2500 BCE
ನಾಡು,ನಾಟ,Old Kannada,450 CE - 1200 CE
ನಾಡು,*nāṭu,Proto-Dravidian,3000 BCE - 1500 BCE (disputed)
mes,magis,Latin,700 BCE - 500 CE
mes,meōs,Latin,700 BCE - 500 CE
camisa,camisia,Late Latin,200 CE - 600 CE
camisa,*hamiþiją,Proto-Germanic,500 BCE - 500 CE
camisa,*ḱam-,Proto-Indo-European,4500 BCE - 2500 BCE
sugre,çucre,Old French,800 CE - 1400 CE
sugre,zuccaro,Old Italian,not available
sugre,سُكَّر,Arabic,600 CE - present
sugre,شکر,Persian,1000 CE - present
sugre,škl,Middle Persian,300 BCE - 651 CE
sugre,शर्करा,Sanskrit,1500 BCE - present (liturgical/classical)
çucre,sucre,Old Catalan,not available
çucre,سُكَّر,Arabic,600 CE - present
çucre,شکر,Persian,1000 CE - present
çucre,शर्करा,Sanskrit,1500 BCE - present (liturgical/classical)
شکر,𐭱𐭪𐭥,Middle Persian,300 BCE - 651 CE
شکر,𐨭𐨐𐨪,Gandhari,not available
شکر,शर्करा,Sanskrit,1500 BCE - present (liturgical/classical)
traan,trâen,Middle Dutch,1150 CE - 1500 CE
traan,trān,Old Dutch,600 CE - 1200 CE
traan,*trahnuz,Proto-Germanic,500 BCE - 500 CE
newe,nīewe,Old English,450 CE - 1150 CE
newe,*niwi,Proto-West Germanic,before 500 CE (unconfirmed)
newe,*niwjaz,Proto-Germanic,500 BCE - 500 CE
newe,*néwyos,Proto-Indo-European,4500 BCE - 2500 BCE
newe,nefa,Old English,450 CE - 1150 CE
York,Jórk,Old Norse,700 CE - 1350 CE
York,Eoforwīċ,Old English,450 CE - 1150 CE
mars,mārtius,Latin,700 BCE - 500 CE
Ištar,*ʕaṯtar-,Proto-Semitic,not available
bwt',Βοδδο,Bactrian,not available
bwt',𐨦𐨂𐨢,Gandhari,not available
bwt',बुद्ध,Sanskrit,1500 BCE - present (liturgical/classical)
teh,茶,Min Nan,not available
𐎱𐎠𐎼𐎿,*párcuš,Proto-Iranian,not available
ṭuppum,𒁾,Sumerian,not available
bera,*berô,Proto-Germanic,500 BCE - 500 CE
Silber,silber,Middle High German,1050 CE - 1500 CE
Silber,silbar,Old High German,750 CE - 1050 CE
Silber,*silubr,Proto-West Germanic,before 500 CE (unconfirmed)
Hochzeit,", ",Middle High German,1050 CE - 1500 CE
Hochzeit,hoch,German,750 CE - present
Hochzeit,Zeit,German,750 CE - present
platine,platina,Spanish,1600 CE - present
cicle,cyclus,Late Latin,200 CE - 600 CE
κύκλος,*kʷékʷlos,Proto-Indo-European,4500 BCE - 2500 BCE
buttis,πυτίνη,Ancient Greek,1500 BCE - 300 BCE
buttis,*bʰeHw-,Proto-Indo-European,4500 BCE - 2500 BCE
strap,strope,Middle English,1150 CE - 1500 CE
strap,strop,Old English,450 CE - 1150 CE
strap,estrope,Old French,800 CE - 1400 CE
strap,stroppus,Latin,700 BCE - 500 CE
strap,στρόφος,Ancient Greek,1500 BCE - 300 BCE
strap,*strebʰ-,Proto-Indo-European,4500 BCE - 2500 BCE
bulla,*bew-,Proto-Indo-European,4500 BCE - 2500 BCE
bál,*bēlą,Proto-Germanic,500 BCE - 500 CE
bál,*bʰel-,Proto-Indo-European,4500 BCE - 2500 BCE
iudex,*jowozdiks,Proto-Italic,1000 BCE - 700 BCE (disputed)
bank,*banki,Proto-West Germanic,before 500 CE (unconfirmed)
ನಾಟ,*nāṭu,Proto-Dravidian,3000 BCE - 1500 BCE (disputed)
magis,*-is,Proto-Indo-European,4500 BCE - 2500 BCE
magis,*magis,Proto-Italic,1000 BCE - 700 BCE (disputed)
magis,*méǵh₂yōs,Proto-Indo-European,4500 BCE - 2500 BCE
škl,𐨭𐨐𐨪,Gandhari,not available
škl,शर्करा,Sanskrit,1500 BCE - present (liturgical/classical)
nefa,*nefō,Proto-West Germanic,before 500 CE (unconfirmed)
nefa,*nefô,Proto-Germanic,500 BCE - 500 CE
nefa,*népōts,Proto-Indo-European,4500 BCE - 2500 BCE
बुद्ध,*buddʰás,Proto-Indo-Aryan,2000 BCE - 1500 BCE
बुद्ध,*bʰudᶻdʰás,Proto-Indo-Iranian,2200 BCE - 1800 BCE
बुद्ध,*bʰudʰtós,Proto-Indo-European,4500 BCE - 2500 BCE
silbar,*silubr,Proto-West Germanic,before 500 CE (unconfirmed)
hoch,hōch,Middle High German,1050 CE - 1500 CE
hoch,hōh,Old High German,750 CE - 1050 CE
hoch,*hauh,Proto-West Germanic,before 500 CE (unconfirmed)
hoch,*hauhaz,Proto-Germanic,500 BCE - 500 CE
hoch,*kewk-,Proto-Indo-European,4500 BCE - 2500 BCE
Zeit,zīt,Middle High German,1050 CE - 1500 CE
Zeit,zīt,Old High German,750 CE - 1050 CE
Zeit,*tīdiz,Proto-Germanic,500 BCE - 500 CE
Zeit,*déh₂itis,Proto-Indo-European,4500 BCE - 2500 BCE
stroppus,στρόφος,Ancient Greek,1500 BCE - 300 BCE
